row_index,doc_id,title,president,date,snippet_norm,verse_range,verse_text,match_proba,judgement,reason,confidence
5,-1002663161975271786,Remarks on Conservation at a Breakfast in Portland Saluting the Northwest-Southwest Power Transmission Intertie,Lyndon B. Johnson,1964-09-17,less for all the children of america than what i was privileged to have as a boy in the book of matthew it says the floods came and the winds blew and beat upon that house and it fell not for it was founded upon a rock the house of america is founded upon our land and if we keep that whole then the storm can rage but the house,Matthew 7:25,"And the rain descended, and the floods came, and the winds blew, and beat upon that house; and it fell not: for it was founded upon a rock.",0.879270409393551,TRUE,,0.9
17,-1010521977041331713,Toasts at a State Dinner Honoring President Sadat and Prime Minister Begin on the Occasion of the Egyptian-Israeli Peace Treaty,Jimmy Carter,1979-03-26,they represent the peace that was born today has a meaning that comes down to us through many years or generations even centuries in ancient days god promised abraham that from his seed would come many nations and as you know that promise has been fulfilled yet for much too long the people of israel and the people of egypt-two of the nations of the children of abraham trusting in the same god hoping for the same peace-knew only enmity between them that time thank god is now at an end now after 30 years,Genesis 17:4,"As for me, behold, my covenant is with thee, and thou shalt be a father of many nations.",0.7992821276363974,TRUE,,0.9
19,-1010521977041331713,Toasts at a State Dinner Honoring President Sadat and Prime Minister Begin on the Occasion of the Egyptian-Israeli Peace Treaty,Jimmy Carter,1979-03-26,in their hands and to turn history toward peace and i am thankful to them both theirs is the vision of the psalmist who said behold how good and how pleasant it is for brethren to dwell together in unity but this is an achievement not just of leaders but of peoples strong and creative peoples proud of past heritage and present achievements and wise,Psalms 133:1,"Behold, how good and how pleasant it is for brethren to dwell together in unity!",0.9826081015906418,TRUE,,1.0
21,-1010521977041331713,Toasts at a State Dinner Honoring President Sadat and Prime Minister Begin on the Occasion of the Egyptian-Israeli Peace Treaty,Jimmy Carter,1979-03-26,we pray for that time and we shall continue to work for that time this is a season of renewal when the earth brings forth life the koran tells us of a prophet and a king of israel for whom god's power made the violent wind blow tamely the old testament tells us the words of that same king the words of king solomon david's son for every thing there is a season and a time to every purpose under the heaven for centuries the people of israel were dispersed around the world often despised and persecuted for centuries the people of egypt suffered under foreign domination only in the past generation have these two proud and ancient peoples again become independent nations but that generation to use the words of king solomon has also been a time to die to pluck up that which was planted a time to kill a time of breaking down a time to mourn a time of weeping a time to lose a time to hate and a time for war we pray that the season of weeping is past and to continue the words of that same king that now will come a time to heal a time to plant a time to build up a time to laugh a time to dance a time to embrace a time to love we pray to god that at last the children of abraham have come to a time of peace and now,Ecclesiastes 3:1,"To every thing there is a season, and a time to every purpose under the heaven:",0.9861323219715212,TRUE,,0.95
26,-1010521977041331713,Toasts at a State Dinner Honoring President Sadat and Prime Minister Begin on the Occasion of the Egyptian-Israeli Peace Treaty,Jimmy Carter,1979-03-26,these two proud and ancient peoples again become independent nations but that generation to use the words of king solomon has also been a time to die to pluck up that which was planted a time to kill a time of breaking down a time to mourn a time of weeping a time to lose a time to hate and a time for war we pray that the season of weeping is past and to continue the words of that same king that now will come a time to heal a time to plant a time to build up a time to laugh a time to dance a time to embrace a time to love we pray to god that at last the children of abraham have come to a time of peace and now i would like to propose,Ecclesiastes 3:2,"A time to be born, and a time to die; a time to plant, and a time to pluck up that which was planted",0.9247415066336758,TRUE,,1.0
26,-1010521977041331713,Toasts at a State Dinner Honoring President Sadat and Prime Minister Begin on the Occasion of the Egyptian-Israeli Peace Treaty,Jimmy Carter,1979-03-26,these two proud and ancient peoples again become independent nations but that generation to use the words of king solomon has also been a time to die to pluck up that which was planted a time to kill a time of breaking down a time to mourn a time of weeping a time to lose a time to hate and a time for war we pray that the season of weeping is past and to continue the words of that same king that now will come a time to heal a time to plant a time to build up a time to laugh a time to dance a time to embrace a time to love we pray to god that at last the children of abraham have come to a time of peace and now i would like to propose,Ecclesiastes 3:3,"A time to kill, and a time to heal; a time to break down, and a time to build up",0.9247415066336758,TRUE,,1.0
26,-1010521977041331713,Toasts at a State Dinner Honoring President Sadat and Prime Minister Begin on the Occasion of the Egyptian-Israeli Peace Treaty,Jimmy Carter,1979-03-26,these two proud and ancient peoples again become independent nations but that generation to use the words of king solomon has also been a time to die to pluck up that which was planted a time to kill a time of breaking down a time to mourn a time of weeping a time to lose a time to hate and a time for war we pray that the season of weeping is past and to continue the words of that same king that now will come a time to heal a time to plant a time to build up a time to laugh a time to dance a time to embrace a time to love we pray to god that at last the children of abraham have come to a time of peace and now i would like to propose,Ecclesiastes 3:4,"A time to weep, and a time to laugh; a time to mourn, and a time to dance",0.9247415066336758,TRUE,,1.0
27,-1010521977041331713,Toasts at a State Dinner Honoring President Sadat and Prime Minister Begin on the Occasion of the Egyptian-Israeli Peace Treaty,Jimmy Carter,1979-03-26,these two proud and ancient peoples again become independent nations but that generation to use the words of king solomon has also been a time to die to pluck up that which was planted a time to kill a time of breaking down a time to mourn a time of weeping a time to lose a time to hate and a time for war we pray that the season of weeping is past and to continue the words of that same king that now will come a time to heal a time to plant a time to build up a time to laugh a time to dance a time to embrace a time to love we pray to god that at last the children of abraham have come to a time of peace and now i would like to propose a toast to the president of the arab republic of egypt anwar al-sadat and to the prime minister of the,Ecclesiastes 3:8,"A time to love, and a time to hate; a time of war, and a time of peace.",0.8810212826930346,TRUE,,1.0
32,-1024786889828551589,Remarks at the National Prayer Breakfast,Barack Obama,2011-02-03,is not what other people say about us but whether we're being true to our conscience and true to our god seek first his kingdom and his righteousness and all these things will be given to you as well as i travel across the country folks often ask me what is it that i pray,Matthew 6:33,"But seek ye first the kingdom of God, and his righteousness; and all these things shall be added unto you.",0.9459934179141803,TRUE,,0.95
38,-1024786889828551589,Remarks at the National Prayer Breakfast,Barack Obama,2011-02-03,the sins of the world that we most desperately seek to touch the face of god so my prayer this morning is that we might seek his face not only in those moments but each and every day that every day as we go through the hustle and bustle of our lives whether it's in,1 Chronicles 16:11,"Seek the LORD and his strength, seek his face continually.",0.1401457564117171,TRUE,,0.9
44,-1024786889828551589,Remarks at the National Prayer Breakfast,Barack Obama,2011-02-03,we might remember kaye the fact that those who wait on the lord will soar on wings like eagles and they will run and not be weary and they will walk and not faint when i wake in the morning i wait on the lord and i ask him to give me the strength to do right by our country,Isaiah 40:31,"But they that wait upon the LORD shall renew their strength; they shall mount up with wings as eagles; they shall run, and not be weary; and they shall walk, and not faint.",0.9409563470351778,TRUE,,0.95
59,-103733848765411322,"Remarks at ""Christmas in Washington""",Barack Obama,2012-12-09,or a shelter or protecting our freedom on a battlefield far from home let's keep them in our prayers and follow christ's calling to love one another as he has loved all of us merry christmas everybody god bless you and god bless these united states of america note the president spoke at 7:37 p.m,John 15:12,"This is my commandment, That ye love one another, as I have loved you.",0.5286980142969637,TRUE,,0.9
94,-1071414240191368109,"Address to the 41st Session of the United Nations General Assembly in New York, New York",Ronald Reagan,1986-09-22,the united nations-devotion to the dream of world peace and freedom of human rights and democratic self-determination of a time when in those ancient words and they shall beat their swords into plowshares nation shall not lift up sword against nation neither shall they learn war anymore the united states remains committed to the united nations for over 40 years this organization has provided an international forum for harmonizing conflicting,Isaiah 2:4,"And he shall judge among the nations, and shall rebuke many people: and they shall beat their swords into plowshares, and their spears into pruninghooks: nation shall not lift up sword against nation, neither shall they learn war any more.",0.6233737038287894,TRUE,,0.9
95,-1071414240191368109,"Address to the 41st Session of the United Nations General Assembly in New York, New York",Ronald Reagan,1986-09-22,the united nations-devotion to the dream of world peace and freedom of human rights and democratic self-determination of a time when in those ancient words and they shall beat their swords into plowshares nation shall not lift up sword against nation neither shall they learn war anymore the united states remains committed to the united nations for over 40 years this organization has provided an international forum for harmonizing conflicting,Micah 4:3,"And he shall judge among many people, and rebuke strong nations afar off; and they shall beat their swords into plowshares, and their spears into pruninghooks: nation shall not lift up a sword against nation, neither shall they learn war any more.",0.7431319753195382,TRUE,,0.9
101,-1080003787313149710,"Remarks at Andrews Air Force Base, Maryland, on the Shootings at the Capitol",William J. Clinton,1998-07-25,that justice is pursued meanwhile i would ask all americans to reflect for a moment on the human elements of yesterday's tragedy the scripture says greater love hath no man than this that he lay down his life for his friends officer jacob j.j chestnut and detective john gibson laid down their lives for their friends their coworkers and their fellow citizens those whom they,John 15:13,"Greater love hath no man than this, that a man lay down his life for his friends.",0.9838150755225236,TRUE,,1.0
106,-1085039065213600499,Remarks on Presenting the Presidential Medal of Freedom,Barack Obama,2011-02-15,in the truest sense of the word a man who not only dedicated his life to others but who lived that lesson of scripture greater love hath no man than this that a man lay down his life for his friends yo-yo ma has been a concert cellist since the age of 5 despite being a late bloomer laughter he went on to record over,John 15:13,"Greater love hath no man than this, that a man lay down his life for his friends.",0.9682737120695416,TRUE,,0.95
118,-1093941082132531235,The President's Weekly Address,Barack Obama,2010-12-25,a child who devoted his life to a message of peace love and redemption a message that says no matter who we are we are called to love one another we are our brother's keeper we are our sister's keeper our separate stories in this big and busy world are really one today we're also,John 15:17,"These things I command you, that ye love one another.",0.5726829697626529,TRUE,,0.8
139,-1124450693448602147,Remarks at the New York City Partnership Luncheon in New York,Ronald Reagan,1982-01-14,answer is nothing then the next question is what am i going to do about that tomorrow the bible talks of faith hope and charity and the greatest of these is charity the real meaning of the parable of the good samaritan has always been not so much the benefit that was done to the,1 Corinthians 13:13,"And now abideth faith, hope, charity, these three; but the greatest of these is charity.",0.9350100540741052,TRUE,,0.95
141,-1124450693448602147,Remarks at the New York City Partnership Luncheon in New York,Ronald Reagan,1982-01-14,the road where the beaten pilgrim lay bound up his wounds and carried him to the nearest town he didn't hurry on by and then when he got to town tell a caseworker that there was someone out there back,Luke 10:34,"And went to him, and bound up his wounds, pouring in oil and wine, and set him on his own beast, and brought him to an inn, and took care of him.",0.1150111919729304,TRUE,,0.8
153,-1140665034672148962,Remarks at a Memorial Service for Lawton Chiles,William J. Clinton,1999-01-28,was i looked through the scripture to find something that referenced how he started his political campaign and there's a verse in genesis which says arise walk through the land and the length of it and in the breadth of it for i will give it to thee i think in so many ways god gave florida to lawton so that he could give himself to the people of his,Genesis 13:17,"Arise, walk through the land in the length of it and in the breadth of it; for I will give it unto thee.",0.8845720964753248,TRUE,,0.9
162,-1144907048416279096,Radio Address to the Nation on the Strategic Defense Initiative,Ronald Reagan,1985-07-13,lives than to avenge them but another reason equally simple and compelling persuades us to its merit as the book of luke says if a strong man shall keep his court well guarded he shall live in peace well sdi our strategic defense initiative could prove crucial to guarding security,Luke 11:21,"When a strong man armed keepeth his palace, his goods are in peace:",0.8492555765873281,TRUE,,0.9
173,-1160743776852042504,Remarks at an Iowa Caucus Rally in Waterloo,Ronald Reagan,1984-02-20,the people and that's why america is moving forward with confidence again we're seeing a new dawn of hope for our people as the psalm says weeping may endure for a night but joy cometh in the morning we're still not where we want to be but look how far we've come we don't have 12.5-percent inflation anymore inflation is,Psalms 30:5,"For his anger endureth but a moment; in his favour is life: weeping may endure for a night, but joy cometh in the morning.",0.9381864718599368,TRUE,,0.95
194,-118552613748805624,Remarks at an Eid al-Fitr Reception,"Joseph R. Biden, Jr.",2022-05-02,each of us remember the work that remains to be unfinished here on earth-and there's a lot of it-to which god calls all his children you know that we should strive to show kindness and mercy understanding to one another and that we should do unto others as we wish to have done-do unto us sound familiar sound familiar in every language it's similar today we celebrate the incredible stories,Matthew 7:12,"Therefore all things whatsoever ye would that men should do to you, do ye even so to them: for this is the law and the prophets.",0.7566721164054736,TRUE,,0.9
209,-120419134968498396,"Remarks to the Community in Hackensack, New Jersey",William J. Clinton,1996-03-11,is at the core of the spiritual beliefs of nearly every american for catholics protestants jews muslims all could embrace the words of the psalmist the earth is the lord and the fullness thereof it is incredible to me now that the environment has for the first time in a generation become a source of,1 Corinthians 10:26,"For the earth is the Lord's, and the fulness thereof.",0.2650139742672541,TRUE,,0.9
223,-1220220088118845737,Remarks at an Easter Prayer Breakfast,Barack Obama,2011-04-19,extended to us that unfathomable gift of grace and salvation through his death and resurrection in the words of the book isaiah but he was wounded for our transgressions he was bruised for our iniquities the chastisement of our peace was upon him and with his stripes we are healed this magnificent grace this expansive grace this amazing grace calls me to reflect and it calls me to pray it calls me to ask god,Isaiah 53:5,"But he was wounded for our transgressions, he was bruised for our iniquities: the chastisement of our peace was upon him; and with his stripes we are healed.",0.9506226994211252,TRUE,,0.95
247,-1243771830843082054,Remarks at the Bethel A.M.E. Church in New York City,William J. Clinton,1994-09-25,is always a word from the lord i looked at the program and i saw the word from the lord isaiah 40:31 they that wait upon the lord shall renew their strength they will mount up with wings as eagles but i want to talk to you about the rest of the verse they shall run and not grow weary they shall walk and not faint now i have a simple message for you today the people who don't want us to get together and who have a very different,Isaiah 40:31,"But they that wait upon the LORD shall renew their strength; they shall mount up with wings as eagles; they shall run, and not be weary; and they shall walk, and not faint.",0.9752850859980686,TRUE,,1.0
248,-1243771830843082054,Remarks at the Bethel A.M.E. Church in New York City,William J. Clinton,1994-09-25,calendar piece and brought it into me and gave me what has ever since been my favorite verse of scripture from st paul's letter to the galatians let us not grow weary in doing good for in due season we shall reap if we do not lose heart i say to you today my fellow americans we've just been here 20 months we're 4.3 million jobs better we're a crime,Galatians 6:9,"And let us not be weary in well doing: for in due season we shall reap, if we faint not.",0.9770281081927848,TRUE,,1.0
278,-1268860067732872314,"Remarks on the Terrorist Attack at Hamid Karzai International Airport in Kabul, Afghanistan, and an Exchange With Reporters","Joseph R. Biden, Jr.",2021-08-26,best way to achieve those objectives those who have served through the ages have drawn inspiration from the book of isaiah when the lord says whom shall i send who shall go for us and the american military has been answering for a long time here am i lord send me here i am send me each one of these women and men of our armed forces are the heirs of that tradition of sacrifice,Isaiah 6:8,"Also I heard the voice of the Lord, saying, Whom shall I send, and who will go for us? Then said I, Here am I; send me.",0.9578687549873744,TRUE,,0.95
284,-1272529795719387797,The President's Radio Address,George W. Bush,2001-12-22,also saw many more acts of courage and kindness and love and these reflect the great hope of christmas a light shines in the darkness and the darkness shall not overcome it laura and i wish a very joyous holiday to all americans may the peace and good will of the season fill every heart,John 1:5,And the light shineth in darkness; and the darkness comprehended it not.,0.2015108974921559,TRUE,,0.9
289,-1277186615144831102,Remarks at the Annual National Prayer Breakfast,George Bush,1989-05-04,on providence and so what washington believed so strongly over 200 years ago it really is just as true today for without god's help we can do nothing and with it we can do great things for our children for the world so let me just thank you all for coming barbara and i are delighted to have you here,John 15:5,"I am the vine, ye are the branches: He that abideth in me, and I in him, the same bringeth forth much fruit: for without me ye can do nothing.",0.3302363909247257,TRUE,,0.9
295,-128140031307773610,Remarks at a White House Briefing on Religious Freedom in the Soviet Union,Ronald Reagan,1988-05-03,states and all the regions of the soviet union and if we pray we might want to use the words of the 22d psalm in thee our fathers trusted they trusted and thou didst deliver them to thee they cried out and were delivered in thee they trusted and were not disappointed i have to add a little something here recently a woman wrote me a letter and enclosed in the letter was a copy,Psalms 22:4,"Our fathers trusted in thee: they trusted, and thou didst deliver them.",0.9511384421057436,TRUE,,0.95
297,-128140031307773610,Remarks at a White House Briefing on Religious Freedom in the Soviet Union,Ronald Reagan,1988-05-03,of the 22d psalm in thee our fathers trusted they trusted and thou didst deliver them to thee they cried out and were delivered in thee they trusted and were not disappointed i have to add a little something here recently a woman wrote me a letter and enclosed in the letter was a copy,Psalms 22:5,"They cried unto thee, and were delivered: they trusted in thee, and were not confounded.",0.9876269640671288,TRUE,,0.99
303,-1282584277198303676,Inaugural Address,John F. Kennedy,1961-01-20,depths and encourage the arts and commerce let both sides unite to heed in all corners of the earth the command of isaiah--to undo the heavy burdens and let the oppressed go free and if a beach-head of cooperation may push back the jungle of suspicion let both sides join in creating a new endeavor not a new balance of,Isaiah 58:6,"Is not this the fast that I have chosen? to loose the bands of wickedness, to undo the heavy burdens, and to let the oppressed go free, and that ye break every yoke?",0.6030102433703077,TRUE,,0.9
304,-1282584277198303676,Inaugural Address,John F. Kennedy,1961-01-20,"need--not as a call to battle though embattled we are--but a call to bear the burden of a long twilight struggle year in and year out rejoicing in hope patient in tribulation""--a struggle against the common enemies of man tyranny poverty disease and war itself can we forge against these enemies a grand and global",Romans 12:12,Rejoicing in hope; patient in tribulation; continuing instant in prayer;,0.8915971925796405,TRUE,,0.9
360,-1317622743787625631,Visit of Prime Minister Menahem Begin of Israel Remarks of the President and the Prime Minister at the Welcoming Ceremony.,Jimmy Carter,1977-07-19,to him by quoting from isaiah from a bible which he and i both read given to us by god whom we both worship isaiah said and the work of righteousness shall be peace and the effects of righteousness quietness and assurance forever thank you very much and welcome sir at this point the prime minister responded his opening remarks were in hebrew and the,Isaiah 32:17,And the work of righteousness shall be peace; and the effect of righteousness quietness and assurance for ever.,0.9908673782228812,TRUE,,0.95
369,-1322996543360153272,Remarks at Kansas State University at the Alfred M. Landon Lecture Series on Public Issues,Ronald Reagan,1982-09-09,cry out or fall behind and that we tell them don't be afraid you're not alone you may have read the passage in the psalms which says weeping may endure for a night but joy cometh in the morning the american people have endured a long and terrible night lasting more than a decade and filled with one economic disappointment after another and today that,Psalms 30:5,"For his anger endureth but a moment; in his favour is life: weeping may endure for a night, but joy cometh in the morning.",0.9723244781525532,TRUE,,1.0
383,-1337037295705777296,Remarks to Employees at the Department of the Interior.,Richard Nixon,1969-02-19,best you have spoken about whether you are going to be last or first and i can say the spirit that you have will never be last and it could well be first thank you note the president spoke at 2:09 p.m in the auditorium at the department of the interior richard nixon remarks to,Matthew 19:30,But many that are first shall be last; and the last shall be first.,0.8475287637333507,TRUE,,0.95
421,-1372846821155260933,Remarks at the Welcoming Ceremony for the Freed American Hostages,Ronald Reagan,1981-01-27,my remarks were a sermon my text would be lines from the 126th psalm we were like those who dreamed now our mouth is filled with laughter and our tongue with shouts of joy the lord has done great things for us we are glad you've come home to a people who for 444 days suffered the pain of your imprisonment prayed for your safety,Psalms 126:1,"When the Lord turned again the captivity of Zion, we were like them that dream.",0.9470367933685242,TRUE,,0.95
421,-1372846821155260933,Remarks at the Welcoming Ceremony for the Freed American Hostages,Ronald Reagan,1981-01-27,my remarks were a sermon my text would be lines from the 126th psalm we were like those who dreamed now our mouth is filled with laughter and our tongue with shouts of joy the lord has done great things for us we are glad you've come home to a people who for 444 days suffered the pain of your imprisonment prayed for your safety,Psalms 126:2,"Then was our mouth filled with laughter, and our tongue with singing: then said they among the heathen, The LORD hath done great things for them.",0.9470367933685242,TRUE,,0.95
422,-1372846821155260933,Remarks at the Welcoming Ceremony for the Freed American Hostages,Ronald Reagan,1981-01-27,from the 126th psalm we were like those who dreamed now our mouth is filled with laughter and our tongue with shouts of joy the lord has done great things for us we are glad you've come home to a people who for 444 days suffered the pain of your imprisonment prayed for your safety and most importantly shared your,Psalms 126:3,The LORD hath done great things for us; whereof we are glad.,0.9438213022328638,TRUE,,0.9
423,-1372846821155260933,Remarks at the Welcoming Ceremony for the Freed American Hostages,Ronald Reagan,1981-01-27,us here today are families of the eight heroic men who gave their lives in the attempt to effect your rescue greater glory hath no man than that he lay down his life for another and with us also are colonel beckwith and some of the men who did return from that mission we ask god's special healing for those,John 15:13,"Greater love hath no man than this, that a man lay down his life for his friends.",0.4451390197645933,TRUE,,0.8
427,-1380057294701198855,The President's Thanksgiving Day Address to the Nation,Lyndon B. Johnson,1963-11-28,families in the mutual love and respect which we have for one another and as we bow our heads in submission to divine providence let us also thank god for the years that he gave us inspiration through his servant john f kennedy let us today renew our dedication to the ideals that are american let us pray for his divine wisdom in banishing from our land any injustice or intolerance or oppression to any of our fellow americans whatever their opinion whatever the color of their skins--for god made all of us not some of us in his image all of us not just some of us are his children and finally to you,Genesis 1:27,"So God created man in his own image, in the image of God created he him; male and female created he them.",0.3499257342237139,TRUE,,0.8
436,-1389201069818443630,"Remarks at the Annual Convention of the National Parent-Teacher Association in Albuquerque, New Mexico",Ronald Reagan,1983-06-15,of opportunity and just as important it's been the faithful servant of our democracy preserving the values and the freedoms that we hold so dear train up a child in the way he should go solomon wrote and when he is old he will not depart from it you in this room are the true guardians of that sacred trust you know that good education does not begin in some faraway bureaucracy it begins in,Proverbs 22:6,"Train up a child in the way he should go: and when he is old, he will not depart from it.",0.989375459828963,TRUE,,1.0
452,-141602003342251839,Christmas Greeting to the Nation,George W. Bush,2001-12-25,are today separated from their loved ones because they're serving our country even in this time of war we pray for peace on earth and good will toward men and we continue to ask god's blessings on the united states merry christmas and happy new year note the radio greeting was recorded at 10:04 a.m,Luke 2:14,"Glory to God in the highest, and on earth peace, good will toward men.",0.8719506829710216,TRUE,,0.9
457,-1423385227160811410,Address to the Parliament of South Africa in Cape Town,William J. Clinton,1998-03-26,of humanity at its best an assurance that those who build can triumph over those who tear down that truly the peacemakers are blessed and they shall inherit the earth thank you and god bless the new south africa note the president spoke at 4:45 p.m in the chamber of the house of assembly in,Matthew 5:5,Blessed are the meek: for they shall inherit the earth.,0.5744119063514337,TRUE,,0.9
517,-1478610621071963190,Address Recorded for Broadcast on the Occasion of the Lighting of the National Community Christmas Tree on the White House Grounds,Harry S Truman,1950-12-24,wisdom for the quietness of soul which comes alone to them who place their lives in his hands we should pray for a peace which is the fruit of righteousness the nation already is in the midst of a crusade of prayer on the last sunday of the old year there will be special services,Isaiah 32:17,And the work of righteousness shall be peace; and the effect of righteousness quietness and assurance for ever.,0.8822199323370251,TRUE,,0.9
546,-1500385424083964625,Remarks at a Dinner Honoring Billy and Ruth Graham,William J. Clinton,1996-05-02,galatians 6 st paul said that while each of us must make our own efforts to sustain ourselves we are also reminded to bear ye one another's burdens and so fulfill the law of christ sharing this medal in this way does that but in so many ways billy and ruth have fulfilled the law of christ in the ministry of the word going into all nations i hardly ever go to a place as president billy graham hadn't been,Galatians 6:2,"Bear ye one another's burdens, and so fulfil the law of Christ.",0.99267586618764,TRUE,,1.0
550,-1500385424083964625,Remarks at a Dinner Honoring Billy and Ruth Graham,William J. Clinton,1996-05-02,sharing this medal in this way does that but in so many ways billy and ruth have fulfilled the law of christ in the ministry of the word going into all nations i hardly ever go to a place as president billy graham hadn't been there before me preaching laughter and i feel like a,Acts 6:4,"But we will give ourselves continually to prayer, and to the ministry of the word.",0.7960420245478419,TRUE,,0.9
579,-1517119570507283837,"Eulogy at the Funeral of Former Governor Ruth Ann Minner of Delaware in Milford, Delaware","Joseph R. Biden, Jr.",2021-11-10,and margaret and wayne and phyllis and cindy and in gary's memory and to all of the grandchildren and children the bible teaches as was referenced earlier blessed are they that mourn for they shall be comforted while comfort can be a long time in coming if you have faith i promise you-and hold onto one another-it will come and,Matthew 5:4,Blessed are they that mourn: for they shall be comforted.,0.9004409429008561,TRUE,,0.9
597,-1547973088936333045,Radio Address to the Nation on the Summer Olympic Games,Ronald Reagan,1984-07-28,olympiad of the modern era commences and as it does just for a moment we think of the words of the psalms this is the day which the lord has made let us rejoice and be glad until next week thanks for listening and god bless you note the president recorded his remarks in the map room at the white,Psalms 118:24,This is the day which the LORD hath made; we will rejoice and be glad in it.,0.7873615362019086,TRUE,,1.0
603,-1549656502029913514,Remarks at the National Hispanic Prayer Breakfast,Barack Obama,2009-06-19,in common we must give life to that fundamental belief that i am my brother's keeper that i am my sister's keeper scripture tells us the word is very near to you it is in your mouth and in your heart so you may obey it today let us pray for the strength to find the word in our hearts and for the vision to,Deuteronomy 30:14,"But the word is very nigh unto thee, in thy mouth, and in thy heart, that thou mayest do it.",0.8355936936920317,TRUE,,0.9
643,-1576477376965882660,Remarks at the National Prayer Breakfast,Gerald R. Ford,1976-01-29,walk into the office i realize that man's wisdom and strength are not sufficient so i try to practice the truth of proverbs 3 5-6 trust in the lord with all thine heart lean not unto thine own understanding in all thy ways acknowledge him and he shall direct thy path tolerance understanding love--let us pray for all of these because we need them as,Proverbs 3:5,Trust in the LORD with all thine heart; and lean not unto thine own understanding.,0.99360312703035,TRUE,,1.0
646,-1576477376965882660,Remarks at the National Prayer Breakfast,Gerald R. Ford,1976-01-29,i try to practice the truth of proverbs 3 5-6 trust in the lord with all thine heart lean not unto thine own understanding in all thy ways acknowledge him and he shall direct thy path tolerance understanding love--let us pray for all of these because we need them as a people let us pray for god's guidance in our,Proverbs 3:6,"In all thy ways acknowledge him, and he shall direct thy paths.",0.9928766687411316,TRUE,,1.0
767,-1683312837514401788,"Remarks With Prime Minister Shinzo Abe of Japan at Joint Base Pearl Harbor—Hickam, Hawaii",Barack Obama,2016-12-27,downing a gunner's mate first class on the west virginia before he raced to the harbor his new bride pressed into his hand a verse of scripture the eternal god is thy refuge and underneath are the everlasting arms as jim fought to save his ship he simultaneously gathered the names of the fallen so that he could give closure to their families he said,Deuteronomy 33:27,"The eternal God is thy refuge, and underneath are the everlasting arms: and he shall thrust out the enemy from before thee; and shall say, Destroy them.",0.9522059405603506,TRUE,,0.95
813,-1738979105606289489,"Remarks in Waterford, Michigan",George W. Bush,2002-10-14,can rise up not only to keep the peace and make it secure but rise up to make america a better place a more hopeful place a place of love and compassion if you want to help if you want to help in the war against terror if you want to fight evil love your neighbor like you'd like to be loved yourself there are things government can do to help people to empower people government needs to trust citizens,Leviticus 19:18,"Thou shalt not avenge, nor bear any grudge against the children of thy people, but thou shalt love thy neighbour as thyself: I am the Lord.",0.7287165423461048,TRUE,,0.9
827,-175583952474887406,Remarks at Annual Breakfast of the International Council for Christian Leadership,Dwight D. Eisenhower,1956-02-02,"sometimes too great a reliance on force though we be strong--i believe if i am not misquoting even the bible says when the strong man armed keepeth his palace his goods are in peace""--we intend to remain that strong but let us always do it with certainty that anyone who will come in integrity observing the moral values that we",Luke 11:21,"When a strong man armed keepeth his palace, his goods are in peace:",0.9800957605632662,TRUE,,1.0
829,-1761340011876631057,Remarks at the Presentation of the Congressional Medal of Honor to Fourteen Members of the Navy and Marine Corps.,Harry S Truman,1945-10-05,every one of them that i would rather have that medal the congressional medal of honor than to be president of the united states we fought a good fight we've won two great victories we're facing another fight and we must win the victory in that that is a fight for a peaceful world a,2 Timothy 4:7,"I have fought a good fight, I have finished my course, I have kept the faith:",0.8133263955813234,TRUE,,0.9
841,-1781259654030126770,Address Before a Joint Session of the Alabama State Legislature in Montgomery,Ronald Reagan,1982-03-15,this blessed land and then when our work is done we can say that we've fought the good fight we've finished the race we have kept the faith and to our children and our children's children we can say we did all that could be done in this moment that was given us here on,2 Timothy 4:7,"I have fought a good fight, I have finished my course, I have kept the faith:",0.9129870023349028,TRUE,,1.0
867,-179774848400846112,Address in New York City at the Cornerstone Laying of the United Nations Building.,Harry S Truman,1949-10-24,this cornerstone is an act of faith--our unshakable faith that the united nations will succeed in accomplishing the great tasks for which it was created but faith without works is dead we must make our devotion to the ideals of the charter as strong as the steel in this building we must pursue the objectives,James 2:20,"But wilt thou know, O vain man, that faith without works is dead?",0.9401983425715008,TRUE,,0.95
868,-179774848400846112,Address in New York City at the Cornerstone Laying of the United Nations Building.,Harry S Truman,1949-10-24,this cornerstone is an act of faith--our unshakable faith that the united nations will succeed in accomplishing the great tasks for which it was created but faith without works is dead we must make our devotion to the ideals of the charter as strong as the steel in this building we must pursue the objectives,James 2:26,"For as the body without the spirit is dead, so faith without works is dead also.",0.9349562785144,TRUE,,0.95
884,-1809445482241004010,"Remarks to the Convocation of the Church of God in Christ at Memphis, Tennessee.",William J. Clinton,1993-11-13,me and she said you know i believe you could be a preacher if you were just a little better boy laughter proverbs says a happy heart doeth good like medicine but a broken spirit dryeth the bone see app note this is a happy place and i'm happy to be here i thank you for your spirit by the,Proverbs 17:22,A merry heart doeth good like a medicine: but a broken spirit drieth the bones.,0.9341329720824788,TRUE,,1.0
977,-1917470769679695696,Remarks at the National Prayer Breakfast,William J. Clinton,1993-02-04,much as any place on the face of the earth we need that we need faith as a source of strength the assurance of things hoped for the conviction of things unseen the scripture says what it means to me is that here if we have enough faith in spite of all the pressures to,Hebrews 11:1,"Now faith is the substance of things hoped for, the evidence of things not seen.",0.7749874381295848,TRUE,,0.9
979,-1917470769679695696,Remarks at the National Prayer Breakfast,William J. Clinton,1993-02-04,are all sinners st paul once said in an incredibly moving scripture in the bible the very thing which i would not do that i do and that which i would that i do not and even more not only because we do wrong but because we don't always know what is right in funerals,Romans 7:15,"For that which I do I allow not: for what I would, that do I not; but what I hate, that do I.",0.677516553220073,TRUE,,0.9
981,-1917470769679695696,Remarks at the National Prayer Breakfast,William J. Clinton,1993-02-04,because we don't always know what is right in funerals and weddings and other important ceremonies you often hear that wonderful verse from corinthians cited now abideth faith hope and love but the greatest of these is love but the important thing is often left out which is the verse above why is the greatest of these love because now i see through a glass darkly now i know only in part none of us know all that we need,1 Corinthians 13:13,"And now abideth faith, hope, charity, these three; but the greatest of these is charity.",0.8730022626422523,TRUE,,0.9
984,-1917470769679695696,Remarks at the National Prayer Breakfast,William J. Clinton,1993-02-04,these is love but the important thing is often left out which is the verse above why is the greatest of these love because now i see through a glass darkly now i know only in part none of us know all that we need to know to do what we need to do i have always been touched by,1 Corinthians 13:12,"For now we see through a glass, darkly; but then face to face: now I know in part; but then shall I know even as also I am known.",0.7389849236311372,TRUE,,0.9
989,-1917470769679695696,Remarks at the National Prayer Breakfast,William J. Clinton,1993-02-04,and the lonely and yes the sinners and in one of those marvelous attempts to trick christ he was asked what is the greatest commandment and he answered quoting moses you shall love the lord,Matthew 22:35,"Then one of them, which was a lawyer, asked him a question, tempting him, and saying,",0.2805437251400047,TRUE,,0.9
990,-1917470769679695696,Remarks at the National Prayer Breakfast,William J. Clinton,1993-02-04,the sinners and in one of those marvelous attempts to trick christ he was asked what is the greatest commandment and he answered quoting moses you shall love the lord your god with all your heart and with all your soul and with all your mind and then he added as we should add this is the great and foremost commandment and the second is like it you shall love,Matthew 22:36,"Master, which is the great commandment in the law?",0.7522269219814188,TRUE,,0.9
991,-1917470769679695696,Remarks at the National Prayer Breakfast,William J. Clinton,1993-02-04,the sinners and in one of those marvelous attempts to trick christ he was asked what is the greatest commandment and he answered quoting moses you shall love the lord your god with all your heart and with all your soul and with all your mind and then he added as we should add this is the great and foremost commandment and the second is like it you shall love,Matthew 22:37,"Jesus said unto him, Thou shalt love the Lord thy God with all thy heart, and with all thy soul, and with all thy mind.",0.7092196904316486,TRUE,,1.0
994,-1917470769679695696,Remarks at the National Prayer Breakfast,William J. Clinton,1993-02-04,of those marvelous attempts to trick christ he was asked what is the greatest commandment and he answered quoting moses you shall love the lord your god with all your heart and with all your soul and with all your mind and then he added as we should add this is the great and foremost commandment and the second is like it you shall love,Matthew 22:38,This is the first and great commandment.,0.8922431733527095,TRUE,,0.9
1000,-1917470769679695696,Remarks at the National Prayer Breakfast,William J. Clinton,1993-02-04,heart and with all your soul and with all your mind and then he added as we should add this is the great and foremost commandment and the second is like it you shall love your neighbor as yourself just 2 weeks and a day ago i took the oath of office as president you,Matthew 22:39,"And the second is like unto it, Thou shalt love thy neighbour as thyself.",0.8551715172437294,TRUE,,0.9
1025,-1946376071981815308,Remarks in Seattle on the Control of Nuclear Weapons,Lyndon B. Johnson,1964-09-16,optimist that i am i just believe that peace is coming nearer if this is so we may one day see fulfilled the prophecy of the bible the morning stars sang together and all the sons of god shouted for joy thank you good night note the president spoke at the olympic hotel in seattle wash at a dinner honoring united states and canadian partnership,Job 38:7,"When the morning stars sang together, and all the sons of God shouted for joy?",0.936726786794316,TRUE,,0.95
1054,-1978133713288499257,"Remarks With Prime Minister Benjamin Netanyahu of Israel, Minister of Foreign Affairs and International Cooperation Abdallah bin Zayid Al Nuhayyan of the United Arab Emirates, and Minister of Foreign Affairs Abdullatif bin Rashid Al Zayani of Bahrain at the Abraham Accords Signing Ceremony",Donald J. Trump (1st Term),2020-09-15,glorious past and guides us towards a brilliant future adonai oz le'amo yiten adonai yevarekh et-amo va'shalom may god give strength to his people may god bless his people with peace mr president distinguished guests this week is rosh hashanah the jewish new year and what a blessing we bring to this new year a,Psalms 29:11,The LORD will give strength unto his people; the LORD will bless his people with peace.,0.8865872256216063,TRUE,,0.9
1099,-2017763292045266718,"Remarks in Denver, Colorado",Herbert Hoover,1932-11-06,back many times and have many friendships which have grown steadily over these years it would not be proper for me on this sabbath day to enter upon a discussion of political issues sunday is provided as a day of rest i have certainly been engaged in hard labor and i am thankful for the sabbath day i do wish to express my appreciation for the generosity of your reception it is encouraging to any man in public service to,Exodus 20:8,"Remember the sabbath day, to keep it holy.",0.3217367913833892,TRUE,,0.8
1112,-2032259521195896022,"The President's News Conference With Prime Minister Yair Lapid of Israel in Jerusalem, Israel","Joseph R. Biden, Jr.",2022-07-14,all of this in one verse chapter 29 reads prime minister lapid recited the verse in hebrew he then recited it in english as follows the lord will give strength to his people the lord will bless his people with peace if we are strong if we are determined if the world understands that we will not hesitate to defend ourselves and our values peace,Psalms 29:11,The LORD will give strength unto his people; the LORD will bless his people with peace.,0.93660225300737,TRUE,,1.0
1197,-2108163085223768336,Remarks at the National Prayer Breakfast,William J. Clinton,1995-02-02,heads and our hearts and to use our words more to build up and unify and less to tear down and divide we are here because we are all the children of god because we know we have all fallen short of god's glory because we know that no matter how much power we have we have it but for,Galatians 3:26,For ye are all the children of God by faith in Christ Jesus.,0.6677295524051834,TRUE,,0.9
1197,-2108163085223768336,Remarks at the National Prayer Breakfast,William J. Clinton,1995-02-02,heads and our hearts and to use our words more to build up and unify and less to tear down and divide we are here because we are all the children of god because we know we have all fallen short of god's glory because we know that no matter how much power we have we have it but for,Romans 3:23,"For all have sinned, and come short of the glory of God;",0.6677295524051834,TRUE,,0.9
1199,-2108163085223768336,Remarks at the National Prayer Breakfast,William J. Clinton,1995-02-02,down barriers as andy young has worked his whole life we must do it with greater civility in romans st paul said repay no one evil for evil but take thought for what is noble in the sight of all do not be overcome by evil but overcome evil by good there's not a person in this room that hasn't failed in that admonition including,Romans 12:17,Recompense to no man evil for evil. Provide things honest in the sight of all men.,0.2844026142002124,TRUE,,0.7
1200,-2108163085223768336,Remarks at the National Prayer Breakfast,William J. Clinton,1995-02-02,paul said repay no one evil for evil but take thought for what is noble in the sight of all do not be overcome by evil but overcome evil by good there's not a person in this room that hasn't failed in that admonition including me but i'm going to leave here today determined to,Romans 12:21,"Be not overcome of evil, but overcome evil with good.",0.9639735032162312,TRUE,,0.95
1227,-2127049905994816787,Remarks in Raleigh at North Carolina State College,Lyndon B. Johnson,1964-10-06,down and once done you can never recover from it could there be any greater objective for christian people anywhere than peace or earth good will toward men in those 10 months that i have been your leader i have had your hopes and your prayers and i have called to the capital of our,Luke 2:14,"Glory to God in the highest, and on earth peace, good will toward men.",0.8741221423975039,TRUE,,0.9
1238,-2129090826182406792,"The President's Trip to Egypt and Israel Remarks on Arrival at Andrews Air Force Base, Md.",Jimmy Carter,1979-03-14,east the leaders of egypt and israel are now daring to break the pattern of bitterness and war they are following the advice of the biblical proverb when a man's way please the lord he maketh even his enemies to be at peace with him in choosing peace president sadat and the prime minister of israel prime minister begin are venturing into the unknown but they know that the united,Proverbs 16:7,"When a man's ways please the LORD, he maketh even his enemies to be at peace with him.",0.9849978746554496,TRUE,,0.95
1257,-2148599565202357096,Address to the Nation on United States Policy for Peace in the Middle East,Ronald Reagan,1982-09-01,more far-reaching peace effort in the region and i was determined to seize that moment in the words of the scripture the time had come to follow after the things which make for peace tonight i want to report to you the steps we've taken and the prospects they can open up for a just and lasting peace in the,Romans 14:19,"Let us therefore follow after the things which make for peace, and things wherewith one may edify another.",0.8680747615533361,TRUE,,0.9
1268,-2154741117473362767,Eulogy at a Memorial Service for Ethel Kennedy,"Joseph R. Biden, Jr.",2024-10-16,had we been in church that day there'd be a reflection about the resurrection and redemption we remember jesus was buried on friday and on sunday he rose again but we don't talk nearly enough about that saturday when his disciples felt all hope was lost-all hope was lost in our lives and in the,1 Corinthians 15:4,"And that he was buried, and that he rose again the third day according to the scriptures:",0.7956975167456228,TRUE,,0.9
1274,-2159500373622341085,Remarks on Foreign Affairs at the Associated Press Luncheon in New York City,Lyndon B. Johnson,1964-04-20,are new pressures new realities which make it permissible to hope that the pursuit of peace is in the interests of the soviet union as it is in ours and our own restraint may be convincing the soviet leaders of the reality that we in america seek neither war nor the destruction of the soviet union thus i am very hopeful that we can take important steps toward the day when in the words of the old testament nation shall not lift up sword against nation neither shall they learn war anymore we must remember that peace will not come,Isaiah 2:4,"And he shall judge among the nations, and shall rebuke many people: and they shall beat their swords into plowshares, and their spears into pruninghooks: nation shall not lift up sword against nation, neither shall they learn war any more.",0.158561946564192,TRUE,,0.9
1303,-2186308310498084040,Remarks to the Georgetown University Center for Strategic and International Studies on United States Assistance for the Nicaraguan Democratic Resistance,Ronald Reagan,1986-06-09,point the cardinal writes when the church was gagged and bound that your request arrived the reading for the day pricked my conscience the sanhedrin sent for peter and john intending to force them into silence but peter and john said to them in reply is it right in god's eyes for us to obey you rather than god judge for yourselves we cannot possibly,Acts 4:19,"But Peter and John answered and said unto them, Whether it be right in the sight of God to hearken unto you more than unto God, judge ye.",0.9731303577043062,TRUE,,0.95
1315,-2198041222820569718,"Remarks on the Shootings in Newtown, Connecticut",Barack Obama,2012-12-14,memories but also in ours may god bless the memory of the victims and in the words of scripture heal the brokenhearted and bind up their wounds note the president spoke at 3:15 p.m in the james s brady press briefing room at the white house barack obama remarks on,Psalms 147:3,"He healeth the broken in heart, and bindeth up their wounds.",0.8634359884820405,TRUE,,0.95
1349,-2228538342465091175,Address in Seattle at the University of Washington's 100th Anniversary Program,John F. Kennedy,1961-11-16,"but in the force of right and reason we have learned that reason does not always appeal to unreasonable men--that it is not always true that a soft answer turneth away wrath""--and that right does not always make might in short we must face problems which do not lend themselves to easy or quick or",Proverbs 15:1,A soft answer turneth away wrath: but grievous words stir up anger.,0.8592335335231013,TRUE,,0.9
1351,-2228538342465091175,Address in Seattle at the University of Washington's 100th Anniversary Program,John F. Kennedy,1961-11-16,and this city had barely begun to function but a university was one of their earliest thoughts--and they summed it up in the motto that they adopted let there be light what more can be said today regarding all the dark and tangled problems we face than let there be light and to accomplish that illumination the university of washington shall still hold high the torch note the president spoke at the edmundson pavilion in,Genesis 1:3,"And God said, Let there be light: and there was light.",0.4167912216150903,TRUE,,0.9
1372,-2246436795935103284,Remarks at the 11th Annual Presidential Prayer Breakfast,John F. Kennedy,1963-02-07,at the national or the local level whether we build in foreign or domestic affairs we know the truth of the ancient psalm except the lord build the house they labour in vain that build it this morning we pray together this evening apart but each morning and each evening let us remember the advice of my fellow bostonian the,Psalms 127:1,"Except the LORD build the house, they labour in vain that build it: except the LORD keep the city, the watchman waketh but in vain.",0.9854732367644576,TRUE,,1.0
1398,-2286048743228993203,Commencement Address in New London at the United States Coast Guard Academy.,Lyndon B. Johnson,1964-06-03,of flourishing freedom in a world at peace these are the sources of the strength we build knowing in the words of the bible when the strong man armed keepeth his palace his goods are in peace the necessities of our strength are as varied as the nature of our dangers the response must suit the threat those who would,Luke 11:21,"When a strong man armed keepeth his palace, his goods are in peace:",0.9886758441401968,TRUE,,1.0
1400,-2286048743228993203,Commencement Address in New London at the United States Coast Guard Academy.,Lyndon B. Johnson,1964-06-03,aside its awesome power and direct all its genius to the betterment of man let us hope that we may soon be able to say the night is far spent the day is at hand let us therefore cast off the works of darkness and let us put on the armor of light remarks after being presented a desk piece and a certificate of honorary class membership and matching class rings for himself and mrs,Romans 13:12,"The night is far spent, the day is at hand: let us therefore cast off the works of darkness, and let us put on the armour of light.",0.9079315850606606,TRUE,,0.95
1466,-2334453008438330044,National Academy of Sciences Remarks at the Academy's Annual Meeting.,Jimmy Carter,1979-04-23,himself and his fate must always form the chief interest of all technical endeavors-in order that the creation of our minds shall be a blessing and not a curse the tree of science is always beautiful but its fruits can be bitter as well as sweet our task is to,Deuteronomy 11:26,"Behold, I set before you this day a blessing and a curse;",0.1115339180343297,TRUE,,0.9
1471,-2343007346867248453,Remarks at a Celebration Commemorating the End of Ramadan,William J. Clinton,2000-01-10,might know one another not that we might despise one another there's a wonderful passage in the hebrew torah which warns people never to turn aside the stranger for it is like turning aside the most high god and the christian bible says that people should love their neighbor as themselves but it's quite wonderful to say that allah created,Exodus 22:21,"Thou shalt neither vex a stranger, nor oppress him: for ye were strangers in the land of Egypt.,",0.1778455069771448,TRUE,,0.9
1471,-2343007346867248453,Remarks at a Celebration Commemorating the End of Ramadan,William J. Clinton,2000-01-10,might know one another not that we might despise one another there's a wonderful passage in the hebrew torah which warns people never to turn aside the stranger for it is like turning aside the most high god and the christian bible says that people should love their neighbor as themselves but it's quite wonderful to say that allah created,Leviticus 19:18,"Thou shalt not avenge, nor bear any grudge against the children of thy people, but thou shalt love thy neighbour as thyself: I am the Lord.,",0.1778455069771448,TRUE,,0.9
1483,-2351755692038252382,Remarks at a Memorial Service for Dan Dutko,William J. Clinton,1999-08-02,was a gardener for in all of our lives he planted seeds that bore fruit in the psalms it says a good man shall be like a tree planted by the rivers of water his leaves shall not wither whatsoever he do it shall prosper dan made the earth bloom wherever he planted himself the work and the people he touched were his blossom all,Psalms 1:3,"And he shall be like a tree planted by the rivers of water, that bringeth forth his fruit in his season; his leaf also shall not wither; and whatsoever he doeth shall prosper.",0.7484375724646403,TRUE,,0.9
1495,-2360117090683667254,"Remarks on Commemorating the 100th Anniversary of the Tulsa Race Massacre in Tulsa, Oklahoma","Joseph R. Biden, Jr.",2021-06-01,are here thank you for making sure we all remember and we never forget you know there's a verse in first corinthians that says for now we see in a mirror dimly but then face to face now i know in part then i shall know fully it is-i just toured the hall of survivors here in greenwood cultural center and i want to thank,1 Corinthians 13:12,"For now we see through a glass, darkly; but then face to face: now I know in part; but then shall I know even as also I am known.",0.9876932895152324,TRUE,,0.95
1519,-2379091671841392644,Remarks at a White House Luncheon for the National Hispanic Leadership Conference,Ronald Reagan,1984-04-17,this issue is so important to the security of our people there's still time to defend freedom but to do so we can't stand as a house divided against itself we must recognize our common values we must take a no-nonsense approach to protecting our vital interests president kennedy demonstrated this kind of determination when,Mark 3:25,"And if a house be divided against itself, that house cannot stand.",0.971477283396657,TRUE,,1.0
23,-2399084652146484060,Remarks on Signing the Hate Crime Statistics Act,George Bush,1990-04-23,water cascades over the vow made by dr king on the steps of the lincoln memorial we will not be satisfied until justice rolls down like waters and righteousness like a mighty stream his pledge is just as powerful today we will not be satisfied justice for all has been the historic mission of the civil rights movement and it's,Amos 5:24,"But let judgment run down as waters, and righteousness as a mighty stream.",0.9575262173116976,TRUE,,0.95
107,-2467444754880374033,Annual Message to the Congress on the State of the Union,Dwight D. Eisenhower,1955-01-06,government or of military power at issue is the true nature of man either man is the creature whom the psalmist described as a little lower than the angels crowned with glory and honor holding dominion over the works of his creator or man is a soulless animated machine to be enslaved used and consumed by the state for its own glorification it is therefore,Hebrews 2:7,"Thou madest him a little lower than the angels; thou crownedst him with glory and honour, and didst set him over the works of thy hands:",0.973762260984712,TRUE,,1.0
108,-2467444754880374033,Annual Message to the Congress on the State of the Union,Dwight D. Eisenhower,1955-01-06,government or of military power at issue is the true nature of man either man is the creature whom the psalmist described as a little lower than the angels crowned with glory and honor holding dominion over the works of his creator or man is a soulless animated machine to be enslaved used and consumed by the state for its,Psalms 8:5,"For thou hast made him a little lower than the angels, and hast crowned him with glory and honour.",0.8775132771023625,TRUE,,1.0
117,-24715439595225349,Remarks at the National Prayer Breakfast,Donald J. Trump (1st Term),2017-02-02,our nation he gave his life in defense of our people our debt to him and our debt to his family is eternal and everlasting greater love hath no man than this that a man lay down his life for his friends we will never forget the men and women who wear the uniform believe me applause thank you from generation to generation their vigilance,John 15:13,"Greater love hath no man than this, that a man lay down his life for his friends.",0.9587393438527052,TRUE,,1.0
134,-2476930348235128909,Remarks in Baltimore at the Celebration of the Bicentennial of American Methodism.,Lyndon B. Johnson,1966-04-22,we the strongest the most powerful the richest nation on earth have learned from the book of proverbs that by wisdom a house is built by understanding it is established by knowledge the rooms are filled with all precious and pleasant riches a wise man is mightier than a strong man and a man of,Proverbs 24:3,Through wisdom is an house builded; and by understanding it is established:,0.8608522598821714,TRUE,,0.9
135,-2476930348235128909,Remarks in Baltimore at the Celebration of the Bicentennial of American Methodism.,Lyndon B. Johnson,1966-04-22,earth have learned from the book of proverbs that by wisdom a house is built by understanding it is established by knowledge the rooms are filled with all precious and pleasant riches a wise man is mightier than a strong man and a man of knowledge than he who has strength your methodist creed opposed,Proverbs 24:4,And by knowledge shall the chambers be filled with all precious and pleasant riches.,0.95120395423829,TRUE,,0.95
138,-2476930348235128909,Remarks in Baltimore at the Celebration of the Bicentennial of American Methodism.,Lyndon B. Johnson,1966-04-22,book of proverbs that by wisdom a house is built by understanding it is established by knowledge the rooms are filled with all precious and pleasant riches a wise man is mightier than a strong man and a man of knowledge than he who has strength your methodist creed opposed every form of social economic and moral waste and there is no more tragic and,Proverbs 24:5,"A wise man is strong; yea, a man of knowledge increaseth strength.",0.6357392616504226,TRUE,,0.9
139,-2476930348235128909,Remarks in Baltimore at the Celebration of the Bicentennial of American Methodism.,Lyndon B. Johnson,1966-04-22,9 million american families though at the bottom of the heap for we have heard the call of isaiah to seek justice correct oppression defend the fatherless plead for the widow of all that we do as a people for social justice in america nothing is so powerful a force for good as a strong,Isaiah 1:17,"Learn to do well; seek judgment, relieve the oppressed, judge the fatherless, plead for the widow.",0.9374742631049916,TRUE,,0.95
191,-2510360674089467068,"Remarks to the National Governors' Association-Department of Education Conference in Columbia, Missouri",Ronald Reagan,1987-03-26,as simple as the ten commandments and as enduring as the scriptures and here are some samples love thy neighbor as thyself honor thy father and thy mother and yes thou shalt not steal i've dwelt on values for a reason part of it is that standards of right and wrong are essential to any,Matthew 19:19,"Honour thy father and thy mother: and, Thou shalt love thy neighbour as thyself.",0.9783418088164246,TRUE,,0.95
199,-251528283133825996,Remarks at the Annual Ambassadors Ball To Benefit the Multiple Sclerosis Society,Ronald Reagan,1981-09-29,people forget that the religious convictions of our forefathers went a little beyond puritanism the bible talks of faith hope and charity and the greatest of these is charity americans took this admonition seriously just as they did the parable of the good samaritan if you remember the samaritan walking along on the other side,1 Corinthians 13:13,"And now abideth faith, hope, charity, these three; but the greatest of these is charity.",0.9890400692596952,TRUE,,1.0
210,-2518679276294676936,"Remarks to the National Baptist Convention, U.S.A., in New Orleans, Louisiana",William J. Clinton,1994-09-09,use the difficulties of the moment to dampen the energies of americans to defeat our spirits i say that is wrong the scripture says let us not grow weary in well-doing for in due season we shall reap if we do not lose heart the darkness of every storm provides a new chance for renewal every storm and so does this one so to all,Galatians 6:9,"And let us not be weary in well doing: for in due season we shall reap, if we faint not.",0.943989837218548,TRUE,,0.95
211,-2518679276294676936,"Remarks to the National Baptist Convention, U.S.A., in New Orleans, Louisiana",William J. Clinton,1994-09-09,rifling through this country and is going to work you know paul st paul was not timothy's father but he was his spiritual father and he said when i call to remembrance the unfeigned faith that is in thee i put thee in remembrance that thou stir up the gift of god which is in thee i believe and you believe that every child has,2 Timothy 1:5,"When I call to remembrance the unfeigned faith that is in thee, which dwelt first in thy grandmother Lois, and thy mother Eunice; and I am persuaded that in thee also.",0.9651734687871548,TRUE,,0.95
212,-2518679276294676936,"Remarks to the National Baptist Convention, U.S.A., in New Orleans, Louisiana",William J. Clinton,1994-09-09,know paul st paul was not timothy's father but he was his spiritual father and he said when i call to remembrance the unfeigned faith that is in thee i put thee in remembrance that thou stir up the gift of god which is in thee i believe and you believe that every child has a gift of god within them when the gift dies it is our sin as well as theirs and our loss as well as theirs so let us leave here resolved to stir up the gift of god that is within us and do those things that will enable us to go forward with joy and confidence to make the future what it ought to,2 Timothy 1:6,"Wherefore I put thee in remembrance that thou stir up the gift of God, which is in thee by the putting on of my hands.",0.9788230948531036,TRUE,,0.98
250,-2543476570311181539,"Egyptian-Israeli Peace Negotiations Remarks of the President, the Israeli Foreign Minister, and the Egyptian Defense Minister at the Opening Ceremony.",Jimmy Carter,1978-10-12,"the president distinguished ministers mr vice president mr secretary friends for 2,000 years in the middle east people have cried peace peace when there was no peace the burden of war has lain heavily on this troubled ground but less than 1 month ago president sadat of egypt and prime",Jeremiah 6:14,"They have healed also the hurt of the daughter of my people slightly, saying, Peace, peace; when there is no peace.",0.102287284897132,TRUE,,0.9
251,-2543476570311181539,"Egyptian-Israeli Peace Negotiations Remarks of the President, the Israeli Foreign Minister, and the Egyptian Defense Minister at the Opening Ceremony.",Jimmy Carter,1978-10-12,"the president distinguished ministers mr vice president mr secretary friends for 2,000 years in the middle east people have cried peace peace when there was no peace the burden of war has lain heavily on this troubled ground but less than 1 month ago president sadat of egypt and prime",Jeremiah 8:11,"For they have healed the hurt of the daughter of my people slightly, saying, Peace, peace; when there is no peace.",0.5095277302865812,TRUE,,1.0
308,-2612458258526140391,Address on Conservation at the Dedication of Everglades National Park.,Harry S Truman,1947-12-06,draw strength and peace of mind from our surroundings here we can truly understand what that great israelitist psalmist meant when he sang he maketh me to lie down in green pastures he leadeth me beside still waters he restoreth my soul note the president spoke at 2:30 p.m in everglades city fla his opening words referred to john pennekamp,Psalms 23:2,He maketh me to lie down in green pastures: he leadeth me beside the still waters.,0.9855540965626935,TRUE,,1.0
328,-2624477365215894893,Remarks at a Conference on Religious Liberty,Ronald Reagan,1985-04-16,is the distinction they draw between the temporal world and the spiritual world all religions in effect echo the words of the gospel of st matthew render therefore unto caesar the things which are caesar's and unto god the things that are god's what this injunction teaches us is that the individual cannot be entirely subordinate to the state that there exists a whole other,Luke 20:25,"And he said unto them, Render therefore unto Caesar the things which be Caesar's, and unto God the things which be God's.",0.9843876070304352,TRUE,,1.0
329,-2624477365215894893,Remarks at a Conference on Religious Liberty,Ronald Reagan,1985-04-16,is the distinction they draw between the temporal world and the spiritual world all religions in effect echo the words of the gospel of st matthew render therefore unto caesar the things which are caesar's and unto god the things that are god's what this injunction teaches us is that the individual cannot be entirely subordinate to the state that there exists a whole other realm an almost mysterious realm,Matthew 22:21,"They say unto him, Caesar's. Then saith he unto them, Render therefore unto Caesar the things which are Caesar's; and unto God the things that are God's.",0.9539200437821788,TRUE,,0.95
331,-2624477365215894893,Remarks at a Conference on Religious Liberty,Ronald Reagan,1985-04-16,the spiritual world all religions in effect echo the words of the gospel of st matthew render therefore unto caesar the things which are caesar's and unto god the things that are god's what this injunction teaches us is that the individual cannot be entirely subordinate to the state that there exists a whole other realm an almost mysterious realm,Mark 12:17,"And Jesus answering said unto them, Render to Caesar the things that are Caesar's, and to God the things that are God's. And they marvelled at him.",0.9816710338752236,TRUE,,1.0
337,-2624878479508584277,Remarks at Dr. Billy Graham's East Tennessee Crusade.,Richard Nixon,1970-05-28,message that he brings because what he will say to you is what america and the world needs to hear and that is that man does not live by bread alone that the material things are not enough that if we are going to bring people together as we must bring them together if we,Luke 4:4,"And Jesus answered him, saying, It is written, That man shall not live by bread alone, but by every word of God.",0.5602481470665368,TRUE,,0.8
373,-2659558373851962575,Remarks at a Reception for Senator Hayden Following the Senator's Announcement of His Decision To Retire.,Lyndon B. Johnson,1968-05-06,these halls i came here from the other end of the avenue today to speak on behalf of all the people to tell you that you fought a good fight you haven't finished the course but you have kept the faith everybody that knows you respects you and--i am speaking for ladies too--loves you note the president spoke at 5:18 p.m in the new senate,2 Timothy 4:7,"I have fought a good fight, I have finished my course, I have kept the faith:",0.9537567913265674,TRUE,,0.95
375,-2661058536147315388,Remarks at the Congressional Black Caucus Foundation Phoenix Awards Dinner,"Joseph R. Biden, Jr.",2024-09-14,"black history is american history and black excellence is american excellence let me close with this the psalms teach us and i quote i've been young and now i'm old""-which is true laughter and yet i have not seen the righteous forsaken i have not seen the righteous forsaken in 1971 as a 28-year-old kid i decided to run for the united states senate because of segregation in my city-my state thirteen black members of",Psalms 37:25,"I have been young, and now am old; yet have I not seen the righteous forsaken, nor his seed begging bread.",0.9858928603989608,TRUE,,0.95
376,-2661058536147315388,Remarks at the Congressional Black Caucus Foundation Phoenix Awards Dinner,"Joseph R. Biden, Jr.",2024-09-14,of the house but folks we have work to do so my challenge to you is to keep the faith and do the work because we know faith without works is dead in this moment i think of what shirley said she said quote freedom is an endless horizon and there are many roads that,James 2:20,"But wilt thou know, O vain man, that faith without works is dead?",0.92641863604512,TRUE,,0.9
377,-2661058536147315388,Remarks at the Congressional Black Caucus Foundation Phoenix Awards Dinner,"Joseph R. Biden, Jr.",2024-09-14,of the house but folks we have work to do so my challenge to you is to keep the faith and do the work because we know faith without works is dead in this moment i think of what shirley said she said quote freedom is an endless horizon and there are many roads that,James 2:26,"For as the body without the spirit is dead, so faith without works is dead also.",0.8564270742666533,TRUE,,0.85
389,-267527346988383606,The President's Radio Address,William J. Clinton,1995-12-23,the birth of a child whose only shelter was the straw of a manger let us remember the words of the prince of peace who said blessed are the peacemakers we ask the blessings of this peace for everyone that is our prayer this christmas thanks for listening note the president spoke at 10:06 a.m,Matthew 5:9,Blessed are the peacemakers: for they shall be called the children of God.,0.2242586796669941,TRUE,,0.9
399,-2683631287907556996,Radio and Television Address to the American People on Election Eve.,Lyndon B. Johnson,1964-11-02,past that future has many challenges we must work to extend increasing abundance to all our people but we have also learned that man does not live by bread alone the satisfactions of life cannot be measured just by the size of a salary check jefferson did not dream or lincoln suffer or roosevelt toil,Luke 4:4,"And Jesus answered him, saying, It is written, That man shall not live by bread alone, but by every word of God.",0.3295538002993002,TRUE,,0.9
419,-2694864490960927229,"Remarks to the Women's International Convention of the Church of God in Christ in New Orleans, Louisiana",William J. Clinton,1996-05-30,and better communities and better schools and better tomorrows for our children you are here to reach out-not to curse the darkness but to light a candle put it on a candlestick and give that light to all of america's house and you are for you are working every hour and every day to keep our children free from harm,Matthew 5:15,"Neither do men light a candle, and put it under a bushel, but on a candlestick; and it giveth light unto all that are in the house.",0.8377483135502907,TRUE,,0.9
421,-2694864490960927229,"Remarks to the Women's International Convention of the Church of God in Christ in New Orleans, Louisiana",William J. Clinton,1996-05-30,selectively but there are hundreds of admonitions in the bible hundreds to take care of the children especially the poor children even as you have done it unto the least of these you have also done it unto me if that was true for jesus surely it must be true of america so i say to you i honor your commitment i honor your actions,Matthew 25:40,"And the King shall answer and say unto them, Verily I say unto you, Inasmuch as ye have done it unto one of the least of these my brethren, ye have done it unto me.",0.8349290886104342,TRUE,,0.95
434,-270772135723539544,"Remarks at a Church Service in Soweto, South Africa",William J. Clinton,1998-03-29,when you are angry when you wonder whether you can make the most of your freedom for these children remember what st paul said to the galatians let us not grow weary in doing good for in due season we shall reap if we do not lose heart god bless you keep your heart note the president spoke at 10:37 a.m at regina mundi catholic church in his remarks he,Galatians 6:9,"And let us not be weary in well doing: for in due season we shall reap, if we faint not.",0.9822659273317564,TRUE,,1.0
436,-2708582971794908129,"Remarks at a ""Make America Great Again"" Rally in Melbourne, Florida",Donald J. Trump (1st Term),2017-02-18,the first lady thank you audience members u.s.a u.s.a u.s.a the first lady thank you let us pray our father who art in heaven hallowed be thy name thy kingdom come thy will be done on earth as it is in heaven give us these days our daily bread and forgive us our trespasses as,Matthew 6:9,"After this manner therefore pray ye: Our Father which art in heaven, Hallowed be thy name.",0.9153688520448616,TRUE,,1.0
437,-2708582971794908129,"Remarks at a ""Make America Great Again"" Rally in Melbourne, Florida",Donald J. Trump (1st Term),2017-02-18,audience members u.s.a u.s.a u.s.a the first lady thank you let us pray our father who art in heaven hallowed be thy name thy kingdom come thy will be done on earth as it is in heaven give us these days our daily bread and forgive us our trespasses as we forgive those who trespasses against us and lead us,Matthew 6:10,"Thy kingdom come. Thy will be done in earth, as it is in heaven.",0.3016429949009273,TRUE,,0.8
437,-2708582971794908129,"Remarks at a ""Make America Great Again"" Rally in Melbourne, Florida",Donald J. Trump (1st Term),2017-02-18,audience members u.s.a u.s.a u.s.a the first lady thank you let us pray our father who art in heaven hallowed be thy name thy kingdom come thy will be done on earth as it is in heaven give us these days our daily bread and forgive us our trespasses as we forgive those who trespasses against us and lead us,Matthew 6:11,Give us this day our daily bread.,0.3016429949009273,TRUE,,0.8
441,-2708582971794908129,"Remarks at a ""Make America Great Again"" Rally in Melbourne, Florida",Donald J. Trump (1st Term),2017-02-18,be thy name thy kingdom come thy will be done on earth as it is in heaven give us these days our daily bread and forgive us our trespasses as we forgive those who trespasses against us and lead us not into temptation but deliver us from evil for thine is the kingdom and the,Matthew 6:12,"And forgive us our debts, as we forgive our debtors.",0.778043348464893,TRUE,,0.9
442,-2708582971794908129,"Remarks at a ""Make America Great Again"" Rally in Melbourne, Florida",Donald J. Trump (1st Term),2017-02-18,on earth as it is in heaven give us these days our daily bread and forgive us our trespasses as we forgive those who trespasses against us and lead us not into temptation but deliver us from evil for thine is the kingdom and the power and the glory forever and ever amen good afternoon it is my honor and great pleasure to stand here before you as the first lady of the united states,Matthew 6:13,"And lead us not into temptation, but deliver us from evil: For thine is the kingdom, and the power, and the glory, for ever. Amen.",0.981769557744556,TRUE,,0.95
476,-2723142081588056232,Toasts of the President and President Houphouet-Boigny of the Ivory Coast,Lyndon B. Johnson,1967-08-17,made this possible but mr president there is one element that we cannot assign numbers to this is vision the bible tells us that where there is no vision the people perish you have proved that where there is vision--and where there is leadership--then the people can prosper my friends the capacity to plan and to provide genuine leadership for his people are qualities that distinguish our guest here today,Proverbs 29:18,"Where there is no vision, the people perish: but he that keepeth the law, happy is he.",0.9957943973055996,TRUE,,1.0
500,-2747924379429433612,"Remarks of President Carter, President Anwar al-Sadat of Egypt, and Prime Minister Menahem Begin of Israel at the Egyptian-Israeli Peace Treaty Signing Ceremony",Jimmy Carter,1979-03-26,"people gave the world a vision of eternal peace of universal disarmament of abolishing the teaching and the learning of war two prophets yishayahu ben amotz and micah hamorashti having foreseen the spiritual unity of man under god with these words coming forth from jerusalem gave the nations of the world the following vision-expressed in identical terms-""and they shall beat their swords into plowshares and their spears into pruning hooks nation shall not lift up sword against nation neither shall they learn war any more despite the tragedies and disappointments of the past we must never forsake that vision that human dream that unshakable faith peace is the beauty of",Micah 4:3,"And he shall judge among many people, and rebuke strong nations afar off; and they shall beat their swords into plowshares, and their spears into pruninghooks: nation shall not lift up a sword against nation, neither shall they learn war any more.",0.9984649134388872,TRUE,,0.99
501,-2747924379429433612,"Remarks of President Carter, President Anwar al-Sadat of Egypt, and Prime Minister Menahem Begin of Israel at the Egyptian-Israeli Peace Treaty Signing Ceremony",Jimmy Carter,1979-03-26,"foreseen the spiritual unity of man under god with these words coming forth from jerusalem gave the nations of the world the following vision-expressed in identical terms-""and they shall beat their swords into plowshares and their spears into pruning hooks nation shall not lift up sword against nation neither shall they learn war any more despite the tragedies and disappointments of the past we must never forsake that vision that human dream that unshakable faith peace is the beauty of",Isaiah 2:4,"And he shall judge among the nations, and shall rebuke many people: and they shall beat their swords into plowshares, and their spears into pruninghooks: nation shall not lift up sword against nation, neither shall they learn war any more.",0.9181332128051818,TRUE,,0.95
504,-2747924379429433612,"Remarks of President Carter, President Anwar al-Sadat of Egypt, and Prime Minister Menahem Begin of Israel at the Egyptian-Israeli Peace Treaty Signing Ceremony",Jimmy Carter,1979-03-26,of the remnants of the wall destined to protect the chosen place of god's glory our hearts wept with them in remembrance in hebrew our feet shall stand within thy gates o jerusalem jerusalem is builded as a city that is compact together in english this is the third day in my life i have signed a treaty of peace,Psalms 122:2,"Our feet shall stand within thy gates, O Jerusalem.",0.9933665509609696,TRUE,,0.99
505,-2747924379429433612,"Remarks of President Carter, President Anwar al-Sadat of Egypt, and Prime Minister Menahem Begin of Israel at the Egyptian-Israeli Peace Treaty Signing Ceremony",Jimmy Carter,1979-03-26,chosen place of god's glory our hearts wept with them in remembrance in hebrew our feet shall stand within thy gates o jerusalem jerusalem is builded as a city that is compact together in english this is the third day in my life i have signed a treaty of peace with our great neighbor with egypt the heart is full,Psalms 122:3,Jerusalem is builded as a city that is compact together:,0.9917728001451184,TRUE,,1.0
532,-2768530340683332011,Toasts of the President and King Paul of Greece,Dwight D. Eisenhower,1953-10-28,when all the world is divided by virtue of a struggle between those who believe in the essential dignity of man as a creature created in the image of his god and those who contend that man is nothing but a pawn a creature of the state and has no reason for existence except as,Genesis 9:6,"Whoso sheddeth man's blood, by man shall his blood be shed: for in the image of God made he man.",0.2147405623799744,TRUE,,0.8
574,-2799628976916911463,"Debate Between the President and Former Vice President Walter F. Mondale in Louisville, Kentucky",Ronald Reagan,1984-10-07,over 14 percent whereas statewide it was the lowest in the country i believe--5.6 percent and you made the comment however that man does not live by bread alone what did you mean by that comment and if i interpret it correctly it would be a comment more addressed to the affluent who obviously can,Luke 4:4,"And Jesus answered him, saying, It is written, That man shall not live by bread alone, but by every word of God.",0.2071065211487508,TRUE,,0.9
604,-2818877555894851934,Remarks on Lighting the National Christmas Tree,Donald J. Trump (1st Term),2018-11-28,"world this is a sacred season that begins 2,000 years ago when jesus christ was born an angel declared to the shepherds tending their flocks behold i bring you good tidings great joy which shall be to all people for unto you is born this day in the city of david a saviour which is christ the lord there in bethlehem mary and joseph held",Luke 2:10,"And the angel said unto them, Fear not: for, behold, I bring you good tidings of great joy, which shall be to all people.",0.8354132916979092,TRUE,,1.0
605,-2818877555894851934,Remarks on Lighting the National Christmas Tree,Donald J. Trump (1st Term),2018-11-28,born an angel declared to the shepherds tending their flocks behold i bring you good tidings great joy which shall be to all people for unto you is born this day in the city of david a saviour which is christ the lord there in bethlehem mary and joseph held in their hands the son of god the light of the world and through him,Luke 2:11,"For unto you is born this day in the city of David a Saviour, which is Christ the Lord.",0.9520054121796524,TRUE,,0.95
655,-2875818834100256850,Remarks at the War Memorial Building in Nashville,Lyndon B. Johnson,1964-10-09,"men like that that are going to lead and speak the voice of tennessee in the future we are told in the scriptures that there is a time to every purpose under the heaven--""a time to break down and a time to build up well i believe that this is a time to build up and that is really the main issue in this campaign the issue is whether the american people want to continue to build our nation on",Ecclesiastes 3:1,"To every thing there is a season, and a time to every purpose under the heaven:",0.1080496084000984,TRUE,,0.9
656,-2875818834100256850,Remarks at the War Memorial Building in Nashville,Lyndon B. Johnson,1964-10-09,"men like that that are going to lead and speak the voice of tennessee in the future we are told in the scriptures that there is a time to every purpose under the heaven--""a time to break down and a time to build up well i believe that this is a time to build up and that is really the main issue in this campaign the issue is whether the american people want to continue to build our nation on",Ecclesiastes 3:3,"A time to kill, and a time to heal; a time to break down, and a time to build up;",0.2989145488288847,TRUE,,0.95
664,-2879552900064326934,Address to the Nation on Gun Violence,"Joseph R. Biden, Jr.",2022-06-02,raise you up on eagle's wings and bear you on the breath of dawn make you to shine like the sun and hold you in the palm of his hand that's my prayer for all of you god bless you note the president spoke at 7:32 p.m in the cross hall in his remarks he,Leviticus 14:26,And the priest shall pour of the oil into the palm of his own left hand:,0.1306268116707364,TRUE,,0.9
726,-2951581386530630958,"Remarks at the Annual Southern Baptist Convention in Atlanta, Georgia",George Bush,1991-06-06,what lincoln talked about when he said many times he went to his knees as president of the united states and as the psalmist wrote god is our refuge and strength a very present help in trouble god's light leads us forward and today as always let us pray for his continued guidance and his grace thank all of you,Psalms 46:1,"God is our refuge and strength, a very present help in trouble.",0.980376339683345,TRUE,,1.0
736,-2959664582077920862,"Remarks at the Dedication of the Pan American Flight 103 Memorial Cairn in Arlington, Virginia",William J. Clinton,1995-11-03,all labor for the day my fellow americans and citizens of the world when in the words of the psalm we shall not be afraid for the terror by night nor for the arrow that flieth by day nor for the pestilence that walketh in darkness nor for the destruction that wasteth at noonday the days are now shortening and december 21st approaches once again i hope to those of you who are members of,Psalms 91:5,Thou shalt not be afraid for the terror by night; nor for the arrow that flieth by day;,0.9323586801376268,TRUE,,1.0
737,-2959664582077920862,"Remarks at the Dedication of the Pan American Flight 103 Memorial Cairn in Arlington, Virginia",William J. Clinton,1995-11-03,my fellow americans and citizens of the world when in the words of the psalm we shall not be afraid for the terror by night nor for the arrow that flieth by day nor for the pestilence that walketh in darkness nor for the destruction that wasteth at noonday the days are now shortening and december 21st approaches once again i hope to those of you who are members of the families that the honor,Psalms 91:6,Nor for the pestilence that walketh in darkness; nor for the destruction that wasteth at noonday.,0.835380778193494,TRUE,,1.0
777,-3005470707782859028,Christmas Greeting to the Nation,Franklin D. Roosevelt,1937-12-24,of the birth of christ but instead an account of the great betrayal read what it says commanded the dominie and i read then judas which betrayed him answered and said master is it i he said unto him thou hast said my friend frowned but then he looked at me in triumph now i remember my hand is not as steady as it used,Matthew 26:25,"Then Judas, which betrayed him, answered and said, Master, is it I? He said unto him, Thou hast said.",0.9879655806401602,TRUE,,0.95
787,-3005470707782859028,Christmas Greeting to the Nation,Franklin D. Roosevelt,1937-12-24,my finger and not the top read the twenty-seventh verse it is not an eighth of an inch away read what it says and i read and he took the cup and gave thanks and gave it to them saying drink ye all of it mark that cried the old man exultantly not even to judas the betrayer was the wine of life denied i can preach my christmas sermon now and my text will be drink ye all of it good will toward men means good will to every last son of god peace on earth means peace to pilate peace to the thieves,Matthew 26:27,"And he took the cup, and gave thanks, and gave it to them, saying, Drink ye all of it;",0.959703782182909,TRUE,,0.95
812,-3035622380402574861,"Remarks at a Memorial Service for Firefighters in Worcester, Massachusetts",William J. Clinton,1999-12-09,community so they hastened to the dreadful place to save others for them there was no other way in the book of isaiah god asks whom shall i send and who will go for us and isaiah says here am i send me when the question again rang from the smoking skies last week paul brotherton timothy jackson jeremiah lucey jay lyons joseph mcguirk and thomas spencer also answered with a single voice here am i send me they were firefighters to the core heroes already as we have heard to their friends and loved ones not to mention the people they saved through the,Isaiah 6:8,"Also I heard the voice of the Lord, saying, Whom shall I send, and who will go for us? Then said I, Here am I; send me.",0.8859503465489202,TRUE,,0.9
817,-3035622380402574861,"Remarks at a Memorial Service for Firefighters in Worcester, Massachusetts",William J. Clinton,1999-12-09,the voice of god a wind shatters rocks in pieces but the bible says the lord is not in the wind then there's an earthquake and then a fire but god is not in the earthquake or in the fire but then the scripture says after the fire a still small voice it is that still small voice that spoke to those six good men that moved their souls to service and sacrifice the still small voice that endures through the ages that inspires the songs and words we have all shared today that must now carry this group of,1 Kings 19:12,And after the earthquake a fire; but the LORD was not in the fire: and after the fire a still small voice.,0.9787017803732896,TRUE,,1.0
831,-3045443525223357269,"Address at the American Jewish Tercentenary Dinner, New York City",Dwight D. Eisenhower,1954-10-20,noble concept of our common judeo-christian civilization shared by these two groups the ideal of peace i recall that wonderful prophecy of isaiah and the work of righteousness shall be peace and the effect of righteousness quietness and assurance forever the pursuit of peace is at once our religious obligation and our national policy peace in freedom where all men dwell in security is the,Isaiah 32:17,And the work of righteousness shall be peace; and the effect of righteousness quietness and assurance for ever.,0.9959939502912016,TRUE,,0.95
866,-3080284990873705590,Remarks at the National Prayer Breakfast,William J. Clinton,1994-02-03,second that we be honest and that we be fair sometimes i think the commandment we most like to overlook in this city is thou shalt not bear false witness third it requires that we give our bitterness and our resentments up i was thinking of this when mother teresa told the story of the,Exodus 20:16,Thou shalt not bear false witness against thy neighbour.,0.9692197494664077,TRUE,,1.0
914,-3133967114402160330,"Remarks Commemorating the 50th Anniversary of the Selma to Montgomery Marches for Voting Rights in Selma, Alabama",Barack Obama,2015-03-07,gush of blood and splintered bone would stay true to their north star and keep marching towards justice they did as scripture instructed rejoice in hope be patient in tribulation be constant in prayer and in the days to come they went back again and again when the trumpet call sounded for more to join,Romans 12:12,Rejoicing in hope; patient in tribulation; continuing instant in prayer;,0.9324179668398946,TRUE,,0.95
918,-3133967114402160330,"Remarks Commemorating the 50th Anniversary of the Selma to Montgomery Marches for Voting Rights in Selma, Alabama",Barack Obama,2015-03-07,early travelers and draw strength from their example and hold firmly to the words of the prophet isaiah those who hope in the lord will renew their strength they will soar on the wings like eagles they will run and not grow weary they will walk and not be faint we honor those who walked so we could run we must run so our children soar and we will not grow weary for we believe,Isaiah 40:31,"But they that wait upon the LORD shall renew their strength; they shall mount up with wings as eagles; they shall run, and not be weary; and they shall walk, and not faint.",0.9017687462474792,TRUE,,1.0
932,-3142615185953025381,Remarks at the Metropolitan Baptist Church,William J. Clinton,1997-12-07,instead of down the street at foundry where i normally am on sunday ephesians says we should speak the truth with our neighbors for we are members one of another i believe that i think that is the single most important political insight or social insight in the bible and i think it is what should drive us as we behave together we have to decide whether we are members one of the other is my destiny caught up in yours are your children my children do you care about my daughter are we part,Ephesians 4:25,"Wherefore putting away lying, speak every man truth with his neighbour: for we are members one of another.",0.9240650888737656,TRUE,,0.95
1004,-3203243548961866893,"Remarks Conceding the Presidential Election in Springfield, Illinois",Adlai Stevenson,1952-11-05,people have made their choice and i congratulate you that you may be the servant and guardian of peace and make the vale of trouble a door of hope is my earnest prayer best wishes adlai e stevenson someone asked me as i came in down on the street how i felt i was reminded,Hosea 2:15,"And I will give her her vineyards from thence, and the valley of Achor for a door of hope: and she shall sing there, as in the days of her youth, and as in the day when she came up out of the land of Egypt.",0.2943452214133174,TRUE,,0.7
1037,-3242075891820818278,"Remarks at a Wreath-Laying Ceremony at the Pentagon Memorial in Arlington, Virginia",Barack Obama,2013-09-11,members good morning the president from scripture we learn of the miracle of restoration you who have made me see many troubles and calamities will revive me again from the depths of the earth you will bring me up again you will increase my greatness and comfort me again secretary hagel general dempsey members of our armed forces and most of all the survivors who,Psalms 71:20,"Thou, which hast shewed me great and sore troubles, shalt quicken me again, and shalt bring me up again from the depths of the earth.",0.4790261225678082,TRUE,,0.9
1038,-3242075891820818278,"Remarks at a Wreath-Laying Ceremony at the Pentagon Memorial in Arlington, Virginia",Barack Obama,2013-09-11,who have made me see many troubles and calamities will revive me again from the depths of the earth you will bring me up again you will increase my greatness and comfort me again secretary hagel general dempsey members of our armed forces and most of all the survivors who bear the wounds of that day and the families of,Psalms 71:21,"Thou shalt increase my greatness, and comfort me on every side.",0.8802636451754113,TRUE,,0.9
1049,-325477451616808545,The President's Radio Address,William J. Clinton,1994-04-02,over despair and life over death at this season we're reminded that americans are a people of many faiths but most of all we are a people of faith the bible i carry to church on sunday says faith is the assurance of things hoped for the conviction of things unseen america is a special nation because it is the product of that kind of faith in the future to which so many have held fast in spite of fearsome obstacles and great hardships always we have believed that we could do better conquer injustice,Hebrews 11:1,"Now faith is the substance of things hoped for, the evidence of things not seen.",0.3736862047994757,TRUE,,0.9
1050,-325477451616808545,The President's Radio Address,William J. Clinton,1994-04-02,people of many faiths but most of all we are a people of faith the bible i carry to church on sunday says faith is the assurance of things hoped for the conviction of things unseen america is a special nation because it is the product of that kind of faith in the future to,Hebrews 11:1,"Now faith is the substance of things hoped for, the evidence of things not seen.",0.7886051927787007,TRUE,,0.9
1067,-3269642761165161195,"Remarks at the Dedication of the Shrine of Our Lady of Czestochowa, Doylestown, Pennsylvania",Lyndon B. Johnson,1966-10-16,care about human beings when we reach out to help those who are less fortunate than ourselves let us remember the words of christ inasmuch as ye have done it unto one of the least of these my brethren ye have done it unto me and now as we are striving to expand the horizons of 20 million americans we have not forgotten the urgent pleas of the millions of,Matthew 25:40,"And the King shall answer and say unto them, Verily I say unto you, Inasmuch as ye have done it unto one of the least of these my brethren, ye have done it unto me.",0.8630121099505025,TRUE,,1.0
1070,-3269642761165161195,"Remarks at the Dedication of the Shrine of Our Lady of Czestochowa, Doylestown, Pennsylvania",Lyndon B. Johnson,1966-10-16,much is at stake the fabric of our whole society is at stake the future of all civilization is at stake but remembering the words thou shalt love thy neighbor as thyself i have great hopes for the future and i believe you do too thank you very much note the president spoke at 3:40,Matthew 22:39,"And the second is like unto it, Thou shalt love thy neighbour as thyself.",0.1401286221387833,TRUE,,0.9
1085,-3285827377646729838,"Remarks at a Transfer of Remains Ceremony for the Victims of the Attack on the U.S. Mission in Benghazi, Libya",Barack Obama,2012-09-14,our head high knowing that because of these patriots-because of you-this country that we love will always shine as a light unto the world greater love hath no man than this that a man lay down his life for his friends the flag they served under now carries them home may god bless the memory of these men who laid down their lives for us,John 15:13,"Greater love hath no man than this, that a man lay down his life for his friends.",0.8539547655308244,TRUE,,1.0
1164,-3343751333762478782,Remarks on Lighting the National Christmas Tree,George W. Bush,2003-12-04,was understandable she asked how can this be the news would bring difficulty to her family and suspicion upon herself yet mary gave her reply be it unto me according to thy word the wait for a new king had been long and the manner of his arrival was not as many had expected the king's first cries were heard,Luke 1:38,"And Mary said, Behold the handmaid of the Lord; be it unto me according to thy word. And the angel departed from her.",0.857701037454779,TRUE,,1.0
1194,-3373734053030208096,"Remarks in Orlando, Florida",Lyndon B. Johnson,1964-10-26,itself the real test of america is the larger purpose to which we turn our prosperity we must in the words of the bible learn to do well seek judgment relieve the oppressed judge the fatherless plead for the widow in that pursuit we will give special attention to the problems of the older americans in our country today there are 18 million americans over,Isaiah 1:17,"Learn to do well; seek judgment, relieve the oppressed, judge the fatherless, plead for the widow.",0.6869250903193169,TRUE,,0.9
1217,-338936666842335099,Remarks to Direct Connection Program Participants,Ronald Reagan,1988-05-16,and inspired words the hopes of your generation for a peaceful future and if you don't mind i find his words especially fitting today blessed are the peacemakers he said for they shall be called the sons of god blessed are the gentle for they shall inherit the earth well thank you all for coming here today and god bless all of you and now we're going to come down and shake hands audience member,Matthew 5:5,Blessed are the meek: for they shall inherit the earth.,0.6272553857377536,TRUE,,0.9
1267,-3426112089482921310,Inaugural Address,Jimmy Carter,1977-01-20,bible my mother gave me just a few years ago opened to a timeless admonition from the ancient prophet micah he hath showed thee o man what is good and what doth the lord require of thee but to do justly and to love mercy and to walk humbly with thy god this inauguration ceremony marks a new beginning a new dedication within our government and a new spirit among us all a president may,Micah 6:8,"He hath shewed thee, O man, what is good; and what doth the LORD require of thee, but to do justly, and to love mercy, and to walk humbly with thy God?",0.96696883495049,TRUE,,1.0
1311,-3463919211489148,"Remarks at a Rally for Democratic Candidates in Cleveland, Ohio",William J. Clinton,1994-11-01,forward to tomorrow not backward to yesterday our kids depend on it our country depends on it and we're going to do it proverbs says a happy heart doeth good like medicine but a broken spirit dryeth the bones when you are raising children what's one of the first things you try to teach your kids when they're old enough,Proverbs 17:22,A merry heart doeth good like a medicine: but a broken spirit drieth the bones.,0.9493191696870832,TRUE,,0.95
1324,-3474513139703486213,"Cairo, Egypt Remarks of President Anwar at-Sadat and President Carter at the Welcoming Ceremony.",Jimmy Carter,1979-03-08,peace as we work together in the crucial discussions that are about to begin let us pray god in the words of the christian gospel to guide our feet into the way of peace thank you very much note the exchange began at 3:30 p.m on the terrace of qubba palace where the president stayed during his visit to cairo,Luke 1:79,"To give light to them that sit in darkness and in the shadow of death, to guide our feet into the way of peace.",0.9264189250950866,TRUE,,0.9
1329,-3479091504623089330,Remarks at the Partners in History Dinner in New York City,William J. Clinton,2000-09-11,us we must recognize our common humanity we must love our neighbor as ourselves if we turn aside a stranger it is as if we turn aside the most high god but when the past is piled high with hurt and hatred that is a hard lesson to live by we cannot undo past wrongs,Exodus 22:21,"Thou shalt neither vex a stranger, nor oppress him: for ye were strangers in the land of Egypt.",0.8522039786190874,TRUE,,0.9
1384,-3541713181829526150,Remarks at the Signing of the Health Research Facilities Amendments of 1965,Lyndon B. Johnson,1965-08-09,results which not only increase man's knowledge but the strength of his body and the length of his life quoting from the bible and philip went down to the city of samaria and proclaimed unto them the christ and the multitude gave heed with one accord unto the things that were spoken by philip when they heard and saw the,Acts 8:5,"Then Philip went down to the city of Samaria, and preached Christ unto them.",0.997304269406576,TRUE,,1.0
1387,-3541713181829526150,Remarks at the Signing of the Health Research Facilities Amendments of 1965,Lyndon B. Johnson,1965-08-09,them the christ and the multitude gave heed with one accord unto the things that were spoken by philip when they heard and saw the signs which he did for some of those that had,Acts 8:6,"And the people with one accord gave heed unto those things which Philip spake, hearing and seeing the miracles which he did.",0.9800289222475772,TRUE,,0.95
1395,-3541713181829526150,Remarks at the Signing of the Health Research Facilities Amendments of 1965,Lyndon B. Johnson,1965-08-09,signs which he did for some of those that had unclean spirits that came out crying with a loud voice and many that were palsied and were lame were healed and there was much joy in that city acts 8 5-8 and besides this giving all diligence add to your faith virtue and to virtue,Acts 8:7,"For unclean spirits, crying with loud voice, came out of many that were possessed with them: and many taken with palsies, and that were lame, were healed.",0.9443391898653144,TRUE,,0.95
1395,-3541713181829526150,Remarks at the Signing of the Health Research Facilities Amendments of 1965,Lyndon B. Johnson,1965-08-09,signs which he did for some of those that had unclean spirits that came out crying with a loud voice and many that were palsied and were lame were healed and there was much joy in that city acts 8 5-8 and besides this giving all diligence add to your faith virtue and to virtue,Acts 8:8,And there was great joy in that city.,0.9443391898653144,TRUE,,0.95
1396,-3541713181829526150,Remarks at the Signing of the Health Research Facilities Amendments of 1965,Lyndon B. Johnson,1965-08-09,and many that were palsied and were lame were healed and there was much joy in that city acts 8 5-8 and besides this giving all diligence add to your faith virtue and to virtue knowledge and to knowledge temperance and to temperance patience and to patience godliness and to godliness brotherly kindness and to brotherly kindness love for if,2 Peter 1:5,"And beside this, giving all diligence, add to your faith virtue; and to virtue knowledge;",0.9908779948485816,TRUE,,0.99
1397,-3541713181829526150,Remarks at the Signing of the Health Research Facilities Amendments of 1965,Lyndon B. Johnson,1965-08-09,and there was much joy in that city acts 8 5-8 and besides this giving all diligence add to your faith virtue and to virtue knowledge and to knowledge temperance and to temperance patience and to patience godliness and to godliness brotherly kindness and to brotherly kindness love for if these things are yours and they abound they make you to be not idle nor unfruitful unto the knowledge of our lord jesus christ wherefore the rather brethren give diligence to make your calling and election sure for if ye do these things ye shall never fall 2 peter 1 5-8 10 and as my minister said yesterday at camp david i am not here to ask any person to change their religion i am,2 Peter 1:6,And to knowledge temperance; and to temperance patience; and to patience godliness;,0.806181312547671,TRUE,,0.9
1398,-3541713181829526150,Remarks at the Signing of the Health Research Facilities Amendments of 1965,Lyndon B. Johnson,1965-08-09,all diligence add to your faith virtue and to virtue knowledge and to knowledge temperance and to temperance patience and to patience godliness and to godliness brotherly kindness and to brotherly kindness love for if these things are yours and they abound they make you to be not idle nor unfruitful unto the knowledge of,2 Peter 1:7,And to godliness brotherly kindness; and to brotherly kindness charity.,0.9064689338977452,TRUE,,0.95
1400,-3541713181829526150,Remarks at the Signing of the Health Research Facilities Amendments of 1965,Lyndon B. Johnson,1965-08-09,knowledge and to knowledge temperance and to temperance patience and to patience godliness and to godliness brotherly kindness and to brotherly kindness love for if these things are yours and they abound they make you to be not idle nor unfruitful unto the knowledge of our lord jesus christ wherefore the rather brethren give diligence to make your calling and election sure for if ye do these things ye shall never fall 2 peter 1 5-8 10 and as my minister said yesterday at camp david i am not here to ask any person to change their religion i am,2 Peter 1:8,"For if these things be in you, and abound, they make you that ye shall neither be barren nor unfruitful in the knowledge of our Lord Jesus Christ.",0.973068087018948,TRUE,,0.95
1410,-3541713181829526150,Remarks at the Signing of the Health Research Facilities Amendments of 1965,Lyndon B. Johnson,1965-08-09,these things are yours and they abound they make you to be not idle nor unfruitful unto the knowledge of our lord jesus christ wherefore the rather brethren give diligence to make your calling and election sure for if ye do these things ye shall never fall 2 peter 1 5-8 10 and as my minister said yesterday at camp david i am not here to ask any person to,2 Peter 1:10,"Wherefore the rather, brethren, give diligence to make your calling and election sure: for if ye do these things, ye shall never fall:",0.9498661016896894,TRUE,,0.95
1427,-3553306865890769603,Toasts of the President and President Ephraim Katzir of Israel at a State Dinner in Jerusalem,Richard Nixon,1974-06-16,our cherished goal we are not a martial people our legendary heroes are prophets and scholars we are the authors of mankind's oldest pacific tradition make peace and pursue it declared the psalmist i can therefore assure you on behalf of the government and the people of israel that we are eager to pursue the,Psalms 34:14,"Depart from evil, and do good; seek peace, and pursue it.",0.2738613681255961,TRUE,,0.8
1446,-3575758400618048582,Remarks at the Connecticut State Republican Convention in Hartford,Gerald R. Ford,1976-07-16,future together as a party and as a people it is as true today as it was in lincoln's day that a house divided against itself cannot stand for our party that means joining ranks in a common struggle the republican party this year has demonstrated throughout america the vigor,Mark 3:25,"And if a house be divided against itself, that house cannot stand.",0.9189543024955358,TRUE,,1.0
1471,-3591096225091265135,The President's Inaugural Address,Lyndon B. Johnson,1965-01-20,promises and to the old dreams they will lead you best of all for myself i ask only in the words of an ancient leader give me now wisdom and knowledge that i may go out and come in before this people for who can judge this thy people that is so great as delivered in person at the capitol at 12:02 p.m lyndon b johnson the president's inaugural address,2 Chronicles 1:10,"Give me now wisdom and knowledge, that I may go out and come in before this people: for who can judge this thy people, that is so great?",0.7345628310723089,TRUE,,0.9
1493,-3600620680511264801,Address in San Francisco at the Closing Session of the United Nations Conference.,Harry S Truman,1945-06-26,time when all worthy human beings may be permitted to live decently as free people the world has learned again that nations like individuals must know the truth if they would be free--must read and hear the truth learn and teach the truth we must set up an effective agency for constant and thorough interchange,John 8:32,"And ye shall know the truth, and the truth shall make you free.",0.744120217185277,TRUE,,0.9
1504,-3616057189600097180,Remarks at the National Prayer Breakfast,George W. Bush,2007-02-01,true strength of the united states of america we come from many different faiths yet we share this profound conviction we believe that god listens to the voice of his children and pours his grace upon those who seek him in prayer i appreciate mr congressman you and jo ann davis for leading this prayer,Psalms 66:19,But verily God hath heard me; he hath attended to the voice of my prayer.,0.7181339750211041,TRUE,,0.9
1541,-3657800411020096471,Remarks at the 14th Annual Presidential Prayer Breakfast,Lyndon B. Johnson,1966-02-17,the great leaders of the most powerful nation in all the world yet not a single one of us is ashamed to say i will lift up mine eyes unto the hills from whence cometh my help just a few blocks from here on the front of the national archives is an inscription the past is prologue as your president,Psalms 121:1,"I will lift up mine eyes unto the hills, from whence cometh my help.",0.9796530923815684,TRUE,,1.0
1542,-3657800411020096471,Remarks at the 14th Annual Presidential Prayer Breakfast,Lyndon B. Johnson,1966-02-17,have found courage to meet another day in a world where peace on earth is still only an empty dream the prophet isaiah tells us they that wait upon the lord shall renew their strength they shall mount up with wings as eagles they shall run and not be weary and they shall walk and not faint i believe that with all my heart but in these troubled times i am sustained by much more than my own prayers i,Isaiah 40:31,"But they that wait upon the LORD shall renew their strength; they shall mount up with wings as eagles; they shall run, and not be weary; and they shall walk, and not faint.",0.3202779061789956,TRUE,,0.9
1548,-3662531105516216520,"Remarks at the Dedication of Fishtrap Dam Near Pikeville, Kentucky",Lyndon B. Johnson,1968-10-26,much i have yet to do so that is the way i feel in the twilight of my political career after 38 years we have fought a good fight we have stayed the course but so little have i done so much we have yet to do sixty education bills 40 health bills the secretary,2 Timothy 4:7,"I have fought a good fight, I have finished my course, I have kept the faith:",0.939064642077871,TRUE,,0.9
1553,-3662947229549591216,"Remarks at the Dedication of Mount Zion A.M.E. Church in Greeleyville, South Carolina",William J. Clinton,1996-06-12,ever let this happen in our country again long before president lincoln said it the lord spoke to us in the scripture and said a house divided against itself cannot stand it was always true what a price we paid down here when we forgot it what a benefit we have gained down here when,Mark 3:25,"And if a house be divided against itself, that house cannot stand.",0.8428227455563561,TRUE,,0.9
1556,-3664244604405364887,Remarks at a National Day of Prayer Service,Donald J. Trump (1st Term),2019-05-02,please bow your heads for a prayer the lord bless you and keep you the lord makes his face to shine upon you and be gracious to you the lord lift up his countenance upon you and give you peace amen audience members amen the first lady mr president the,Numbers 6:25,"The LORD make his face shine upon thee, and be gracious unto thee:",0.1758267747564166,TRUE,,0.9
1557,-3664244604405364887,Remarks at a National Day of Prayer Service,Donald J. Trump (1st Term),2019-05-02,a prayer the lord bless you and keep you the lord makes his face to shine upon you and be gracious to you the lord lift up his countenance upon you and give you peace amen audience members amen the first lady mr president the president thank you very much honey thank you please thank,Numbers 6:26,"The LORD lift up his countenance upon thee, and give thee peace.",0.8539869440189223,TRUE,,0.95
1560,-3664244604405364887,Remarks at a National Day of Prayer Service,Donald J. Trump (1st Term),2019-05-02,us that prayer works miracles and prayer saves lives and as god promises in the bible those who hope in the lord will renew their strength they will soar on the wings like eagles they will run and not grow weary and they will walk and not be faint and that's something that mike and i think about all the time right mike laughter on this prayer day-what do you think mike i think so,Isaiah 40:31,"But they that wait upon the LORD shall renew their strength; they shall mount up with wings as eagles; they shall run, and not be weary; and they shall walk, and not faint.",0.6591051458843072,TRUE,,0.95
1583,-3682636897705852486,Interview With Foreign Journalists in Cairo,Barack Obama,2009-06-04,make arguments that are based on my belief and my faith right if i'm a christian i believe in the ten commandments and it says thou shalt not kill if i'm a politician and i say i'm going to pass a law against murdering somebody that's not me practicing my religious faith that's me practicing,Deuteronomy 5:17,Thou shalt not kill.,0.5833213217662707,TRUE,,1.0
1584,-3682636897705852486,Interview With Foreign Journalists in Cairo,Barack Obama,2009-06-04,make arguments that are based on my belief and my faith right if i'm a christian i believe in the ten commandments and it says thou shalt not kill if i'm a politician and i say i'm going to pass a law against murdering somebody that's not me practicing my religious faith that's me practicing,Exodus 20:13,Thou shalt not kill.,0.5833213217662707,TRUE,,1.0
1618,-3716225672006079840,Remarks at the Pageant of Peace Ceremonies.,John F. Kennedy,1962-12-17,the birthday of the prince of peace there could be no more striking proof that christmas is truly the universal holiday of all men it is the day when all of us dedicate our thoughts to others when all are reminded that mercy and compassion are the enduring virtues when all show by small deeds and large and by acts that it is more blessed to give than to receive it is the day when we remind ourselves that man can and must live in peace with his neighbors and that it is the peacemakers who are truly blessed in,Acts 20:35,"I have shewed you all things, how that so labouring ye ought to support the weak, and to remember the words of the Lord Jesus, how he said, It is more blessed to give than to receive.",0.8038506631504445,TRUE,,0.9
1618,-3716225672006079840,Remarks at the Pageant of Peace Ceremonies.,John F. Kennedy,1962-12-17,the birthday of the prince of peace there could be no more striking proof that christmas is truly the universal holiday of all men it is the day when all of us dedicate our thoughts to others when all are reminded that mercy and compassion are the enduring virtues when all show by small deeds and large and by acts that it is more blessed to give than to receive it is the day when we remind ourselves that man can and must live in peace with his neighbors and that it is the peacemakers who are truly blessed in,Matthew 5:9,Blessed are the peacemakers: for they shall be called the children of God.,0.8038506631504445,TRUE,,0.9
0,-3757985314041078677,Remarks at the Signing Ceremony for the Israeli-Palestinian West Bank Accord,William J. Clinton,1995-09-28,made a peace worthy of your great forebear abraham patriarch of both arabs and jews sacrificed power for peace when he said to his nephew lot let there be no strife between thee and me if thou will take the left hand then i will go to the right patience and persistence courage and sacrifice,Genesis 13:8,"And Abram said unto Lot, Let there be no strife, I pray thee, between me and thee, and between my herdmen and thy herdmen; for we be brethren.",0.8222280176490366,TRUE,,0.9
14,-3774915826807527377,Remarks in San Francisco at the Dedication of the Federal Building.,Lyndon B. Johnson,1964-06-19,fulfillment and freedom for all men these words are our faith that he will favor our undertaking as long as we heed his injunction to let your light so shine before men that they may see your good works well i have come here today to ask you great citizens of san francisco to join up in that forward march to complete the great unfinished,Matthew 5:16,"Let your light so shine before men, that they may see your good works, and glorify your Father which is in heaven.",0.9484370800108592,TRUE,,0.9
36,-3800072351384350937,Remarks at the Professional Athletes Prayer Brunch,Gerald R. Ford,1976-02-15,of god your faith in him a love and a faith that betty and i share the apostle paul writing the corinthians said they which run in a race run all but one receiveth the prize everyone in this room has run the race you have received the prize that comes with excellence you have tasted what jim mckay 1,1 Corinthians 9:24,"Know ye not that they which run in a race run all, but one receiveth the prize? So run, that ye may obtain.",0.9991913122118186,TRUE,,1.0
38,-3800072351384350937,Remarks at the Professional Athletes Prayer Brunch,Gerald R. Ford,1976-02-15,is on your side--and he will be if you are on his--no man no woman can ever defeat you as the bible said god be for us who can be against us as president and as one who has been in the political arena for 27 years i have had my share of political victories--as,Romans 8:31,"What shall we then say to these things? If God be for us, who can be against us?",0.6369779993356975,TRUE,,0.8
40,-3800072351384350937,Remarks at the Professional Athletes Prayer Brunch,Gerald R. Ford,1976-02-15,all of your lives let us strive always to achieve it so that we may say with paul at the end of our lives i have fought a good fight i have finished my course i have kept the faith thank you very much 1 abc sports commentator note the president spoke at 11:45 a.m in the east room at the white house gerald r,2 Timothy 4:7,"I have fought a good fight, I have finished my course, I have kept the faith:",0.9866624215715168,TRUE,,1.0
120,-388057326569171729,Remarks at an Anti-Defamation League Dinner in Atlanta,William J. Clinton,1999-10-29,difference institute to teach tolerance on campuses and to law enforcement officials across our land i thank you for all that the talmud says should anyone turn aside the right of a stranger it is as though he were to turn aside the right of the most high god well that passage carries special meaning in the world in which we live because the great irony of this time is that we stand on the,Lamentations 3:35,"To turn aside the right of a man before the face of the most High,",0.9119535459525197,TRUE,,0.95
133,-3894389951206864223,Radio Address to the Nation on the Observance of Mother's Day,Ronald Reagan,1983-05-07,emphasis my mother nelle made all those marks in that book she used it to instruct her two young sons and i look to it still a passage in proverbs describes the ideal woman saying strength and dignity are her clothing and she smiles at the future she opens her mouth in wisdom and the teaching of kindness is on her tongue give her the product of her hands and let her works praise her in the gates well that passage calls for us to recognize the enormous strengths and contributions of women wives and mothers and indicates to me that society always needs a,Proverbs 31:31,Give her of the fruit of her hands; and let her own works praise her in the gates.,0.7717727682665467,TRUE,,0.9
134,-3894389951206864223,Radio Address to the Nation on the Observance of Mother's Day,Ronald Reagan,1983-05-07,instruct her two young sons and i look to it still a passage in proverbs describes the ideal woman saying strength and dignity are her clothing and she smiles at the future she opens her mouth in wisdom and the teaching of kindness is on her tongue give her the product of her hands and,Proverbs 31:25,Strength and honour are her clothing; and she shall rejoice in time to come.,0.9687717631132896,TRUE,,0.9
144,-3909971615141194809,"Remarks at the Memorial Service at Eglin Air Force Base, Florida, for American Servicemen Killed in Saudi Arabia",William J. Clinton,1996-06-30,for granted traveling far from home and family to take up america's cause there is a passage in isaiah in which god wonders whom shall i send and who will go for us isaiah answers here am i lord send me these men we honor today said to america send me we will remember them as patriots but they were also husbands and fathers sons,Isaiah 6:8,"Also I heard the voice of the Lord, saying, Whom shall I send, and who will go for us? Then said I, Here am I; send me.",0.9078127822717384,TRUE,,0.95
172,-3940961242659038335,Remarks at the National Day of Prayer and Remembrance Service,George W. Bush,2005-09-16,in the worst of storms and in the rush of flood waters even the strongest faith can be tested yet the scriptures assure us many waters cannot quench love neither can the floods drown it so now we go forward confident in the good heart of america and trusting that even among the ruins the love of god remains at,Song of Solomon 8:7,"Many waters cannot quench love, neither can the floods drown it: if a man would give all the substance of his house for love, it would utterly be contemned.",0.78585606278049,TRUE,,0.9
199,-3959161538748170675,"Remarks Honoring Martin Luther King, Jr., in Atlanta, Georgia","Joseph R. Biden, Jr.",2023-01-15,say keep the faith he followed the path of joseph a believer in dreams in the divinity they carry in the promise they hold and like john the baptist he prepared us for the greater hope ahead one who came to bear witness to the light reverend dr martin luther king jr was a nonviolent,John 1:7,"The same came for a witness, to bear witness of the Light, that all men through him might believe.",0.7688094751680964,TRUE,,0.9
200,-3959161538748170675,"Remarks Honoring Martin Luther King, Jr., in Atlanta, Georgia","Joseph R. Biden, Jr.",2023-01-15,his path-to his path the path that leads to the beloved community to the sacred place and that sacred hour when justice rains down like waters and righteousness was a mighty stream folks to the king family i know no matter how many years pass-it doesn't matter how many years pass-those days of remembrance are,Amos 5:24,"But let judgment run down as waters, and righteousness as a mighty stream.",0.9388075921984876,TRUE,,0.9
203,-3959161538748170675,"Remarks Honoring Martin Luther King, Jr., in Atlanta, Georgia","Joseph R. Biden, Jr.",2023-01-15,in scripture and enshrined in the declaration of independence a sacred proposition he invoked on that day in 1963 when he told my generation about his dream a dream in which we're all entitled to be treated with-my father's favorite word-dignity and respect a dream in which we all deserve liberty and justice and it is still the task of our time to make that dream a reality because it's,Genesis 41:11,"And we dreamed a dream in one night, I and he; we dreamed each man according to the interpretation of his dream.",0.8342684803943597,TRUE,,0.9
207,-3959161538748170675,"Remarks Honoring Martin Luther King, Jr., in Atlanta, Georgia","Joseph R. Biden, Jr.",2023-01-15,and history teach us that however dark the night joy cometh in the morning and that joy comes with the commandments of scripture love the lord thy god with all thy heart all thy mind and all thy soul and love thy neighbor as thy self easy to say easy to say but very hard to do but in that commandment in my view lies,Luke 10:27,"And he answering said, Thou shalt love the Lord thy God with all thy heart, and with all thy soul, and with all thy strength, and with all thy mind; and thy neighbour as thyself.",0.9747338197052056,TRUE,,0.95
208,-3959161538748170675,"Remarks Honoring Martin Luther King, Jr., in Atlanta, Georgia","Joseph R. Biden, Jr.",2023-01-15,and history teach us that however dark the night joy cometh in the morning and that joy comes with the commandments of scripture love the lord thy god with all thy heart all thy mind and all thy soul and love thy neighbor as thy self easy to say easy to say but very hard to do but in that commandment in my view lies,Mark 12:30,"And thou shalt love the Lord thy God with all thy heart, and with all thy soul, and with all thy mind, and with all thy strength: this is the first commandment.",0.9674326800144054,TRUE,,0.95
209,-3959161538748170675,"Remarks Honoring Martin Luther King, Jr., in Atlanta, Georgia","Joseph R. Biden, Jr.",2023-01-15,and history teach us that however dark the night joy cometh in the morning and that joy comes with the commandments of scripture love the lord thy god with all thy heart all thy mind and all thy soul and love thy neighbor as thy self easy to say easy to say but very hard to do but in that commandment in my view lies,Matthew 22:37,"Jesus said unto him, Thou shalt love the Lord thy God with all thy heart, and with all thy soul, and with all thy mind.",0.9816605922670104,TRUE,,0.95
239,-3994233452307394957,"Remarks at a Memorial Service Honoring Victims of the Iraq Helicopter Tragedy at Fort Myer, Virginia",William J. Clinton,1994-04-25,as president lincoln said the almighty has his own purposes that the faith which sustains us according to the scripture is the assurance of things hoped for the convictions of things unseen as i look out into the faces of mothers and fathers and wives and sons and daughters and brothers and sisters i say,Hebrews 11:1,"Now faith is the substance of things hoped for, the evidence of things not seen.",0.9226993617581332,TRUE,,0.9
309,-4066860391241254943,Remarks Before the National Convention Upon Accepting the Nomination,Lyndon B. Johnson,1964-08-27,and the hand of affection and love to the old and the sick and the hungry for who among us dares to betray the command thou shalt open thine hand--unto thy brother to thy poor and to thy needy in thy land the needs that we seek to fill the hopes that we seek to realize are not our needs our hopes alone they are,Deuteronomy 15:11,"For the poor shall never cease out of the land: therefore I command thee, saying, Thou shalt open thine hand wide unto thy brother, to thy poor, and to thy needy, in thy land.",0.98676068618996,TRUE,,1.0
382,-414110545384218750,Toasts of the President and Prime Minister Eshkol at a Dinner at the LBJ Ranch,Lyndon B. Johnson,1968-01-07,if we work together--perhaps our nation and all nations may know the joys of that promise god once made about the children of israel i will make a covenant of peace with them it shall be an everlasting covenant let that be our toast to each other--our governments and our peoples--as this new year begins its days are brighter mr prime minister because you lighten,Ezekiel 37:26,"Moreover I will make a covenant of peace with them; it shall be an everlasting covenant with them: and I will place them, and multiply them, and will set my sanctuary in the midst of them for evermore.",0.830104816936883,TRUE,,0.9
384,-4141682573096037053,Radio Report to the American People on the Achievements of the Administration and the 83d Congress.,Dwight D. Eisenhower,1953-08-06,the federal government itself both the executive and the legislative branches have worked with patience and good will to ensure that this government not be divided against itself this mutual consideration between congress and the president is less tangible but more vital than any reorganization bill ever passed or contemplated vital to coherent and consistent,Mark 3:25,"And if a house be divided against itself, that house cannot stand.",0.3153475443514507,TRUE,,0.8
395,-4157183030962807470,"Miami, Florida Remarks and a Question-and-Answer Session at a Town Meeting.",Jimmy Carter,1980-10-21,leaders of israel and perhaps other countries-judah certainly the bible also-specifies and other religions do as well-the moslem religion has very strict ethical and moral standards about judge not that ye be not judged and love your neighbor as yourself and one bible verse the first one i ever learned in the new testament says god is love self-discipline is,Matthew 7:1,"Judge not, that ye be not judged.",0.6164413563369316,TRUE,,0.9
395,-4157183030962807470,"Miami, Florida Remarks and a Question-and-Answer Session at a Town Meeting.",Jimmy Carter,1980-10-21,leaders of israel and perhaps other countries-judah certainly the bible also-specifies and other religions do as well-the moslem religion has very strict ethical and moral standards about judge not that ye be not judged and love your neighbor as yourself and one bible verse the first one i ever learned in the new testament says god is love self-discipline is,Leviticus 19:18,"Thou shalt not avenge, nor bear any grudge against the children of thy people, but thou shalt love thy neighbour as thyself: I am the Lord.",0.6164413563369316,TRUE,,0.9
395,-4157183030962807470,"Miami, Florida Remarks and a Question-and-Answer Session at a Town Meeting.",Jimmy Carter,1980-10-21,leaders of israel and perhaps other countries-judah certainly the bible also-specifies and other religions do as well-the moslem religion has very strict ethical and moral standards about judge not that ye be not judged and love your neighbor as yourself and one bible verse the first one i ever learned in the new testament says god is love self-discipline is,1 John 4:8,“He that loveth not knoweth not God; for God is love.”,0.6164413563369316,TRUE,,0.9
406,-4165182355474045856,"Remarks at Saint John Baptist Church in Columbia, South Carolina","Joseph R. Biden, Jr.",2024-01-28,to thank steve for his friendship and his leadership you know it's a covenant we have with each other that comes from a-from the commands of scripture love the lord thy god with all thy heart and all thy mind and all thy soul love thy neighbor as thyself easy to say but really hard to do easy to say but hard to do but in those commands is the,Deuteronomy 6:5,"And thou shalt love the LORD thy God with all thine heart, and with all thy soul, and with all thy might.",0.5036664832390237,TRUE,,0.9
407,-4165182355474045856,"Remarks at Saint John Baptist Church in Columbia, South Carolina","Joseph R. Biden, Jr.",2024-01-28,to thank steve for his friendship and his leadership you know it's a covenant we have with each other that comes from a-from the commands of scripture love the lord thy god with all thy heart and all thy mind and all thy soul love thy neighbor as thyself easy to say but really hard to do easy to say but hard to do but in those commands is the,Luke 10:27,"And he answering said, Thou shalt love the Lord thy God with all thy heart, and with all thy soul, and with all thy strength, and with all thy mind; and thy neighbour as thyself.",0.9202198109407074,TRUE,,0.95
408,-4165182355474045856,"Remarks at Saint John Baptist Church in Columbia, South Carolina","Joseph R. Biden, Jr.",2024-01-28,to thank steve for his friendship and his leadership you know it's a covenant we have with each other that comes from a-from the commands of scripture love the lord thy god with all thy heart and all thy mind and all thy soul love thy neighbor as thyself easy to say but really hard to do easy to say but hard to do but in those commands is the,Mark 12:30,"And thou shalt love the Lord thy God with all thy heart, and with all thy soul, and with all thy mind, and with all thy strength: this is the first commandment.",0.9593562735542832,TRUE,,0.95
409,-4165182355474045856,"Remarks at Saint John Baptist Church in Columbia, South Carolina","Joseph R. Biden, Jr.",2024-01-28,to thank steve for his friendship and his leadership you know it's a covenant we have with each other that comes from a-from the commands of scripture love the lord thy god with all thy heart and all thy mind and all thy soul love thy neighbor as thyself easy to say but really hard to do easy to say but hard to do but in those commands is the,Matthew 22:37,"Jesus said unto him, Thou shalt love the Lord thy God with all thy heart, and with all thy soul, and with all thy mind.",0.9786129666141548,TRUE,,0.98
411,-4165182355474045856,"Remarks at Saint John Baptist Church in Columbia, South Carolina","Joseph R. Biden, Jr.",2024-01-28,have with each other that comes from a-from the commands of scripture love the lord thy god with all thy heart and all thy mind and all thy soul love thy neighbor as thyself easy to say but really hard to do easy to say but hard to do but in those commands is the,Matthew 19:19,"Honour thy father and thy mother: and, Thou shalt love thy neighbour as thyself.",0.3996109123799619,TRUE,,0.9
418,-4172077167410071669,"Remarks at a Memorial Day Ceremony in Arlington, Virginia",George W. Bush,2003-05-26,iraqi freedom earning both the bronze star and the purple heart on the back of his dog tag were engraved these words from the book of joshua have not i commanded thee be strong and of good courage be not afraid neither be thou dismayed for the lord thy god is with thee this faithful army captain has joined a noble company of service and sacrifice gathered row by row these men and women were strong and courageous and not,Joshua 1:9,"Have not I commanded thee? Be strong and of a good courage; be not afraid, neither be thou dismayed: for the LORD thy God is with thee whithersoever thou goest.",0.9023159418602348,TRUE,,0.95
442,-4185694346628435886,Remarks to the Columbine High School Community in Littleton,William J. Clinton,1999-05-20,by and by in the scriptures saint paul says that all of us in this life see through a glass darkly so we must walk by faith not by sight we cannot lean on our own wisdom none of this can be fully satisfactorily explained to any of you but you cannot lose your faith,2 Corinthians 5:7,"(For we walk by faith, not by sight:)",0.8864481001063309,TRUE,,0.9
442,-4185694346628435886,Remarks to the Columbine High School Community in Littleton,William J. Clinton,1999-05-20,by and by in the scriptures saint paul says that all of us in this life see through a glass darkly so we must walk by faith not by sight we cannot lean on our own wisdom none of this can be fully satisfactorily explained to any of you but you cannot lose your faith,1 Corinthians 13:12,"For now we see through a glass, darkly; but then face to face: now I know in part; but then shall I know even as also I am known.",0.9476432387506762,TRUE,,1.0
442,-4185694346628435886,Remarks to the Columbine High School Community in Littleton,William J. Clinton,1999-05-20,by and by in the scriptures saint paul says that all of us in this life see through a glass darkly so we must walk by faith not by sight we cannot lean on our own wisdom none of this can be fully satisfactorily explained to any of you but you cannot lose your faith,Proverbs 3:5,Trust in the LORD with all thine heart; and lean not unto thine own understanding.,0.9476432387506762,TRUE,,1.0
510,-4254972666804625762,The President's Weekly Address,Barack Obama,2014-04-19,for reflection and renewal we remember the grace of an awesome god who loves us so deeply that he gave us his only son so that we might live through him we recall all that jesus endured for us-the scorn of the crowds the agony of the cross-all so that we might be forgiven our sins and granted everlasting life and we recommit ourselves to following his example to love and serve one another particularly,1 John 4:9,"In this was manifested the love of God toward us, because that God sent his only begotten Son into the world, that we might live through him.",0.8207603129625138,TRUE,,0.9
560,-4300369204610583271,The President's News Conference,Lyndon B. Johnson,1965-03-13,of understanding in thine heart which shall not be put out and we will follow that light until all of us have bowed to the command let there be no strife between me and thee for we be brethren meeting with governor wallace i met today with governor wallace of alabama to discuss very thoroughly the situation that exists in that state the governor expressed,Genesis 13:8,"And Abram said unto Lot, Let there be no strife, I pray thee, between me and thee, and between my herdmen and thy herdmen; for we be brethren.",0.9039726503918488,TRUE,,0.9
603,-4343225450171942898,"Remarks at Yeshiva of Flatbush High School in Brooklyn, New York",Gerald R. Ford,1976-10-12,expediency my record is one of performance not promises i recall the timeless question asked by a great jewish prophet and i quote what doeth the lord require of thee but to do justly and to love mercy and walk humbly with thy god as i visit with citizens like yourself and neighborhoods like this i am reassured by the goodness of the united states of america a nation which strives to do justice and to love mercy let us walk humbly together in brotherhood with god as our guide thank you very very much note the president spoke at 12:55 p.m in his opening,Micah 6:8,"He hath shewed thee, O man, what is good; and what doth the LORD require of thee, but to do justly, and to love mercy, and to walk humbly with thy God?",0.9625210452543814,TRUE,,0.95
626,-4356196811399932420,Remarks at the National Prayer Breakfast,Barack Obama,2013-02-07,must be cultivated faith is not a possession faith is a process i was struck by the passage that was read earlier from the book of hebrews without faith it is impossible to please god because anyone who comes to him must believe that he exists and he rewards those who diligently seek him he rewards those who diligently seek him not just for one moment or one day but for every moment and every day as christians we place our faith in the nail-scarred,Hebrews 11:6,"But without faith it is impossible to please him: for he that cometh to God must believe that he is, and that he is a rewarder of them that diligently seek him.",0.907144078229192,TRUE,,1.0
629,-4356196811399932420,Remarks at the National Prayer Breakfast,Barack Obama,2013-02-07,and he could grow his faith and i imagine he turned to certain verses that we now read i imagine him reflecting on isaiah that we wait upon the lord that the lord shall renew those who wait that they shall mount up with wings as eagles and they shall run and not be weary and they shall walk and not faint we know that in scripture dr king found strength and in the bible he found conviction in the words of god he found,Isaiah 40:31,"But they that wait upon the LORD shall renew their strength; they shall mount up with wings as eagles; they shall run, and not be weary; and they shall walk, and not faint.",0.7930768754844121,TRUE,,1.0
634,-4356196811399932420,Remarks at the National Prayer Breakfast,Barack Obama,2013-02-07,moment while god may reveal his plan to us in portions the expanse of his plan is for god and god alone to understand for now we see through a glass darkly but then face to face now i know in part but then shall i know even as also i am known until that moment until we know and are fully known all we can do is live our lives in a godly way and assume that those we,1 Corinthians 13:12,"For now we see through a glass, darkly; but then face to face: now I know in part; but then shall I know even as also I am known.",0.7964510347613408,TRUE,,0.9
635,-4356196811399932420,Remarks at the National Prayer Breakfast,Barack Obama,2013-02-07,plan is for god and god alone to understand for now we see through a glass darkly but then face to face now i know in part but then shall i know even as also i am known until that moment until we know and are fully known all we,1 Corinthians 13:9,"For we know in part, and we prophesy in part.",0.6521776260833928,TRUE,,0.9
638,-4356196811399932420,Remarks at the National Prayer Breakfast,Barack Obama,2013-02-07,wishes for us to spend our days his commandments are there to be followed jesus is there to guide us the holy spirit to help us love the lord god with all your heart and with all your soul and with all your mind love your neighbor as yourself see in everyone even in those with whom you disagree most vehemently the face of god,Mark 12:30,"And thou shalt love the Lord thy God with all thy heart, and with all thy soul, and with all thy mind, and with all thy strength: this is the first commandment.",0.6658320777728114,TRUE,,0.9
639,-4356196811399932420,Remarks at the National Prayer Breakfast,Barack Obama,2013-02-07,wishes for us to spend our days his commandments are there to be followed jesus is there to guide us the holy spirit to help us love the lord god with all your heart and with all your soul and with all your mind love your neighbor as yourself see in everyone even in those with whom you disagree most vehemently the face of god,Matthew 22:37,"Jesus said unto him, Thou shalt love the Lord thy God with all thy heart, and with all thy soul, and with all thy mind.",0.9398528534108176,TRUE,,1.0
641,-4356196811399932420,Remarks at the National Prayer Breakfast,Barack Obama,2013-02-07,our days his commandments are there to be followed jesus is there to guide us the holy spirit to help us love the lord god with all your heart and with all your soul and with all your mind love your neighbor as yourself see in everyone even in those with whom you disagree most vehemently the face of god,Luke 10:27,"And he answering said, Thou shalt love the Lord thy God with all thy heart, and with all thy soul, and with all thy strength, and with all thy mind; and thy neighbour as thyself.",0.8900627622762198,TRUE,,1.0
662,-4374435096128716779,Remarks on Presenting Posthumously the Congressional Medal of Honor to Sergeant First Class Paul Ray Smith,George W. Bush,2005-04-04,to the head his actions in that courtyard saved the lives of more than 100 american soldiers scripture tells us as the general said that a man has no greater love than to lay down his life for his friends and that is exactly the responsibility paul smith believed the sergeant's stripes on his sleeve had given him in a letter he wrote to his,John 15:13,"Greater love hath no man than this, that a man lay down his life for his friends.",0.9371337424765328,TRUE,,0.95
694,-4402171910401573165,Toasts at a State Dinner Hosted by the President at Spaso House in Moscow,Ronald Reagan,1988-05-31,knaves with lights and swords and leading them judas with a traitor's kiss on his lips peter repulsed the ruffians with his sword and cut off the ear of one of them but he heard you cannot decide a dispute with weapons put your sword in its place o man that's the voice put your,Luke 22:50,"And one of them smote the servant of the high priest, and cut off his right ear.",0.5728672799489307,TRUE,,0.9
706,-441224277809346532,"Address at the Columbia University National Bicentennial Dinner, New York City",Dwight D. Eisenhower,1954-05-31,demagogues thirsty for personal power and public notice truth can make men free and where men are free to plan their lives to govern themselves to know the truth and to understand their fellowmen we believe that there also is the will to live at peace here then in spite of a-bombs h-bombs all the,John 8:32,"And ye shall know the truth, and the truth shall make you free.",0.7790666917332747,TRUE,,0.9
711,-4423681393334731117,Remarks to the Faculty and Students of Johns Hopkins University,Lyndon B. Johnson,1964-10-01,"ability to exist and to survive and to get along and reason together that most important thing in short is a 5-letter word--peace--""peace on earth good will toward men your nation must always be prepared to have its leader go anywhere talk to anyone make any plan that can honorably be made to achieve understanding",Luke 2:14,"Glory to God in the highest, and on earth peace, good will toward men.",0.8468714592121236,TRUE,,0.9
748,-4452924025930341390,Remarks at the United States Holocaust Memorial Museum,Barack Obama,2012-04-23,to yad vashem i was given a gift inscribed with those words from the book of joel has the like of this happened in your days or in the days of your fathers tell your children about it and let your children tell theirs and their children the next generation that's why we're here not simply to remember but to,Joel 1:2,"Hear this, ye old men, and give ear, all ye inhabitants of the land. Hath this been in your days, or even in the days of your fathers?",0.149112567745614,TRUE,,0.9
749,-4452924025930341390,Remarks at the United States Holocaust Memorial Museum,Barack Obama,2012-04-23,of joel has the like of this happened in your days or in the days of your fathers tell your children about it and let your children tell theirs and their children the next generation that's why we're here not simply to remember but to speak i say this as a president and i say,Joel 1:3,"Tell ye your children of it, and let your children tell their children, and their children another generation.",0.8648330707953702,TRUE,,1.0
757,-446025390274499047,Remarks to the Congressional Black Caucus Foundation,William J. Clinton,1998-09-19,we must not be finished with god's work we must not be finished with seeking peace or justice or freedom equality human dignity and reconciliation foxes have holes birds of the air have nests but the son of man has no place to rest his head there is never going to be an end to this work and the present,Luke 9:58,"And Jesus said unto him, Foxes have holes, and birds of the air have nests; but the Son of man hath not where to lay his head.",0.9125173545757104,TRUE,,0.95
758,-446025390274499047,Remarks to the Congressional Black Caucus Foundation,William J. Clinton,1998-09-19,we must not be finished with god's work we must not be finished with seeking peace or justice or freedom equality human dignity and reconciliation foxes have holes birds of the air have nests but the son of man has no place to rest his head there is never going to be an end to this work and the present,Matthew 8:20,"And Jesus saith unto him, The foxes have holes, and the birds of the air have nests; but the Son of man hath not where to lay his head.",0.8806575177380214,TRUE,,0.9
760,-446025390274499047,Remarks to the Congressional Black Caucus Foundation,William J. Clinton,1998-09-19,go this is a moment of decision for us will it be progress or partisanship people or politics principle or power the scripture says that we should mount up with wings as eagles we should run and not grow tired we should walk and not faint we should not grow weary in doing good for in due season we shall reap if we do not lose heart for all the,Isaiah 40:31,"But they that wait upon the LORD shall renew their strength; they shall mount up with wings as eagles; they shall run, and not be weary; and they shall walk, and not faint.",0.9742171496419436,TRUE,,0.95
761,-446025390274499047,Remarks to the Congressional Black Caucus Foundation,William J. Clinton,1998-09-19,wings as eagles we should run and not grow tired we should walk and not faint we should not grow weary in doing good for in due season we shall reap if we do not lose heart for all the many things i am grateful to the black caucus for the most important thing is that i know you have,Galatians 6:9,"And let us not be weary in well doing: for in due season we shall reap, if we faint not.",0.9632661708234576,TRUE,,0.95
763,-4460861129564014229,"Remarks at the Annual Members Banquet of the National Rifle Association in Phoenix, Arizona",Ronald Reagan,1983-05-06,i believe that if we work together then one day we will say we fought the good fight we finished the race we kept the faith and to our children and our children's children we can say we did all that could be done in the brief time that was,2 Timothy 4:7,"I have fought a good fight, I have finished my course, I have kept the faith:",0.898114998177143,TRUE,,0.95
782,-4481244465597539175,"Miami Beach, Florida Remarks at the Annual Convention of the Opportunities Industrialization Centers of America.",Jimmy Carter,1980-06-09,we have the existing proposals and the new programs to cushion the effects of this recession and that we are also fighting to care for the poor and the elderly and the afflicted we cannot lose sight of our fundamental obligation to share what god has given us with those less fortunate than we are,Psalms 82:3,Defend the poor and fatherless: do justice to the afflicted and needy.,0.8089836839960435,TRUE,,0.9
800,-4497974716300256822,"Remarks at an Interfaith Prayer Service for the Victims of the Terrorist Attack in Boston, Massachusetts",Barack Obama,2013-04-18,upon innocents we will choose to save and to comfort and to heal we'll choose friendship we'll choose love the scripture teaches us god has not given us a spirit of fear and timidity but of power love and self-discipline and that's the spirit you've displayed in recent days when doctors and nurses police and firefighters and emts and guardsmen,2 Timothy 1:7,"For God hath not given us the spirit of fear; but of power, and of love, and of a sound mind.",0.9629815909307272,TRUE,,0.95
908,-4582927522470801882,"Remarks in Cuyahoga Falls, Ohio",George W. Bush,2004-10-02,want you to run it i want you to be the decisionmaker so here's some practical ways to help first of all we'll take care of the poor and the needy by expanding community health centers all around the country we have a duty and an obligation to do so it makes sense that those,Proverbs 31:9,"Open thy mouth, judge righteously, and plead the cause of the poor and needy.",0.7578869779402008,TRUE,,0.9
941,-4618909105205739590,"Remarks Following a Tour of Tornado Damage in Moore, Oklahoma",Barack Obama,2013-05-26,a story that really struck me in the press-in the rubble was found a bible open to the words that read a man will be as a hiding place from the wind and a cover from the tempest and that-it's a reminder as scripture often is that god has a plan and it's important though that we also recognize we're an instrument of his will,Isaiah 32:2,"And a man shall be as an hiding place from the wind, and a covert from the tempest; as rivers of water in a dry place, as the shadow of a great rock in a weary land.",0.7042861510989352,TRUE,,0.95
943,-4619523380502377946,Remarks at the Thanksgiving Turkey Presentation Ceremony,"Joseph R. Biden, Jr.",2021-11-19,find the strength in sorrow and purpose in pain and as we reclaim our cherished traditions let's commit ourselves to what the psalmist wrote-said the lord is my shield and my strength and with my song i give him thanks let our song be ones of lives saved breaches repaired a nation made whole and that's the america i know,Psalms 28:7,"The LORD is my strength and my shield; my heart trusted in him, and I am helped: therefore my heart greatly rejoiceth; and with my song will I praise him.",0.9902090914368656,TRUE,,0.95
945,-4619928469727352439,Christmas Greeting to the Nation,Franklin D. Roosevelt,1935-12-24,greet you with the greeting of the angels on that first christmas at bethlehem which resounding through centuries still rings out with its eternal message glory to god in the highest and on earth peace good-will to men franklin d roosevelt christmas greeting to the nation,Luke 2:14,"Glory to God in the highest, and on earth peace, good will toward men.",0.9461231872142516,TRUE,,0.95
949,-462407141849302770,Address Before the United States Chamber of Commerce on Its 50th Anniversary.,John F. Kennedy,1962-04-30,every side--among labor business and the government but the bible tells us that there is a time for every purpose under the heaven a time to cast away stones and a time to gather stones together and ladies and gentlemen i believe it is time for us all to gather stones together to build this country as it must be built in the coming years thank you note the president spoke at 9:40 a.m in,Ecclesiastes 3:5,"A time to cast away stones, and a time to gather stones together; a time to embrace, and a time to refrain from embracing;",0.7927676549662471,TRUE,,0.9
957,-4636205570678490547,Remarks at the National Conference of the National Federation of Independent Business,Ronald Reagan,1983-06-22,when we're free to follow the teachings of scripture give and you will be given unto search and you will find cast your bread upon the waters and it will return to you manyfold just think about it in the parable of talents the man with the small-business spirit who,Ecclesiastes 11:1,Cast thy bread upon the waters: for thou shalt find it after many days.,0.776401263762365,TRUE,,0.9
964,-4641395720873668793,Remarks Upon Presenting the Small Businessman of the Year Award,Lyndon B. Johnson,1964-05-26,whose pleasure is their business and whose business is their pleasure mr bedell represents millions of american businessmen who are in the words of the scripture not slothful in business but fervent in spirit your imagination and your industry are typical of the qualities that built america and will keep it growing stronger i know the people back home in,Romans 12:11,Not slothful in business; fervent in spirit; serving the Lord;,0.99314157452574,TRUE,,1.0
990,-4681505969077156295,Remarks at a Congressional Black Caucus Foundation Dinner,William J. Clinton,1999-09-18,to be said has been said one of the most interesting books of the bible is the book of james it challenges us to be doers of the word and not hearers only this truly is a caucus of doers and i'm grateful for all the things that have happened that everyone else has mentioned but none of it would,James 1:22,"But be ye doers of the word, and not hearers only, deceiving your own selves.",0.8654151985973911,TRUE,,0.95
1039,-4736018909779581641,Remarks at a Memorial Service for Representative Walter H. Capps,William J. Clinton,1997-11-12,remember not only what he said but how he lived he'll make us a lot better than we would have been hebrews says we are surrounded by a cloud of witnesses so let us run with patience the race that is before us he had a remarkable way of being avid eager almost lusty about everything he was trying to take in in life and,Hebrews 12:1,"Wherefore seeing we also are compassed about with so great a cloud of witnesses, let us lay aside every weight, and the sin which doth so easily beset us, and let us run with patience the race that is set before us,",0.8590731238055443,TRUE,,0.9
1044,-4741655757522615335,Remarks on Departure for the Middle East,William J. Clinton,1994-10-25,i go to the middle east to deliver one clear message the united states stands by those who in the words of the psalms seek peace and pursue it and we stand up to those who threaten to destroy the dream that has brought us to this historic moment standing up for peace in this,Psalms 34:14,"Depart from evil, and do good; seek peace, and pursue it.",0.891062909958872,TRUE,,0.9
1060,-4760392620276198265,Remarks at the Truman Civil Rights Symposium,"Joseph R. Biden, Jr.",2023-07-27,galveston texas to enforce the emancipation proclamation and free the last enslaved americans from bondage juneteenth a day that reflects the psalm-what the psalm tells us quote weeping may endure for a night but joy cometh in the morning last month 2 years after i made juneteenth a federal holiday-the first new federal holiday since martin dr martin luther king day nearly 40 years ago-i,Psalms 30:5,"For his anger endureth but a moment; in his favour is life: weeping may endure for a night, but joy cometh in the morning.",0.7461182107092522,TRUE,,0.9
1081,-4786713987459806158,Remarks at the Signing Ceremony for the Israeli-Palestinian Declaration of Principles,William J. Clinton,1993-09-13,give them the chance to know the season of peace for them we must realize the prophecy of isaiah that the cry of violence shall no more be heard in your land nor wrack nor ruin within your borders the children of abraham the descendants of isaac and ishmael have embarked together on a bold,Isaiah 60:18,"Violence shall no more be heard in thy land, wasting nor destruction within thy borders; but thou shalt call thy walls Salvation, and thy gates Praise.",0.4786082582508216,TRUE,,0.9
1114,-4814837481972016213,"Address at the Annual Luncheon of the Associated Press, New York City",Dwight D. Eisenhower,1955-04-25,"mankind in them men of both the free world and the communist world could well find guidance do we remember those words of our faith--""all things whatsoever ye would that men should do to you do ye even so to them do we remind ourselves that a similar thread of peaceful and lofty exhortation reveals itself in the words of",Luke 6:31,"And as ye would that men should do to you, do ye also to them likewise.",0.7435089379687452,TRUE,,0.9
1142,-4833045074556133671,Remarks at the White House Correspondents' Association Dinner,"Joseph R. Biden, Jr.",2024-04-27,what the hell laughter trump's so desperate he started reading those bibles he's selling laughter then he got to the first commandment you shall have no other gods before me that's when he put it down and said this book is not for me laughter look being here is a reminder that folks think what's,Exodus 20:3,Thou shalt have no other gods before me.,0.45032783965758,TRUE,,0.9
1159,-4856783929168375927,"Commencement Address at Morehouse College in Atlanta, Georgia","Joseph R. Biden, Jr.",2024-05-19,laughter you all think i'm kidding don't you laughter you know i'm not and it's the best thing that's happened to me scripture says the prayers of a righteous man availeth much in augusta georgia a righteous man once enslaved set foot for freedom the story goes he feared no evil he walked through the valley of the shadow of,James 5:16,"Confess your faults one to another, and pray one for another, that ye may be healed. The effectual fervent prayer of a righteous man availeth much.",0.3212322781857146,TRUE,,0.9
1161,-4856783929168375927,"Commencement Address at Morehouse College in Atlanta, Georgia","Joseph R. Biden, Jr.",2024-05-19,there would be this reflection there would be a reflection about resurrection and redemption remember jesus was buried on friday and it was sunday-on sunday he rose again but-but-we don't talk enough about saturday when the disciples-his disciples felt all hope was lost in our lives and the lives of the nation we have those,1 Corinthians 15:4,"And that he was buried, and that he rose again the third day according to the scriptures:",0.4805073571473255,TRUE,,0.8
1188,-4887548753190227411,Remarks Accepting the Presidential Nomination at the 1980 Democratic National Convention in New York,Jimmy Carter,1980-08-14,better life and we've worked in every way possible to strengthen the american family to encourage self-reliance and to follow the old testament admonition defend the poor and the fatherless give justice to the afflicted and needy we've struggled to assure that no child in america ever goes to bed hungry that no elderly couple in america has to live,Psalms 82:3,Defend the poor and fatherless: do justice to the afflicted and needy.,0.9743563798273916,TRUE,,0.95
1201,-4899105460325506749,"Remarks in a Roundtable Discussion on Community Safety and an Exchange With Reporters in Kenosha, Wisconsin",Donald J. Trump (1st Term),2020-09-01,for jacob's continued healing and we pray for peace but i just want to offer to you mr president that jesus himself says blessed are the peacemakers and we want to help be of service to you and to our nation of having these conversations of how do we rebuild,Matthew 5:9,Blessed are the peacemakers: for they shall be called the children of God.,0.5578537492933164,TRUE,,0.9
1217,-490939342280487437,Remarks at the National Hispanic Prayer Breakfast,Barack Obama,2011-05-12,a moral imperative and so it's worth seeking greater understanding from our faith as it is written in the book of deuteronomy love ye therefore the stranger for ye were strangers in the land of egypt to me that verse is a call to show empathy to our brothers and our sisters to try and recognize ourselves in one another,Deuteronomy 10:19,Love ye therefore the stranger: for ye were strangers in the land of Egypt.,0.9611568667209052,TRUE,,1.0
1226,-4911694919468663964,Remarks at the B'nai B'rith Biennial Convention,Gerald R. Ford,1976-09-09,superiority in every way in remaining vigilant we must never abandon our vision or our spiritual values in the words of the new testament let us therefore follow after the things which make for peace heeding still the old testament which encourages us to seek peace and pursue it as we must never lose our vigilance neither must we ever,Romans 14:19,"Let us therefore follow after the things which make for peace, and things wherewith one may edify another.",0.9885824657844464,TRUE,,1.0
1304,-49960967478553698,"Remarks at the New Psalmist Baptist Church in Baltimore, Maryland",William J. Clinton,1998-11-01,"ago starting with 5 members to come to this congregation of 6,000 men women and children in this magnificent house of worship this is the day the lord has made and we can rejoice in it you have all this high technology and you are very modern but you have",Psalms 118:24,This is the day which the LORD hath made; we will rejoice and be glad in it.,0.7784747495864502,TRUE,,0.9
1305,-49960967478553698,"Remarks at the New Psalmist Baptist Church in Baltimore, Maryland",William J. Clinton,1998-11-01,scouts all the things this church is involved in you have helped each other walk in dignity you have fulfilled the admonition of the scripture to be doers of the word and not hearers only and on tuesday you will once again have the chance to be doers now the message today was from matthew so i just kind of,James 1:22,"But be ye doers of the word, and not hearers only, deceiving your own selves.",0.4308586198643711,TRUE,,0.9
1306,-49960967478553698,"Remarks at the New Psalmist Baptist Church in Baltimore, Maryland",William J. Clinton,1998-11-01,concentration from the message laughter and there are a few things from matthew i'd like for us to remember in matthew jesus says to render unto caesar the things which are caesar's now back then that didn't mean too much because caesar was an emperor and all the people had to do to render unto,Luke 20:25,"And he said unto them, Render therefore unto Caesar the things which be Caesar's, and unto God the things which be God's.",0.9963240046300792,TRUE,,1.0
1311,-49960967478553698,"Remarks at the New Psalmist Baptist Church in Baltimore, Maryland",William J. Clinton,1998-11-01,we have that view partly because you know what it's like to be treated like them partly because you read the whole scripture the corinthians says now we see through a glass darkly what does that mean we just don't know everything we don't have a right to look down on people and sort them out because we don't have the whole truth the whole promise of the scripture is that we will someday have it now we see through a glass darkly but then face to face now we know in part but then we will know even as we are known and now abideth faith hope and love charity-and the greatest of these is love why is love the greatest of these because,1 Corinthians 13:12,"For now we see through a glass, darkly; but then face to face: now I know in part; but then shall I know even as also I am known.",0.9476432387506762,TRUE,,1.0
1313,-49960967478553698,"Remarks at the New Psalmist Baptist Church in Baltimore, Maryland",William J. Clinton,1998-11-01,a glass darkly but then face to face now we know in part but then we will know even as we are known and now abideth faith hope and love charity-and the greatest of these is love why is love the greatest of these because we're all in this boat together that's why yes you know there's some divisions out there but matthew cautions us not to strain at a,1 Corinthians 13:13,"And now abideth faith, hope, charity, these three; but the greatest of these is charity.",0.9662435114292398,TRUE,,1.0
1314,-49960967478553698,"Remarks at the New Psalmist Baptist Church in Baltimore, Maryland",William J. Clinton,1998-11-01,there but matthew cautions us not to strain at a gnat and swallow a camel and matthew reminds us that a city and a house divided against itself cannot stand what does the bible say what does the bible tell us one thing the bible tells us hundreds of times-hundreds and hundreds of times about,Mark 3:25,"And if a house be divided against itself, that house cannot stand.",0.9259517598134336,TRUE,,0.9
1319,-49960967478553698,"Remarks at the New Psalmist Baptist Church in Baltimore, Maryland",William J. Clinton,1998-11-01,times is to care for the poor the weak the needy in matthew jesus says verily i say unto you even as you have done this unto the least of these my brethren you have also done it unto me and then down the way a little bit down the way a few verses it says and i say to you even as you have not done it unto the least of these my brethren you have not done it unto me so i say to you we believe that our politics should be guided by what our lord said was the first and most,Matthew 25:40,"And the King shall answer and say unto them, Verily I say unto you, Inasmuch as ye have done it unto one of the least of these my brethren, ye have done it unto me.",0.8612355792005071,TRUE,,0.9
1321,-49960967478553698,"Remarks at the New Psalmist Baptist Church in Baltimore, Maryland",William J. Clinton,1998-11-01,unto me so i say to you we believe that our politics should be guided by what our lord said was the first and most important commandment and the second is like unto it first we must try to love the lord our god with all our heart and the second is like unto it thou shalt love thy neighbor as thyself so i say tuesday is about whether we'll have a patients bill of rights whether we'll have good schools for all our children,Matthew 22:39,"And the second is like unto it, Thou shalt love thy neighbour as thyself.",0.9794676959221956,TRUE,,0.95
1322,-49960967478553698,"Remarks at the New Psalmist Baptist Church in Baltimore, Maryland",William J. Clinton,1998-11-01,to you we believe that our politics should be guided by what our lord said was the first and most important commandment and the second is like unto it first we must try to love the lord our god with all our heart and the second is like unto it thou shalt love thy neighbor as thyself so i say tuesday is about whether we'll have a patients bill of rights whether we'll have good schools for all our children,Mark 12:31,"And the second is like, namely this, Thou shalt love thy neighbour as thyself. There is none other commandment greater than these.",0.902415826587393,TRUE,,0.9
1324,-49960967478553698,"Remarks at the New Psalmist Baptist Church in Baltimore, Maryland",William J. Clinton,1998-11-01,our politics should be guided by what our lord said was the first and most important commandment and the second is like unto it first we must try to love the lord our god with all our heart and the second is like unto it thou shalt love thy neighbor as thyself so i say tuesday is about whether we'll have a patients bill of rights whether we'll have good schools for all our children,Galatians 5:14,"For all the law is fulfilled in one word, even in this; Thou shalt love thy neighbour as thyself.",0.9216868803771138,TRUE,,0.9
1325,-49960967478553698,"Remarks at the New Psalmist Baptist Church in Baltimore, Maryland",William J. Clinton,1998-11-01,our politics should be guided by what our lord said was the first and most important commandment and the second is like unto it first we must try to love the lord our god with all our heart and the second is like unto it thou shalt love thy neighbor as thyself so i say tuesday is about whether we'll have a patients bill of rights whether we'll have good schools for all our children,Matthew 19:19,"Honour thy father and thy mother: and, Thou shalt love thy neighbour as thyself.",0.4992663612281275,TRUE,,0.9
1330,-49960967478553698,"Remarks at the New Psalmist Baptist Church in Baltimore, Maryland",William J. Clinton,1998-11-01,is like unto it first we must try to love the lord our god with all our heart and the second is like unto it thou shalt love thy neighbor as thyself so i say tuesday is about whether we'll have a patients bill of rights whether we'll have good schools for all our children,Deuteronomy 6:5,"And thou shalt love the LORD thy God with all thine heart, and with all thy soul, and with all thy might.",0.573048618549231,TRUE,,0.9
1331,-49960967478553698,"Remarks at the New Psalmist Baptist Church in Baltimore, Maryland",William J. Clinton,1998-11-01,is like unto it first we must try to love the lord our god with all our heart and the second is like unto it thou shalt love thy neighbor as thyself so i say tuesday is about whether we'll have a patients bill of rights whether we'll have good schools for all our children,James 2:8,"If ye fulfil the royal law according to the scripture, Thou shalt love thy neighbour as thyself, ye do well:",0.3771797140727715,TRUE,,0.8
1332,-49960967478553698,"Remarks at the New Psalmist Baptist Church in Baltimore, Maryland",William J. Clinton,1998-11-01,is like unto it first we must try to love the lord our god with all our heart and the second is like unto it thou shalt love thy neighbor as thyself so i say tuesday is about whether we'll have a patients bill of rights whether we'll have good schools for all our children,Matthew 22:37,"Jesus said unto him, Thou shalt love the Lord thy God with all thy heart, and with all thy soul, and with all thy mind.",0.7702313749285006,TRUE,,0.95
1351,-5015818842152178639,Remarks on Lighting the City Christmas Tree in Belfast,William J. Clinton,1995-11-30,a new way because of the birth of emmanuel god with us and when god was with us he said no words more important than these blessed are the peacemakers for they shall inherit the earth merry christmas and god bless you all note the president spoke at approximately 7:45 p.m outside belfast city hall in his remarks he referred,Matthew 5:9,Blessed are the peacemakers: for they shall be called the children of God.,0.96962706439756,TRUE,,1.0
1373,-5038063253941107567,Remarks at the National Prayer Breakfast,Richard Nixon,1971-02-02,over the world and i was reminded of one of the favorite stories from the old testament you will recall that when king david died and when solomon ascended to the throne god came before him in a dream and asked him what he wanted and solomon did not ask for power and he did not ask for wealth he said give thy servant an understanding heart and so let that be our prayer let,1 Kings 3:9,Give thy servant an understanding heart.,0.5951840606752826,TRUE,,0.9
1413,-5071976305926469988,Remarks at the Annual National Prayer Breakfast,Ronald Reagan,1986-02-06,together as we said goodbye and suddenly re-remembered that we are a family and now the time has come to remember the words of the bible weeping may endure for a night but joy cometh in the morning a minister who spoke at the memorial service the other day said he hoped we all remembered not just the grief but,Psalms 30:5,"For his anger endureth but a moment; in his favour is life: weeping may endure for a night, but joy cometh in the morning.",0.9469330040009212,TRUE,,1.0
1415,-5071976305926469988,Remarks at the Annual National Prayer Breakfast,Ronald Reagan,1986-02-06,to be used if i had a prayer for you today among those that have all been uttered it is that one we're so familiar with the lord bless you and keep you the lord make his face to shine upon you and be gracious unto you the lord lift up his countenance upon you,Numbers 6:24,"The LORD bless thee, and keep thee:",0.8312695879097958,TRUE,,0.9
1418,-5071976305926469988,Remarks at the Annual National Prayer Breakfast,Ronald Reagan,1986-02-06,today among those that have all been uttered it is that one we're so familiar with the lord bless you and keep you the lord make his face to shine upon you and be gracious unto you the lord lift up his countenance upon you and give you peace thank you and god bless you all note the president spoke,Numbers 6:25,"The LORD make his face shine upon thee, and be gracious unto thee:",0.977796834166192,TRUE,,1.0
1478,-5136322885469882842,Remarks on World AIDS Day,William J. Clinton,2000-12-01,apt phrase because it implies that there is a required moral response in the new testament of the christian bible it says that when we bear one another's burdens we fulfill the law of god so i ask you to go forth here remembering that a happy heart is good medicine too do not grow weary in doing this know,Galatians 6:2,"Bear ye one another's burdens, and so fulfil the law of Christ.",0.8831759587523396,TRUE,,0.9
1478,-5136322885469882842,Remarks on World AIDS Day,William J. Clinton,2000-12-01,apt phrase because it implies that there is a required moral response in the new testament of the christian bible it says that when we bear one another's burdens we fulfill the law of god so i ask you to go forth here remembering that a happy heart is good medicine too do not grow weary in doing this know,Proverbs 17:22,A merry heart doeth good like a medicine: but a broken spirit drieth the bones.,0.8831759587523396,TRUE,,0.9
18,-5162654514304809560,Remarks in a Roundtable Discussion on the Future of South Africa in Johannesburg,William J. Clinton,1998-03-28,is like a battle of human nature that goes on and there is a strong tendency to divide whatever your world is up between us and them and you can't people should never give up whatever their us is you just want it be us and we instead of us and them so that's why i ask thank you so much good luck to you note the president spoke at 1 p.m at r.p maphanzela,Acts 15:9,"And put no difference between us and them, purifying their hearts by faith.",0.5833793543884672,TRUE,,0.9
71,-5205842740572047263,Remarks at the Republican Jewish Coalition 20th Anniversary Luncheon,George W. Bush,2005-09-21,million to help the victims of katrina our citizens are answering the call of the prophet isaiah if you give what you have to the hungry and fill the needs of those who suffer then your light will rise in the darkness and your darkness will be like the brightest,Isaiah 58:10,"And if thou draw out thy soul to the hungry, and satisfy the afflicted soul; then shall thy light rise in obscurity, and thy darkness be as the noon day:",0.2528041581651999,TRUE,,0.95
80,-5215090637551396690,Remarks to the United Nations Special Session on Environment and Development in New York City,William J. Clinton,1997-06-26,the earth's temperature distinguished leaders in all of our cultures we have been taught from time immemorial that as scripture says one generation passes away and another comes but the earth abides forever we must strengthen our stewardship of the environment to make that true and to ensure that when this generation passes the young,Ecclesiastes 1:4,"One generation passeth away, and another generation cometh: but the earth abideth for ever.",0.8586670533729366,TRUE,,0.9
93,-5231434390015333677,"Remarks at the National Fallen Firefighters Memorial Service in Emmitsburg, Maryland",Barack Obama,2015-10-04,who protect us may their shining example inspire us all in our own lives as each one has received a special gift employ it in serving one another as good stewards of the manifold grace of god thank you note the president spoke at 11:29 a.m in memorial gym at mount saint mary's university in his remarks he referred to,1 Peter 4:10,"As every man hath received the gift, even so minister the same one to another, as good stewards of the manifold grace of God.",0.8857736138540878,TRUE,,0.9
98,-5236555104397208664,Remarks at the National Prayer Breakfast,"Joseph R. Biden, Jr.",2024-02-01,say i've long believed we have to look at each other even in our most challenging times not as enemies but as fellow americans scripture tells us the fruit of the spirit is love joy peace patience kindness goodness faithfulness i believe that's our collective calling today here we are in this room among the statue of heroes who have shaped our history and here we know faith is a living spirit that awakens our passions to come down from the pedestal and act to serve that's why over the door of the rotunda is,Galatians 5:22,"But the fruit of the Spirit is love, joy, peace, longsuffering, gentleness, goodness, faith,",0.9541200213594124,TRUE,,0.95
117,-5250071229936057131,Address Before a Joint Session of the Congress on the State of the Union,Ronald Reagan,1984-01-25,can't freedom to acknowledge god be enjoyed again by children in every schoolroom across this land america was founded by people who believed that god was their rock of safety he is ours i recognize we must be cautious in claiming that god is on our side but i think it's all right to keep,Psalms 78:35,"And they remembered that God was their rock, and the high God their redeemer.",0.3899997093636375,TRUE,,0.9
122,-5250393030175753769,"Remarks to the Christian Coalition Road to Victory Conference in Virginia Beach, Virginia",George Bush,1992-09-11,his knees in prayer i commend you i join with you in committing to uphold the sanctity of life matthew chapter 6 verse 21 reminds us where your treasure is there your heart will be also and our treasure is with america with our renewal agenda and your efforts out there in those grassroots we,Matthew 6:21,"For where your treasure is, there will your heart be also.",0.9751485707512954,TRUE,,1.0
129,-5255387272988646515,"Remarks on Signing the Bill Making the Birthday of Martin Luther King, Jr., a National Holiday",Ronald Reagan,1983-11-02,not only recall dr king but rededicate ourselves to the commandments he believed in and sought to live every day thou shall love thy god with all thy heart and thou shall love thy neighbor as thyself and i just have to believe that all of us-if all of us young and old republicans and,Deuteronomy 6:5,"And thou shalt love the LORD thy God with all thine heart, and with all thy soul, and with all thy might.",0.4734909730231076,TRUE,,0.9
130,-5255387272988646515,"Remarks on Signing the Bill Making the Birthday of Martin Luther King, Jr., a National Holiday",Ronald Reagan,1983-11-02,not only recall dr king but rededicate ourselves to the commandments he believed in and sought to live every day thou shall love thy god with all thy heart and thou shall love thy neighbor as thyself and i just have to believe that all of us-if all of us young and old republicans and,Luke 10:27,"And he answering said, Thou shalt love the Lord thy God with all thy heart, and with all thy soul, and with all thy strength, and with all thy mind; and thy neighbour as thyself.",0.1062522174312928,TRUE,,0.9
131,-5255387272988646515,"Remarks on Signing the Bill Making the Birthday of Martin Luther King, Jr., a National Holiday",Ronald Reagan,1983-11-02,not only recall dr king but rededicate ourselves to the commandments he believed in and sought to live every day thou shall love thy god with all thy heart and thou shall love thy neighbor as thyself and i just have to believe that all of us-if all of us young and old republicans and,Matthew 22:37,"Jesus said unto him, Thou shalt love the Lord thy God with all thy heart, and with all thy soul, and with all thy mind.",0.6306138206599754,TRUE,,0.9
216,-5343177488260838483,Remarks on Signing a Resolution Proclaiming a Day of Thanksgiving for the Freed American Hostages,Ronald Reagan,1981-01-26,soldiers the memories of those eight men and the long line of those who have given everything to preserve everything it reminds us that greater glory hath no man than that he lay down his life for another it salutes the unity of the nation when we're confronted with threats to our freedom and finally it expresses what we must,John 15:13,"Greater love hath no man than this, that a man lay down his life for his friends.",0.9464456155460602,TRUE,,1.0
231,-5360452628395493256,Remarks on Presenting the Presidential Medal of Freedom,William J. Clinton,2000-08-09,a fundamental truth when he said work is an important way in which we exercise our humanity in return society offers us not only our daily bread but a sense that we ourselves are honored for the contributions we make today we honor monsignor higgins for his work for defending,Luke 11:3,Give us day by day our daily bread.,0.3300971385871379,TRUE,,0.9
237,-5361475070188577443,Remarks to the Washington Chapter of the National Conference of Christians and Jews.,Lyndon B. Johnson,1968-02-15,now as then there are men who stand tall among us who raise the voice of conscience in the book of job we are told from out of the populous city men groan and the soul of the wounded cries for help thank god there are still good men such as this good man who respond always to that cry thank you and good night,Job 24:12,"Men groan from out of the city, and the soul of the wounded crieth out: yet God layeth not folly to them.",0.9068771809578186,TRUE,,0.9
281,-5394781451100438977,Text of the President's Remarks During a Meeting With Cuban-American Leaders,Ronald Reagan,1984-03-19,be complacent our greatest strength is truth because truth is on our side and with it we can and will turn the tide saint john said you shall know the truth and the truth shall make you free i am very proud that we are making steady progress in our efforts to put radio marti on the air note the president met with the leaders,John 8:32,"And ye shall know the truth, and the truth shall make you free.",0.9152141913703952,TRUE,,1.0
302,-5407579452871620988,Remarks in Atlantic City at the Convention of the American Association of School Administrators,Lyndon B. Johnson,1966-02-16,been tested our tasks are enormous ones but so are our resources our burdens are heavy and will grow heavier but the bible counsels that we be not weary in well-doing the house of freedom may never be completed but it will never fall--so long as you and i and those who share our commitment,2 Thessalonians 3:13,"But ye, brethren, be not weary in well doing.",0.696409110166563,TRUE,,0.9
303,-5413245930872715321,Remarks on Signing the National Decade of Disabled Persons Proclamation,Ronald Reagan,1983-11-28,miracle it's also the story of the courage and capability of america's disabled and for all of us it's the ultimate expression of love greater love hath no man than to lay down his life for a friend you know someone has said that a hero is no braver than any other person he or she is just braver 5,John 15:13,"Greater love hath no man than this, that a man lay down his life for his friends.",0.9816990448493826,TRUE,,1.0
307,-5414737255088647320,Remarks at Southwest Texas State College Upon Signing the Higher Education Act of 1965,Lyndon B. Johnson,1965-11-08,some 38 years ago on this campus it was here in these surroundings that i first understood the deeper meaning of the bible's promise that ye shall know the truth and the truth shall make you free here the seeds were planted from which grew my firm conviction that for the individual education is the path to achievement and fulfillment,John 8:32,"And ye shall know the truth, and the truth shall make you free.",0.9911717488420684,TRUE,,1.0
343,-5440264756545117366,Remarks at the National Hispanic Prayer Breakfast,George W. Bush,2002-05-16,gives us strength for the journey ahead millions of americans have turned to prayer during these times and have been reminded of an important truth while weeping may endure for a night joy comes in the morning the last 8 months have showed the world the american character is incredibly strong and confident yet prayer,Psalms 30:5,"For his anger endureth but a moment; in his favour is life: weeping may endure for a night, but joy cometh in the morning.",0.867990240593512,TRUE,,0.9
345,-5440264756545117366,Remarks at the National Hispanic Prayer Breakfast,George W. Bush,2002-05-16,of this nation those are mighty powerful words for a president to hear we know how important faith can be and we know that faith without works without action is dead true faith is never isolated from the rest of life it proves itself through actions and sacrifice through acts,James 2:20,"But wilt thou know, O vain man, that faith without works is dead?",0.9098971071883792,TRUE,,0.9
364,-5453382932383654979,Remarks to a Group of Civil Rights Leaders,Lyndon B. Johnson,1964-04-29,for the future of our faith is at stake and the future of this nation is at stake as the old testament pleads let there be no strife i pray between you and me and between my herdmen and your herdmen because we are brothers so do we plead today yes we are all brothers and brothers together must build this great nation into a,Genesis 13:8,"And Abram said unto Lot, Let there be no strife, I pray thee, between me and thee, and between my herdmen and thy herdmen; for we be brethren.",0.911849424272784,TRUE,,0.9
376,-5469082873981730851,The President's Weekly Address,Barack Obama,2014-12-25,baby in a manger but the message that has changed the world to reach out to the sick the hungry the troubled and above all else to love one another as we would be loved ourselves the first lady and we hope that this holiday season will be a chance for us to live out,John 15:17,"These things I command you, that ye love one another.",0.2736333910928407,TRUE,,0.9
383,-5477638202436888756,Remarks at the Welcoming Ceremony for President Leon Febres- Cordero Ribadeneyra of Ecuador,Ronald Reagan,1986-01-14,peace we are careful of service of the standards of human rights generated by national and international laws there is no conflict we believe between respecting those rights and exercising a serene but determined authority to use power to guarantee to the 9 million ecuadorians,Isaiah 48:22,"There is no peace, saith the LORD, unto the wicked.",0.9102227131459396,TRUE,,0.9
392,-5483836775958797236,Remarks at a Memorial Ceremony for Yitzhak Rabin in Oslo,William J. Clinton,1999-11-02,ahtisaari shimon peres prime minister barak chairman arafat leah rabin ladies and gentlemen today we bear witness to the wisdom of the psalm which says the righteous shall be in everlasting remembrance we honor a righteous man whose memory is everlasting because he devoted his life to the security of his country but gave his,Psalms 112:6,Surely he shall not be moved for ever: the righteous shall be in everlasting remembrance.,0.8989254239316976,TRUE,,0.9
416,-5504619118143067057,"Remarks at the Windsor Bar and Restaurant in Dundalk, Ireland","Joseph R. Biden, Jr.",2023-04-12,men may be laughter 45 years ago pope john paul spoke down the road quoting st patrick and the pope said and i quote i have kept the faith and it has been the ambition of the irish down through white house correction the centuries to have kept the faith i think that's who we are we keep the faith i'm not talking about religion per se i'm talking about keeping the faith-the faith in,2 Timothy 4:7,"I have fought a good fight, I have finished my course, I have kept the faith:",0.8919534664438873,TRUE,,0.9
429,-5511077353397700648,Remarks at an Easter Blessing and an Exchange With Reporters,Donald J. Trump (1st Term),2020-04-10,about what we want to have happen we want this plague to pass over we want everyone in america to be safe psalm 105 says he brought them out without-with gold-silver and gold and there was none feeble among his tribes verse 39 goes on to say he spread a cloud for covering and fire to give light in the,Psalms 105:37,He brought them forth also with silver and gold: and there was not one feeble person among their tribes.,0.9420622051665744,TRUE,,1.0
435,-5511077353397700648,Remarks at an Easter Blessing and an Exchange With Reporters,Donald J. Trump (1st Term),2020-04-10,of in that passage let it be our portion and then god as we face other challenges in the future lord cover us with a cloud by day and a fire by night but in this great land that was set up to glorify your name we want to break,Psalms 78:14,"In the daytime also he led them with a cloud, and all the night with a light of fire.",0.6307728902176154,TRUE,,0.9
442,-5520763502071153166,Remarks to Business and Community Leaders in Athens,William J. Clinton,1999-11-20,magnificent piece of parchment on which is written in byzantine greek lettering one of my favorite bible passages the first verse of the 11th chapter of hebrew faith is the substance of things hoped for the evidence of things unseen elsewhere in the bible is the marvelous verse where there is no vision the people perish vision is to have faith and to imagine the,Hebrews 11:1,"Now faith is the substance of things hoped for, the evidence of things not seen.",0.9786123921612244,TRUE,,0.95
473,-5553110161352099190,Remarks at the National Prayer Breakfast,George W. Bush,2002-02-07,a moral design as individuals we know that suffering is temporary and hope is eternal as a nation we know that the ruthless will not inherit the earth faith teaches humility and with it tolerance once we have recognized god's image in ourselves we must recognize it in every human being respect for the dignity,Matthew 5:5,Blessed are the meek: for they shall inherit the earth.,0.9136020740531512,TRUE,,0.9
507,-5595660227708352707,Remarks Announcing the HIV/AIDS Initiative in Minority Communities,William J. Clinton,1998-10-28,to end my remarks today with what i think is quite an appropriate passage from the first letter of paul to the corinthians the body is a unit though it is made up of many parts and though all its parts are many they form one body if one part,1 Corinthians 12:12,"For as the body is one, and hath many members, and all the members of that one body, being many, are one body: so also is Christ.",0.9198255162979252,TRUE,,0.95
557,-5642362793825384322,Remarks at a Reception in Philadelphia Honoring Senator Hugh Scott.,Gerald R. Ford,1975-05-18,head of this movement my wish for you tonight was best said by one of my predecessors in the white house and i quote may the children of the stock of abraham who dwell in this land continue to merit and enjoy the good will of the other inhabitants and the quotation goes on as,Acts 13:26,"Men and brethren, children of the stock of Abraham, and whosoever among you feareth God, to you is the word of this salvation sent.",0.7802052226732655,TRUE,,0.9
561,-5645931681441049395,"Remarks at the Dedication of the Gerald R. Ford Presidential Museum in Grand Rapids, Michigan",Ronald Reagan,1981-09-18,was likely to be the next president of the united states he and betty recited a favorite prayer from the book of proverbs trust in the lord with all thine heart and lean not unto thine own understanding in all thy ways acknowledge him and he shall direct thy paths today many of us in public life from this country and others have come here,Proverbs 3:5,Trust in the LORD with all thine heart; and lean not unto thine own understanding.,0.9370069669789532,TRUE,,1.0
563,-5645931681441049395,"Remarks at the Dedication of the Gerald R. Ford Presidential Museum in Grand Rapids, Michigan",Ronald Reagan,1981-09-18,a favorite prayer from the book of proverbs trust in the lord with all thine heart and lean not unto thine own understanding in all thy ways acknowledge him and he shall direct thy paths today many of us in public life from this country and others have come here to speak words of tribute to gerald ford the millions,Proverbs 3:6,"In all thy ways acknowledge him, and he shall direct thy paths.",0.9609028643114322,TRUE,,1.0
566,-5649717013073695403,"Remarks to the Staff of the Primary Children's Medical Center in Salt Lake City, Utah",George Bush,1991-09-18,the battle for recovery these kids really depend on your trust and your affection and your caring and you in response fulfill the old bible verse we were gentle among you like a nurse taking care of her children nowhere is this more important than in reducing infant mortality rates we must reverse the factors,1 Thessalonians 2:7,"But we were gentle among you, even as a nurse cherisheth her children:",0.9580115270172044,TRUE,,1.0
582,-5666171948023578488,Remarks at the 12th Annual Presidential Prayer Breakfast,Lyndon B. Johnson,1964-02-05,i would like to relate to you a little personal experience from these days which fortifies anew the great teachings of the book of proverbs train up a child in the way he should go and when he is old he will not depart from it in my childhood mike your children-had the great blessings of a devout and faithful mother in our home as in yours there was always,Proverbs 22:6,"Train up a child in the way he should go: and when he is old, he will not depart from it.",0.986082135085286,TRUE,,0.95
599,-5679784441672703749,Remarks in New York City on Receiving the Charles Evans Hughes Gold Medal of the National Conference of Christians and Jews,Ronald Reagan,1982-03-23,sailed together subject to the same tides winds dangers and responsibilities but each free to worship god in his own way for as the bible teaches have we not all one father hath not one god created us george washington our first president in a letter to the jewish congregation of newport committed our newborn nation to a road that gives to bigotry no sanction,Malachi 2:10,"Have we not all one father? hath not one God created us? why do we deal treacherously every man against his brother, by profaning the covenant of our fathers?",0.7608247877045861,TRUE,,0.9
646,-5715318219072962529,"Interview on MTV's ""Enough is Enough"" Forum",William J. Clinton,1994-04-19,i support his right to run laughter ms stewart do you have a favorite biblical passage that means a lot to you the president let us not grow weary in doing good for in due season we shall reap if we do not lose heart galatians 6:9 q mr president what's your favorite type of running shoes the president what did you say q what's,Galatians 6:9,"And let us not be weary in well doing: for in due season we shall reap, if we faint not.",0.1362535978952464,TRUE,,1.0
667,-5746675968525618444,Remarks at the Annual National Prayer Breakfast,Jimmy Carter,1977-01-27,the reference to micah's admonition about justice and mercy and humility but i had chosen instead first second chronicles 7 14 which congressman wright quoted this morning if my people who are called by my name shall humble themselves and pray and seek my face and turn from their wicked ways then will i hear from heaven and forgive their sins and heal their land when my staff members read the first draft of my speech they rose up in opposition to that verse the second time i wrote my,2 Chronicles 7:14,"If my people, which are called by my name, shall humble themselves, and pray, and seek my face, and turn from their wicked ways; then will I hear from heaven, and will forgive their sin, and will heal their land.",0.8162641375117622,TRUE,,1.0
672,-5746675968525618444,Remarks at the Annual National Prayer Breakfast,Jimmy Carter,1977-01-27,ourselves the attributes of the people we represent but when the disciples struggled among themselves for superiority in god's eyes jesus said whosoever would be chief among you let him be his servant and although we use the phrase sometimes glibly public servant it's hard for us to translate the concept of a president of,Matthew 20:27,"And whosoever will be chief among you, let him be your servant:",0.9782624063179836,TRUE,,0.95
678,-5751888003983428861,Address in the Chicago Stadium,Harry S Truman,1948-10-25,lessons of history the american people cannot afford to entrust their future to men of such little vision the bible warns us that where there is no vision the people perish that is why i urge the election on november the 2d of a democratic congress and a democratic president we must never again entrust,Proverbs 29:18,"Where there is no vision, the people perish: but he that keepeth the law, happy is he.",0.9593423549416008,TRUE,,1.0
692,-5774407011709462382,Remarks at a Republican Party Fundraising Reception,Ronald Reagan,1988-10-11,i was one of them once and then i saw the light as a matter of fact i could quote the scriptures when i was a child i spake as a child i thought as a child when i was an adult i put aside childish things laughter well that's what has brought us all together here tonight so i'll just finish with that and,1 Corinthians 13:11,"When I was a child, I spake as a child, I understood as a child, I thought as a child: but when I became a man, I put away childish things.",0.9446404718901864,TRUE,,1.0
757,-5841914974650167042,"Remarks at Emory University in Atlanta, Georgia",Jimmy Carter,1979-08-30,liberty to captives and comfort to all who mourn that we repaired the ruined cities and the desolations of many generations and that through us the lord god will cause righteousness and praise to spring forth before all the nations that's my prayer i know it's yours thank you very much note the president spoke at 2:14 p.m at the groundbreaking ceremonies on the quadrangle,Isaiah 61:11,"For as the earth bringeth forth her bud, and as the garden causeth the things that are sown in it to spring forth; so the Lord GOD will cause righteousness and praise to spring forth before all the nations.",0.9426389308469392,TRUE,,0.95
807,-5880359962655841194,Remarks at the Lighting of the Nation's Christmas Tree,Lyndon B. Johnson,1965-12-17,"one-handed--but peace gives victory to both sides so in the name of a people who seek peace for their brothers on this earth--""that we may be the children of our father which is in heaven for he maketh his sun to rise on the evil and on the good and sendeth rain on the just and on the unjust""--i turn on the lights of this tree and pray that the spirit that we revere this evening may illuminate the heart of every man on earth",Matthew 5:45,"That ye may be the children of your Father which is in heaven: for he maketh his sun to rise on the evil and on the good, and sendeth rain on the just and on the unjust.",0.716769986618977,TRUE,,0.9
837,-5915140712479334509,Inaugural Address,Franklin D. Roosevelt,1933-03-04,to exhortations pleading tearfully for restored confidence they only know the rules of a generation of self-seekers they have no vision and when there is no vision the people perish yes the money changers have fled from their high seats in the temple of our civilization we may now restore that temple to the ancient,Proverbs 29:18,"Where there is no vision, the people perish: but he that keepeth the law, happy is he.",0.5831370829853096,TRUE,,0.9
885,-5945922213283523680,"Remarks at a Memorial Day Ceremony in Colleville-sur-Mer, France",George W. Bush,2002-05-27,love and we pray for them and we trust in the words of the almighty god which are inscribed in the chapel nearby i give unto them eternal life that they shall never perish god bless note the president spoke at 2:20 p.m at the normandy american cemetery the office of the press secretary also released a spanish language transcript,John 10:28,"And I give unto them eternal life; and they shall never perish, neither shall any man pluck them out of my hand.",0.9236811189302536,TRUE,,0.95
887,-5946252368050960316,"Remarks at a Memorial Day Ceremony in Arlington, Virginia",Barack Obama,2011-05-30,also a spirit captured in a book of isaiah a familiar verse mailed to me by the gold star parents of second lieutenant mike mcgahan when i heard the voice of the lord saying whom shall i send and who will go for us and i said here i am send me that's what we memorialize today that spirit that says send me no matter the mission send me no,Isaiah 6:8,"Also I heard the voice of the Lord, saying, Whom shall I send, and who will go for us? Then said I, Here am I; send me.",0.997109538029607,TRUE,,1.0
918,-5978089935068299423,Address Before a Joint Session of the Congress on the State of the Union,William J. Clinton,1997-02-04,few days before my second inauguration one of our country's best known pastors reverend robert schuller suggested that i read isaiah 58:12 here's what it says thou shalt raise up the foundations of many generations and thou shalt be called the repairer of the breach the restorer of paths to dwell in i placed my hand on that verse when i took the oath of office on behalf of all americans for no matter what our differences in our faiths our backgrounds our politics we must all be repairers of the breach i want to say a word about two other americans who show us how congressman frank tejeda was buried yesterday a proud american,Isaiah 58:12,"And they that shall be of thee shall build the old waste places: thou shalt raise up the foundations of many generations; and thou shalt be called, The repairer of the breach, The restorer of paths to dwell in.",0.9202847420336068,TRUE,,1.0
929,-5983387804172054298,Remarks on Price Stability at a White House Dinner for Business Leaders.,Lyndon B. Johnson,1964-04-28,dealt you--an honest appeal to help give this country years of unparalleled prosperity in the old testament there is a verse which says seest thou a man diligent in his business he shall stand before kings he shall not stand before mean men i can promise you that if you are diligent in your business this president will always be pleased to stand with you--anywhere anytime note the president spoke,Proverbs 22:29,Seest thou a man diligent in his business? he shall stand before kings; he shall not stand before mean men.,0.9798426419593128,TRUE,,1.0
946,-6008132578887726735,Remarks at the Lighting of the Nation's Christmas Tree,Lyndon B. Johnson,1966-12-15,us here tonight dedicate this christmas tree with hope and great confidence and let us rededicate ourselves to the principles of our bill of rights to give light to them that sit in darkness and in the shadow of death to guide our feet into the way of peace note the president spoke at 5:22 p.m just before lighting the national community christmas tree at the 13th annual pageant of peace ceremonies on the ellipse,Luke 1:79,"To give light to them that sit in darkness and in the shadow of death, to guide our feet into the way of peace.",0.9458151589202896,TRUE,,0.9
993,-6038995614089053918,Special Message to the Congress: The American Promise,Lyndon B. Johnson,1965-03-15,then we will have failed as a people and as a nation for with a country as with a person what is a man profited if he shall gain the whole world and lose his own soul there is no negro problem there is no southern problem there is no northern problem there is only an american problem and we,Mark 8:36,"For what shall it profit a man, if he shall gain the whole world, and lose his own soul?",0.9645859114309075,TRUE,,1.0
1050,-6085843605249473896,Remarks at the Baptist Fundamentalism Annual Convention,Ronald Reagan,1984-04-13,"prophet malachi kept recurring to me-words he'd uttered some 2,500 years ago as he had looked around at fighting and cruelty and pain have we not all one father he had asked has not one god created us all it was painfully obvious tragically obvious that our world still could not show that we had learned to answer yes still i thought perhaps some of",Malachi 2:10,"Have we not all one father? hath not one God created us? why do we deal treacherously every man against his brother, by profaning the covenant of our fathers?",0.8224670544236387,TRUE,,0.9
1056,-608823253388580165,Remarks on Presenting Posthumously the Congressional Medal of Honor to Private First Class Ross A. McGinnis,George W. Bush,2008-06-02,of their loss but in words spoken long ago we are told how to measure the kind of devotion that ross mcginnis showed on his last day greater love hath no man than this that a man lay down his life for his friends gospel also gives this assurance blessed are they that mourn for they shall be comforted may the deep respect of our whole nation be a comfort,John 15:13,"Greater love hath no man than this, that a man lay down his life for his friends.",0.9605925835741892,TRUE,,1.0
1058,-608823253388580165,Remarks on Presenting Posthumously the Congressional Medal of Honor to Private First Class Ross A. McGinnis,George W. Bush,2008-06-02,last day greater love hath no man than this that a man lay down his life for his friends gospel also gives this assurance blessed are they that mourn for they shall be comforted may the deep respect of our whole nation be a comfort to the family of this fallen soldier may god always watch over the country he,Matthew 5:4,Blessed are they that mourn: for they shall be comforted.,0.9578890503007884,TRUE,,1.0
1127,-612935623984269456,"Remarks at a Church Service Honoring Martin Luther King, Jr.",Barack Obama,2010-01-17,faith that breaks the silence of an earthquake's wake with the sound of prayers and hymns sung by a haitian community a faith in things not seen in better days ahead in him who holds the future in the hollow of his hand and a faith that lets us mount,Hebrews 11:1,"Now faith is the substance of things hoped for, the evidence of things not seen.",0.8008457579989332,TRUE,,0.9
1128,-612935623984269456,"Remarks at a Church Service Honoring Martin Luther King, Jr.",Barack Obama,2010-01-17,ahead in him who holds the future in the hollow of his hand and a faith that lets us mount up on wings like eagles lets us run and not be weary lets us run--lets us walk and not faint so let us hold fast to that faith as joshua held fast to the faith of his fathers and together we shall overcome the challenges,Isaiah 40:31,"But they that wait upon the LORD shall renew their strength; they shall mount up with wings as eagles; they shall run, and not be weary; and they shall walk, and not faint.",0.952272307253378,TRUE,,0.95
1141,-6134975677341268737,Remarks at the National Peace Officers Memorial Service,Barack Obama,2013-05-15,administration who are here to all the law enforcement officials who are and most of all to the survivor families scripture tells us none of us lives to himself and none of us dies to himself none of us lives to himself and none of us dies to himself the brave officers we gather to remember today devoted themselves so fully to others-to serve and to protect others-that in the,Romans 14:7,"For none of us liveth to himself, and no man dieth to himself.",0.5065707354497629,TRUE,,1.0
1190,-6173743861973258772,"Remarks and a Question-and-Answer Session With the American Association of Retired Persons in Culver City, California",William J. Clinton,1993-10-05,if they can be cared for at home or in a community setting and again i will say to you this is another example where sometimes we strain at a gnat and swallow a camel yes it will cost more money to start this program but over the long run 20 years from now our health care system in the,Matthew 23:24,"Ye blind guides, which strain at a gnat, and swallow a camel.",0.893317206852628,TRUE,,0.9
1213,-6198283121630854359,Remarks at a Dinner Honoring Senator Jesse Helms of North Carolina,Ronald Reagan,1983-06-16,him in our every day living but you know he told us what to do in ii chronicles let us reach out to him he said if my people which are called by my name shall humble themselves and pray and seek my face and turn from their wicked ways then will i hear from heaven and will forgive their sin and will heal their land jesse understands this that's why he's worked so hard and will deserve so much credit when two blessed days arrive finally arrive-the day when,2 Chronicles 7:14,"If my people, which are called by my name, shall humble themselves, and pray, and seek my face, and turn from their wicked ways; then will I hear from heaven, and will forgive their sin, and will heal their land.",0.1668325785503202,TRUE,,0.9
1232,-6213787066236307773,Remarks at the Annual Convention of the National Religious Broadcasters,Ronald Reagan,1984-01-30,his word brought them the blessings of comfort power and peace that they sought the torch of their faith has been passed from generation to generation the grass withereth the flower fadeth but the word of our god shall stand forever more and more americans believe that loving god in their hearts is the ultimate value last year not only were year of the bible,Isaiah 40:8,"The grass withereth, the flower fadeth: but the word of our God shall stand for ever.",0.9939830730982326,TRUE,,1.0
1237,-6213787066236307773,Remarks at the Annual Convention of the National Religious Broadcasters,Ronald Reagan,1984-01-30,challenge is more important to the character of america than restoring the right to life to all human beings without that right no other rights have meaning suffer the little children to come unto me and forbid them not for such is the kingdom of god i will continue to support every effort to restore that protection including the hyde-jepsen respect life bill i've asked for your all-out commitment for,Mark 10:14,"But when Jesus saw it, he was much displeased, and said unto them, Suffer the little children to come unto me, and forbid them not: for of such is the kingdom of God.",0.545004028037432,TRUE,,0.9
1239,-6213787066236307773,Remarks at the Annual Convention of the National Religious Broadcasters,Ronald Reagan,1984-01-30,the character of america than restoring the right to life to all human beings without that right no other rights have meaning suffer the little children to come unto me and forbid them not for such is the kingdom of god i will continue to support every effort to restore that protection including the hyde-jepsen respect life bill i've asked for your all-out commitment for,Matthew 19:14,"But Jesus said, Suffer little children, and forbid them not, to come unto me: for of such is the kingdom of heaven.",0.5922214882578087,TRUE,,0.9
1240,-6213787066236307773,Remarks at the Annual Convention of the National Religious Broadcasters,Ronald Reagan,1984-01-30,family we share another and that is helping to build a foundation of faith and knowledge to prepare our children for the challenges of life train up a child in the way he should go solomon wrote and when he is old he will not depart from it if we're to meet the challenge of educating for the space age of opening eyes and minds to treasures of literature music and poetry and of teaching,Proverbs 22:6,"Train up a child in the way he should go: and when he is old, he will not depart from it.",0.975709001532417,TRUE,,0.95
1244,-6213787066236307773,Remarks at the Annual Convention of the National Religious Broadcasters,Ronald Reagan,1984-01-30,message you are not alone you are not forgotten do not lose your faith and hope because someday you too will be free if the lord is our light our strength and our salvation whom shall we fear of whom shall we be afraid no matter where we live we have a promise that can make all the difference a promise from jesus to soothe,Psalms 27:1,The LORD is my light and my salvation; whom shall I fear? the LORD is the strength of my life; of whom shall I be afraid?,0.8445835173778468,TRUE,,0.9
1245,-6213787066236307773,Remarks at the Annual Convention of the National Religious Broadcasters,Ronald Reagan,1984-01-30,our sorrows heal our hearts and drive away our fears he promised there will never be a dark night that does not end our weeping may endure for a night but joy cometh in the morning he promised if our hearts are true his love will be as sure as sunlight and by dying for us jesus showed how far,Psalms 30:5,"For his anger endureth but a moment; in his favour is life: weeping may endure for a night, but joy cometh in the morning.",0.9923309580576968,TRUE,,0.95
1246,-6213787066236307773,Remarks at the Annual Convention of the National Religious Broadcasters,Ronald Reagan,1984-01-30,will be as sure as sunlight and by dying for us jesus showed how far our love should be ready to go all the way for god so loved the world that he gave his only begotten son that whosoever believeth in him should not perish but have everlasting life i'm a little self-conscious because i know very well you all could recite that verse to me laughter helping each other believing in him we,John 3:16,"For God so loved the world, that he gave his only begotten Son, that whosoever believeth in him should not perish, but have everlasting life.",0.9813081152274667,TRUE,,1.0
1258,-6231622698238197699,"Eulogy at the Funeral Service for Pastor Clementa C. Pinckney of the Emanuel African Methodist Episcopal Church in Charleston, South Carolina",Barack Obama,2015-06-26,the president giving all praise and honor to god the bible calls us to hope to persevere and have faith in things not seen they were still living by faith when they died scripture tells us they did not receive the things promised they only saw them and welcomed them from a distance admitting that they were foreigners and strangers on earth we are here today to remember a man of god who lived by faith a man who believed in things not seen a man who believed there were better days ahead off in the distance a man of service who persevered knowing full well he would not receive,Hebrews 11:1,"Now faith is the substance of things hoped for, the evidence of things not seen.",0.9137640364546472,TRUE,,0.95
1275,-6232703986482476392,Christmas Greeting to the Nation,Franklin D. Roosevelt,1934-12-24,maker of christmas would have it mean in this sense the scriptures admonish us to be strong and of good courage to fear not to dwell together in unity i wish you one and all here and everywhere a very very merry christmas franklin d roosevelt christmas greeting to the nation,Joshua 1:9,"Have not I commanded thee? Be strong and of a good courage; be not afraid, neither be thou dismayed: for the Lord thy God is with thee whithersoever thou goest.",0.2745401461148073,TRUE,,0.9
1275,-6232703986482476392,Christmas Greeting to the Nation,Franklin D. Roosevelt,1934-12-24,maker of christmas would have it mean in this sense the scriptures admonish us to be strong and of good courage to fear not to dwell together in unity i wish you one and all here and everywhere a very very merry christmas franklin d roosevelt christmas greeting to the nation,Psalms 133:1,"Behold, how good and how pleasant it is for brethren to dwell together in unity!",0.2745401461148073,TRUE,,0.9
1296,-6243296067439502602,Remarks at the Funeral of Secretary of Commerce Ronald H. Brown,William J. Clinton,1996-04-10,hope on this day amidst all the grief you will also feel gratitude for his magnificent life determination to carry on his legacy and keep it alive and the peace of god which takes us to a place beyond all our understanding the bible tells us though we weep through the night joy will come in the morning ron brown's,Philippians 4:7,"And the peace of God, which passeth all understanding, shall keep your hearts and minds through Christ Jesus.",0.4271663265092376,TRUE,,0.9
13,-4704050102450639451,Remarks at the Funeral of Secretary of Commerce Ronald H. Brown,William J. Clinton,1996-04-10,hope on this day amidst all the grief you will also feel gratitude for his magnificent life determination to carry on his legacy and keep it alive and the peace of god which takes us to a place beyond all our understanding the bible tells us though we weep through the night joy will come in the morning ron brown's,Psalms 30:5,"For his anger endureth but a moment; in his favour is life: weeping may endure for a night, but joy cometh in the morning.",0.42716632650923764,TRUE,,0.9
1298,-6244496622705029533,"Remarks on Environmental Protection in Baltimore, Maryland",William J. Clinton,1995-08-08,them because of people like you you know there's a couple of lines in the bible that say if your child asks for bread would you give him a stone if he asked for fish would you give him a serpent if he asked for an egg would you give him a scorpion today we must ask if our child asked about the future will we give him or her dirty air poison water would,Luke 11:11,"If a son shall ask bread of any of you that is a father, will he give him a stone? or if he ask a fish, will he for a fish give him a serpent?",0.9803354219601078,TRUE,,1.0
1300,-6244496622705029533,"Remarks on Environmental Protection in Baltimore, Maryland",William J. Clinton,1995-08-08,you give him a stone if he asked for fish would you give him a serpent if he asked for an egg would you give him a scorpion today we must ask if our child asked about the future will we give him or her dirty air poison water would we keep them from knowing,Luke 11:12,"Or if he shall ask an egg, will he offer him a scorpion?",0.8454256112907331,TRUE,,0.9
1303,-6246468591496111725,"Remarks on Signing the Intermodal Surface Transportation Efficiency Act of 1991 in Euless, Texas",George Bush,1991-12-18,all of us know the state of some of our highways and i'm reminded of them when i read the isaiah verse of the admonition that the crooked shall be made straight and the rough places plain i'm not sure isaiah had that in mind thinking about the shape of our interstate system but nevertheless this transportation act will smooth,Isaiah 40:4,"Every valley shall be exalted, and every mountain and hill shall be made low: and the crooked shall be made straight, and the rough places plain:",0.9233752115488226,TRUE,,1.0
1305,-6246929152663061543,The President's News Conference on V-E Day,Harry S Truman,1945-05-08,in the love of freedom it is fitting that we as a nation give thanks to almighty god who has strengthened us and given us the victory now therefore i harry s truman president of the united states of america do hereby appoint sunday may 13 1945 to be a,1 Corinthians 15:57,"But thanks be to God, which giveth us the victory through our Lord Jesus Christ.",0.6786096817616603,TRUE,,0.9
1364,-6319435451796457004,Remarks on Presenting the Congressional Medal of Honor to Captain William D. Swenson,Barack Obama,2013-10-15,reach those americans lying where they fell will and the others carry them out one by one they bring their fallen brothers home scripture tells us the greatest among you shall be your servant captain will swenson was a leader on that september morning but like all great leaders he was also a servant to the men he commanded to,Matthew 23:11,But he that is greatest among you shall be your servant.,0.9298652584039492,TRUE,,0.95
1367,-6324100308498503159,"Remarks at the Swearing In of John Robson as Under Secretary and Stanford Ross as General Counsel, Department of Transportation",Lyndon B. Johnson,1968-05-28,it here today at lunch as we meet here to swear in these two young lawyers we might begin with a quotation from the bible woe unto you also ye lawyers for ye lade men with burdens grievous to be borne and ye yourselves touch not the burdens with one of your fingers now i have known lawyers like that but the two young men with us today are not among them anyone who accepts a position of responsibility in the field of transportation policy can be said to have touched the burdens with both hands much of the history of america is written in,Luke 11:46,"And he said, Woe unto you also, ye lawyers! for ye lade men with burdens grievous to be borne, and ye yourselves touch not the burdens with one of your fingers.",0.8193818248645351,TRUE,,1.0
1381,-6337358059052687433,Satellite Remarks to the Southern Baptist Convention,George W. Bush,2002-06-11,and we also know that faith is an incredibly important source of goodness in our country true faith is never isolated from the rest of life and faith without works is dead our democratic government is one way to promote social justice and the common good which is why the southern baptist convention has become,James 2:20,"But wilt thou know, O vain man, that faith without works is dead?",0.944909880845634,TRUE,,1.0
1384,-6337358059052687433,Satellite Remarks to the Southern Baptist Convention,George W. Bush,2002-06-11,reminded of important truths that suffering is temporary that hope is eternal and that the ruthless will not inherit the earth our faith teaches us that while weeping may endure for a night joy comes in the morning and while faith will not make our path easy it will give us strength for the journey,Psalms 30:5,"For his anger endureth but a moment; in his favour is life: weeping may endure for a night, but joy cometh in the morning.",0.9859678062292826,TRUE,,1.0
1398,-6345099265202252498,Italy: Meeting With Pope John Paul II Exchange of Remarks.,Jimmy Carter,1980-06-21,brother and sister in need in the cause of dignity and human rights the church is intent on offering to the world the contribution of the gospel of christ proclaiming that man is created in the image and likeness of god and destined for life everlasting although as the second vatican council emphasizes the church,Genesis 1:27,"So God created man in his own image, in the image of God created he him; male and female created he them.",0.954684574510744,TRUE,,0.9
1483,-6418633926420190795,Radio Address to the Nation on Tax Reform and the Situation in Nicaragua,Ronald Reagan,1985-12-14,insulted pope john paul ii also stopped radio catolica from broadcasting a letter from the pope and this beatitude blessed are those who are persecuted for righteousness sake for theirs is the kingdom of heaven the truth is these men are nothing but thugs a gang of hard-core communists to whom the word of god is a declaration of liberation,Matthew 5:10,Blessed are they which are persecuted for righteousness' sake: for theirs is the kingdom of heaven.,0.9870523626452644,TRUE,,1.0
1523,-6447855359068116463,Remarks on Signing the Human Rights and Day of Prayer for Poland Proclamations,Ronald Reagan,1982-12-10,the cause of freedom and let us with the polish people and all oppressed peoples everywhere remind ourselves of the words of isaiah they that wait upon the lord shall renew their strength they shall mount up with wings as eagles they shall run and not be weary and i shall now sign these proclamations the president signed the proclamations and i understand that someone is placing a cross of flowers on kosciusko's monument in,Isaiah 40:31,"But they that wait upon the LORD shall renew their strength; they shall mount up with wings as eagles; they shall run, and not be weary; and they shall walk, and not faint.",0.5849241361572616,TRUE,,1.0
1530,-6451808522609616993,Remarks on the Program for Economic Recovery at a White House Reception for Members of the Senate,Ronald Reagan,1981-05-14,be able to say a little lighthearted about the other house and it being a prayer breakfast i referred him to the scriptures-the verse that says the assembly was confused and the more part knew not wherefore they were brought come together laughter they used this to the delight of all the senators and the speaker of the assembly stood up and he too had,Acts 19:32,"Some therefore cried one thing, and some another: for the assembly was confused; and the more part knew not wherefore they were come together.",0.5919620511608704,TRUE,,0.95
1563,-6476394716187267298,Inaugural Address.,Franklin D. Roosevelt,1937-01-20,rests upon me i shall do my utmost to speak their purpose and to do their will seeking divine guidance to help us each and every one to give light to them that sit in darkness and to guide our feet into the way of peace franklin d roosevelt inaugural address,Luke 1:79,"To give light to them that sit in darkness and in the shadow of death, to guide our feet into the way of peace.",0.8058021293011448,TRUE,,0.9
5,-6499273446037767337,Inaugural Address,William J. Clinton,1993-01-20,century let us begin anew with energy and hope with faith and discipline and let us work until our work is done the scripture says and let us not be weary in well doing for in due season we shall reap if we faint not from this joyful mountaintop of celebration we hear a call to service in the valley we have heard the trumpets we have changed the guard,Galatians 6:9,"And let us not be weary in well doing: for in due season we shall reap, if we faint not.",0.9899339280421372,TRUE,,0.95
73,-6563490559762921771,Remarks on Reauthorization of Welfare Reform Legislation,George W. Bush,2002-04-18,needs that no welfare system can possibly fill and the government ought to be the ally of the faith-based and charitable programs we ought not to worry about faith in our society we ought to welcome it we ought to welcome it into our programs we ought to welcome it in the welfare system we ought to recognize the healing power of faith in our society we ought to say to churches and synagogues and mosques love-if you want to love your neighbor like you'd like to be loved yourself,Matthew 22:39," ""Thou shalt love thy neighbour as thyself.""",0.6145947600962403,TRUE,,0.9
90,-6575156631582532766,"Remarks at the Dedication Breakfast of International Christian Leadership, Inc.",John F. Kennedy,1961-02-09,upon his faith in god every president has taken comfort and courage when told as we are told today that the lord will be with thee he will not fail thee nor forsake thee fear not--neither be thou dismayed while they came from a wide variety of religious backgrounds and held a wide variety of religious beliefs each of our,Deuteronomy 31:8,"And the LORD, he it is that doth go before thee; he will be with thee, he will not fail thee, neither forsake thee: fear not, neither be dismayed.",0.8268941305185609,TRUE,,0.9
96,-6575156631582532766,"Remarks at the Dedication Breakfast of International Christian Leadership, Inc.",John F. Kennedy,1961-02-09,charity can we conquer those forces within ourselves and throughout all the world that threaten the very existence of mankind keeping in mind that when a man's ways please the lord he maketh even his enemies to be at peace with him let us go forth to lead this land that we love joining in the prayer of general george washington in 1783 that god,Proverbs 16:7,"When a man's ways please the LORD, he maketh even his enemies to be at peace with him.",0.9699785993367026,TRUE,,0.95
133,-6610817274924480934,"Remarks to the National Baptist Convention, U.S.A., in Orlando, Florida",William J. Clinton,1996-09-06,there's a lot to do you are people of faith and today we need that faith more than ever the scripture says that faith is the assurance of things hoped for the conviction of things unseen and we have seen all of us in our own life that if we have faith we can make,Hebrews 11:1,"Now faith is the substance of things hoped for, the evidence of things not seen.",0.8616751589323258,TRUE,,0.9
135,-6610817274924480934,"Remarks to the National Baptist Convention, U.S.A., in Orlando, Florida",William J. Clinton,1996-09-06,a bridge to the 21st century where we have stronger families and we help our parents to raise their children and to protect them proverbs says train up a child in the way he should go and when he is old he will not depart from it that is why we passed the family and medical leave act and why we want to expand it why we have done our,Proverbs 22:6,"Train up a child in the way he should go: and when he is old, he will not depart from it.",0.8191028036809486,TRUE,,0.9
162,-6629149922687750428,Remarks at a Memorial Service for the Victims of the Embassy Bombings in Kenya and Tanzania,William J. Clinton,1998-09-11,in the tranquil and steady dedication of a lifetime in the book of isaiah it is written that the lord called out whom shall i send and who will go for us and isaiah the prophet answered here am i lord send me these americans generous adventurous brave souls said send me send me in service send me to build a better tomorrow and on,Isaiah 6:8,"Also I heard the voice of the Lord, saying, Whom shall I send, and who will go for us? Then said I, Here am I; send me.",0.9772683036020398,TRUE,,0.95
173,-6645810254944695320,Remarks at a Luncheon in Ottawa,William J. Clinton,1995-02-23,said geography has made us neighbors history has made us friends economics has made us partners and necessity has made us allies those whom nature has so joined together let no man put asunder so president kennedy proclaimed our wedding vows laughter and i am here to tell you we should reaffirm them the bond that the president described so,Mark 10:9,"What therefore God hath joined together, let not man put asunder.",0.1641643052577676,TRUE,,0.9
215,-6702112878715969922,Remarks at the White House Correspondents' Association Dinner,William J. Clinton,1995-04-29,you could tell i-i really liked that-whoever that awful person is that played me laughter i thought it was wonderful the book of proverbs says a happy heart doeth good like medicine and a broken spirit drieth the bones and i believe that but i think you will all understand that-and i hope my wonderful comedy writers will understand if i take a few moments,Proverbs 17:22,A merry heart doeth good like a medicine: but a broken spirit drieth the bones.,0.9750297185212304,TRUE,,0.95
221,-6704965537925109389,Remarks to the Students and Faculty of Archbishop Carroll and All Saints High Schools,Ronald Reagan,1988-10-17,politics but with the enduring truths that mold men and women and move nations truths like faith hope and love and as paul tells us the greatest of these is love i've found there are two kinds of people in this world those absorbed in themselves and those who give love-love to their families to,1 Corinthians 13:13,"And now abideth faith, hope, charity, these three; but the greatest of these is charity.",0.85730129062931,TRUE,,0.9
225,-6704965537925109389,Remarks to the Students and Faculty of Archbishop Carroll and All Saints High Schools,Ronald Reagan,1988-10-17,those who would lead them astray i know that your parents all make great sacrifices so that you can come here it's a measure of their love for you for years i've been urging congress to recognize the public interest in your education and to allow your parents to support your education either through tuition tax credits or vouchers we need a congress that shares and supports the values of the american people we hear the cry but what values do you mean well that's easy just for starters love thy neighbor as thyself in this past lenten season the holy father invited cardinal hickey to give the yearly retreat for him and his household-an,Matthew 19:19,"Honour thy father and thy mother: and, Thou shalt love thy neighbour as thyself.",0.7983751539230519,TRUE,,0.9
262,-6732069030852583593,Remarks at the Law Enforcement Officers Memorial Ceremony,George Bush,1992-05-15,two words american hero every day of every year you risk your lives so that americans can proceed with theirs you truly show what the bible meant greater love hath no man than this that a man lay down his life for his friends i still have with me this badge this is the badge of a fallen police officer a new york cop that many of you all knew,John 15:13,"Greater love hath no man than this, that a man lay down his life for his friends.",0.7815075782459726,TRUE,,1.0
290,-6774367129249629555,Remarks to the Church of God in Christ Bishops Convention,William J. Clinton,2000-09-20,when i started bishop ford-i loved him he was my friend and i'm honored to see you sir in timothy it is written that if a man desire the office of a bishop he desireth a good work now i thought i would come here and talk about that because unlike me you aren't termlimited laughter except of course in the sense that we are,1 Timothy 3:1,"This is a true saying, If a man desire the office of a bishop, he desireth a good work.",0.9365018114549624,TRUE,,0.95
291,-6774367129249629555,Remarks to the Church of God in Christ Bishops Convention,William J. Clinton,2000-09-20,again along the way that's just part of the cost of service and the scripture says we should simply not grow weary that in due season we shall reap i have to admit there were times when i thought the winters were too long and i thought we'd never get to the reaping part laughter,Galatians 6:9,"And let us not be weary in well doing: for in due season we shall reap, if we faint not.",0.98306076539593,TRUE,,0.98
303,-6787263143727553416,Remarks on Signing Criminal Justice Reform Legislation and an Exchange With Reporters,Donald J. Trump (1st Term),2018-12-21,for this country and in this christmas season it's important for us to remember the 1 corinthians 13 that ends with faith hope and love the greatest of these is love and where i find that focus of love today is on the communities this should be called the community justice reform bill because as,1 Corinthians 13:13,"And now abideth faith, hope, charity, these three; but the greatest of these is charity.",0.7655490332205251,TRUE,,0.9
358,-6843287830461042509,The President's Address to the Nation on Civil Disorders.,Lyndon B. Johnson,1967-07-27,man and man faith between race and race faith in each other and faith in the promise of beautiful america let us pray for the day when mercy and truth are met together righteousness and peace have kissed each other let us pray-and let us work for better jobs and better housing and better education that so many millions of our own fellow americans need,Psalms 85:10,Mercy and truth are met together; righteousness and peace have kissed each other.,0.9792068475232992,TRUE,,0.95
359,-6848432400145117089,"Remarks at the Mother Emanuel African Methodist Episcopal Church in Charleston, South Carolina","Joseph R. Biden, Jr.",2024-01-08,many of you know jim is a teacher and a student of history he knows the power of history he knows the power of truth and the power of lies he knows what happens when people are allowed to whitewash history erase history bury history he knows what the bible teaches we shall know the truth and the truth shall set us free but the truth-the truth-is under assault in america as a consequence so is our freedom our democracy our very country because without,John 8:32,"And ye shall know the truth, and the truth shall make you free.",0.8298941682273647,TRUE,,0.9
364,-6848432400145117089,"Remarks at the Mother Emanuel African Methodist Episcopal Church in Charleston, South Carolina","Joseph R. Biden, Jr.",2024-01-08,and history teach us that however dark the night joy cometh in the morning and that joy comes with commands from scripture love the lord thy god with all thy heart all thy mind all thy soul and love your neighbor as thyself not so easy it's hard but in those commands is the essence of the gospel and the,Deuteronomy 4:29,"But if from thence thou shalt seek the LORD thy God, thou shalt find him, if thou seek him with all thy heart and with all thy soul.",0.4585668513110859,TRUE,,0.8
367,-6848432400145117089,"Remarks at the Mother Emanuel African Methodist Episcopal Church in Charleston, South Carolina","Joseph R. Biden, Jr.",2024-01-08,and history teach us that however dark the night joy cometh in the morning and that joy comes with commands from scripture love the lord thy god with all thy heart all thy mind all thy soul and love your neighbor as thyself not so easy it's hard but in those commands is the essence of the gospel and the essence of the american promise,Mark 12:30,"And thou shalt love the Lord thy God with all thy heart, and with all thy soul, and with all thy mind, and with all thy strength: this is the first commandment.",0.96015167736355,TRUE,,0.98
369,-6848432400145117089,"Remarks at the Mother Emanuel African Methodist Episcopal Church in Charleston, South Carolina","Joseph R. Biden, Jr.",2024-01-08,and history teach us that however dark the night joy cometh in the morning and that joy comes with commands from scripture love the lord thy god with all thy heart all thy mind all thy soul and love your neighbor as thyself not so easy it's hard but in those commands is the essence of the gospel and the essence of the american promise,Matthew 22:37,"Jesus said unto him, Thou shalt love the Lord thy God with all thy heart, and with all thy soul, and with all thy mind.",0.960860537777353,TRUE,,0.97
369,-6848432400145117089,"Remarks at the Mother Emanuel African Methodist Episcopal Church in Charleston, South Carolina","Joseph R. Biden, Jr.",2024-01-08,and history teach us that however dark the night joy cometh in the morning and that joy comes with commands from scripture love the lord thy god with all thy heart all thy mind all thy soul and love your neighbor as thyself not so easy it's hard but in those commands is the essence of the gospel and the essence of the american promise,Matthew 22:39," ""Thou shalt love thy neighbour as thyself.""",0.960860537777353,TRUE,,0.97
371,-6848432400145117089,"Remarks at the Mother Emanuel African Methodist Episcopal Church in Charleston, South Carolina","Joseph R. Biden, Jr.",2024-01-08,white house correction pain and persecution they still believed they had promise and the black church kept them moving they had faith they found scripture faith is the substance of things hoped for evidence of things not seen vesey had his kind of faith he became a carpenter and a movement leader concerned with the least among us that's why he helped found this very,Hebrews 11:1,"Now faith is the substance of things hoped for, the evidence of things not seen.",0.964354902960174,TRUE,,1.0
379,-6854954333616413021,Remarks Upon Accepting a Portrait of Franklin Delano Roosevelt.,Lyndon B. Johnson,1967-01-31,stand too-claude pepper of florida i was a new congressional secretary in march 1933 when president roosevelt mounted the platform and that day quoted from proverbs where there is no vision the people perish the people he spoke to then believed that their nation had come to a dead end one out of every four americans in that period was,Proverbs 29:18,"Where there is no vision, the people perish: but he that keepeth the law, happy is he.",0.727255355370496,TRUE,,0.9
391,-6862043085190807849,Remarks on Receiving the Peace Garden Scroll and the Shalom Chaver Award for International Leadership,William J. Clinton,1999-03-18,"process of peace strengthens the extremists and supports their violent designs i would like to close with three admonitions we must not grow weary the psalmist says do good seek peace and pursue it we must not harden our hearts in the face of all that has been lost shakespeare said it best the quality of mercy is not strain'd,it",Psalms 34:14,"Depart from evil, and do good; seek peace, and pursue it.",0.7731893384030395,TRUE,,1.0
403,-6867313455168680415,Remarks on Signing the Older Americans Month Proclamation,William J. Clinton,1993-05-25,a critical part of our health care plan and i know all of you will be out there lobbying for that we so often strain at a gnat and swallow a camel when we don't have enough prevention and maintenance of healthy people in our health care plans and even in our own daily habits,Matthew 23:24,"Ye blind guides, which strain at a gnat, and swallow a camel.",0.9484738426236184,TRUE,,0.9
429,-6897500028763779174,The President's Address to the Nation Announcing Steps To Limit the War in Vietnam and Reporting His Decision Not To Seek Reelection,Lyndon B. Johnson,1968-03-31,i have put it ahead of any divisive partisanship and in these times as in times before it is true that a house divided against itself by the spirit of faction of party of region of religion of race is a house that cannot stand there is division in the,Mark 3:25,"And if a house be divided against itself, that house cannot stand.",0.9912699627626184,TRUE,,1.0
433,-69076055753947177,Remarks at the Kennedy Center Honors Reception,"Joseph R. Biden, Jr.",2024-12-08,the president cleared his throat excuse me for my voice-to capture the spirit of this holiday season to capture faith you know it's-which is the substance of things hoped for and the evidence of things not seen folks we see the power of the arts everywhere-everywhere a few days ago i returned from a trip to angola in southwestern africa,Hebrews 11:1,"Now faith is the substance of things hoped for, the evidence of things not seen.",0.9427851294388258,TRUE,,0.95
446,-6914740958834530988,Remarks at the Thanksgiving Turkey Presentation Ceremony,"Joseph R. Biden, Jr.",2022-11-21,thanksgiving this is a special time and the-in the greatest nation on earth so let's be grateful scripture says let us rejoice always pray continually and give thanks in all circumstances folks let's remember-all the political fighting that goes on that you read about-let's remember one thing this is the united states of america-the united,1 Thessalonians 5:16-18,Rejoice evermore. Pray without ceasing. In every thing give thanks: for this is the will of God in Christ Jesus concerning you.,0.5175175854506681,TRUE,,0.8
476,-6942839692376439780,Inaugural Address,Donald J. Trump (1st Term),2017-01-20,will rediscover our loyalty to each other when you open your heart to patriotism there is no room for prejudice the bible tells us how good and pleasant it is when god's people live together in unity we must speak our minds openly debate our disagreements honestly but always pursue solidarity when america is united america is totally unstoppable there,Psalms 133:1,"Behold, how good and how pleasant it is for brethren to dwell together in unity!",0.961224216880235,TRUE,,1.0
506,-6985119168617116271,"Remarks in Bangor, Maine",George W. Bush,2004-09-23,you who've heard the call to love a neighbor like you'd like to be loved yourself thank you for your works of compassion thank you for making a difference in america this election will also determine how america responds to the continuing danger of terrorism since the terrible morning of september the 11th 2001 we,Matthew 22:39,Thou shalt love thy neighbour as thyself.,0.9720999501656516,TRUE,,0.95
506,-6985119168617116271,"Remarks in Bangor, Maine",George W. Bush,2004-09-23,you who've heard the call to love a neighbor like you'd like to be loved yourself thank you for your works of compassion thank you for making a difference in america this election will also determine how america responds to the continuing danger of terrorism since the terrible morning of september the 11th 2001 we,Jude 1:22,"And of some have compassion, making a difference:",0.9720999501656516,TRUE,,0.95
512,-6990782426786503816,Remarks on Gun Violence,Barack Obama,2016-01-05,he gave his life to save theirs an act of heroism a lot bigger than anything we should ever expect from a 15-year-old greater love hath no man than this that a man lay down his life for his friends we are not asked to do what zaevion dobson did we're not asked to have shoulders that big a heart that strong reactions that quick,John 15:13,"Greater love hath no man than this, that a man lay down his life for his friends.",0.950971231950143,TRUE,,1.0
518,-7001152843743187391,"Remarks at the Oklahoma City National Memorial Dedication Ceremony in Oklahoma City, Oklahoma",William J. Clinton,2000-04-19,decent good people all over the world are grateful to you and grateful to god for the grace that led you on in romans it is said the night is far spent the day is at hand let us cast off the works of darkness and let us put on the armor of light may you keep on your armor of light may you keep your light shining on this place of hope where memories,Romans 13:12,"The night is far spent, the day is at hand: let us therefore cast off the works of darkness, and let us put on the armour of light.",0.8533100857543564,TRUE,,0.95
536,-7023258441008134257,World Conference on Religion and Peace Remarks at a White House Reception for Conference Participants.,Jimmy Carter,1979-09-06,each holy book or thesis or statement of ethical principles would encompass the same philosophy our religion is based on peace and the bible also says depart from evil do good seek peace pursue it-pursue it actively search for peace this has not been a characteristic of all those who profess faith or all those who are related to or,Psalms 34:14,"Depart from evil, and do good; seek peace, and pursue it.",0.9778314336245768,TRUE,,1.0
561,-7048406293945924752,Remarks at a Benefit Concert for the Children's Hospital National Medical Center,Ronald Reagan,1985-12-15,"won't feel like i'm horning in on your profession but i'd like to read a contemporary news account of that event 2,000 years ago and there were in the same country shepherds abiding in the field keeping watch over their flock by night and lo the angel of the lord came upon them and the glory of the lord showed round them and they were",Luke 2:8,"And there were in the same country shepherds abiding in the field, keeping watch over their flock by night.",0.862531999312455,TRUE,,0.95
563,-7048406293945924752,Remarks at a Benefit Concert for the Children's Hospital National Medical Center,Ronald Reagan,1985-12-15,"event 2,000 years ago and there were in the same country shepherds abiding in the field keeping watch over their flock by night and lo the angel of the lord came upon them and the glory of the lord showed round them and they were sore afraid and the angel said unto them fear not for behold i bring you good tidings of great joy which shall be to all",Luke 2:9,"And, lo, the angel of the Lord came upon them, and the glory of the Lord shone round about them: and they were sore afraid.",0.9822292537900412,TRUE,,0.98
568,-7048406293945924752,Remarks at a Benefit Concert for the Children's Hospital National Medical Center,Ronald Reagan,1985-12-15,the angel of the lord came upon them and the glory of the lord showed round them and they were sore afraid and the angel said unto them fear not for behold i bring you good tidings of great joy which shall be to all people for unto you is born this day in the city of david a savior which is christ the lord so it's appropriate that in,Luke 2:10,"And the angel said unto them, Fear not: for, behold, I bring you good tidings of great joy, which shall be to all people.",0.9731137068776644,TRUE,,1.0
569,-7048406293945924752,Remarks at a Benefit Concert for the Children's Hospital National Medical Center,Ronald Reagan,1985-12-15,sore afraid and the angel said unto them fear not for behold i bring you good tidings of great joy which shall be to all people for unto you is born this day in the city of david a savior which is christ the lord so it's appropriate that in the christmas season we honor the little children like the savior who first appeared in this world a helpless infant,Luke 2:11,"For unto you is born this day in the city of David a Saviour, which is Christ the Lord.",0.922739104356542,TRUE,,1.0
573,-7048406293945924752,Remarks at a Benefit Concert for the Children's Hospital National Medical Center,Ronald Reagan,1985-12-15,lord has made known to us in the spirit of every little child let me read a little more of that news account and this shall be a sign unto you the angel said to the shepherds ye shall find the babe wrapped in swaddling clothes lying in a manger and suddenly there was with the angel a multitude of the heavenly hosts praising god and saying glory to god in the highest and on,Luke 2:12,"And this shall be a sign unto you; Ye shall find the babe wrapped in swaddling clothes, lying in a manger.",0.9724349950680198,TRUE,,1.0
575,-7048406293945924752,Remarks at a Benefit Concert for the Children's Hospital National Medical Center,Ronald Reagan,1985-12-15,shall be a sign unto you the angel said to the shepherds ye shall find the babe wrapped in swaddling clothes lying in a manger and suddenly there was with the angel a multitude of the heavenly hosts praising god and saying glory to god in the highest and on earth peace good will toward men thank you again for all that you've done for,Luke 2:13,"And suddenly there was with the angel a multitude of the heavenly host praising God, and saying,",0.8049203966817066,TRUE,,0.9
576,-7048406293945924752,Remarks at a Benefit Concert for the Children's Hospital National Medical Center,Ronald Reagan,1985-12-15,the babe wrapped in swaddling clothes lying in a manger and suddenly there was with the angel a multitude of the heavenly hosts praising god and saying glory to god in the highest and on earth peace good will toward men thank you again for all that you've done for the children's hospital let us find comfort and joy in our children and with them pray for peace on earth and good will toward men thank you and god bless you all note the president spoke at 5:55 p.m at the national building museum tom brokaw nbc news correspondent hosted,Luke 2:14,"Glory to God in the highest, and on earth peace, good will toward men.",0.9879774906684392,TRUE,,1.0
580,-7053949326182174056,Reading at the National September 11 Memorial in New York City,Barack Obama,2011-09-11,god is our refuge and strength a very present help in trouble therefore we will not fear even though the earth be removed and though the mountains be carried into the midst of the sea,Psalms 46:1,"God is our refuge and strength, a very present help in trouble.",0.897659618733368,TRUE,,1.0
581,-7053949326182174056,Reading at the National September 11 Memorial in New York City,Barack Obama,2011-09-11,god is our refuge and strength a very present help in trouble therefore we will not fear even though the earth be removed and though the mountains be carried into the midst of the sea though its waters roar and be troubled though the mountains shake with its swelling there is a river whose streams shall make glad the city of god the holy place,Psalms 46:2,"Therefore will not we fear, though the earth be removed, and though the mountains be carried into the midst of the sea;",0.8487493342578579,TRUE,,1.0
582,-7053949326182174056,Reading at the National September 11 Memorial in New York City,Barack Obama,2011-09-11,god is our refuge and strength a very present help in trouble therefore we will not fear even though the earth be removed and though the mountains be carried into the midst of the sea though its waters roar and be troubled though the mountains shake with its swelling there is a river whose streams shall make glad the city of god the holy place of the tabernacle of the,Psalms 46:3,"Though the waters thereof roar and be troubled, though the mountains shake with the swelling thereof. Selah.",0.9880068134172538,TRUE,,1.0
586,-7053949326182174056,Reading at the National September 11 Memorial in New York City,Barack Obama,2011-09-11,the midst of the sea though its waters roar and be troubled though the mountains shake with its swelling there is a river whose streams shall make glad the city of god the holy place of the tabernacle of the most high god is in the midst of her she shall not be moved god shall help her just at,Psalms 46:4,"There is a river, the streams whereof shall make glad the city of God, the holy place of the tabernacles of the most High.",0.9229801665652186,TRUE,,1.0
587,-7053949326182174056,Reading at the National September 11 Memorial in New York City,Barack Obama,2011-09-11,is a river whose streams shall make glad the city of god the holy place of the tabernacle of the most high god is in the midst of her she shall not be moved god shall help her just at the break of dawn the nations raged the kingdoms were moved he uttered his voice the earth melted the lord,Psalms 46:5,"God is in the midst of her; she shall not be moved: God shall help her, and that right early.",0.9582545932585016,TRUE,,1.0
589,-7053949326182174056,Reading at the National September 11 Memorial in New York City,Barack Obama,2011-09-11,most high god is in the midst of her she shall not be moved god shall help her just at the break of dawn the nations raged the kingdoms were moved he uttered his voice the earth melted the lord of hosts is with us the god of jacob is our refuge come behold the works of the lord who,Psalms 46:6,"The heathen raged, the kingdoms were moved: he uttered his voice, the earth melted.",0.945227398642174,TRUE,,1.0
595,-7053949326182174056,Reading at the National September 11 Memorial in New York City,Barack Obama,2011-09-11,shall help her just at the break of dawn the nations raged the kingdoms were moved he uttered his voice the earth melted the lord of hosts is with us the god of jacob is our refuge come behold the works of the lord who has made desolations in the earth he makes wars cease to the ends of the,Psalms 46:7,The LORD of hosts is with us; the God of Jacob is our refuge. Selah.,0.9962309916123356,TRUE,,1.0
597,-7053949326182174056,Reading at the National September 11 Memorial in New York City,Barack Obama,2011-09-11,moved he uttered his voice the earth melted the lord of hosts is with us the god of jacob is our refuge come behold the works of the lord who has made desolations in the earth he makes wars cease to the ends of the earth he breaks the bough and cuts the spear in,Psalms 46:8,"Come, behold the works of the LORD, what desolations he hath made in the earth.",0.982860330007937,TRUE,,1.0
607,-7053949326182174056,Reading at the National September 11 Memorial in New York City,Barack Obama,2011-09-11,works of the lord who has made desolations in the earth he makes wars cease to the ends of the earth he breaks the bough and cuts the spear in two he burns the chariot in fire be still and know that i am god i will be exalted among the nations i will be,Psalms 46:9,"He maketh wars to cease unto the end of the earth; he breaketh the bow, and cutteth the spear in sunder; he burneth the chariot in the fire.",0.939373297212857,TRUE,,0.95
608,-7053949326182174056,Reading at the National September 11 Memorial in New York City,Barack Obama,2011-09-11,to the ends of the earth he breaks the bough and cuts the spear in two he burns the chariot in fire be still and know that i am god i will be exalted among the nations i will be exalted in the earths the lord of hosts is with us the god of jacob is our refuge.--psalm 46 note the president spoke at 8:47,Psalms 46:10,"Be still, and know that I am God: I will be exalted among the heathen, I will be exalted in the earth.",0.9342096303405976,TRUE,,0.95
635,-7069807883838745696,Remarks Transmitted by Closed-Circuit Television to Ceremonies Marking the 25th Anniversary of the First Nuclear Reactor,Lyndon B. Johnson,1967-12-02,25 years ago mankind reached the turning point of his destiny the book of genesis tells us that in the beginning god directed man to be fruitful and multiply and replenish the earth and subdue it but only in our lifetime have we acquired the ultimate power to fulfill all of that command throughout history,Genesis 1:28,"And God blessed them, and God said unto them, Be fruitful, and multiply, and replenish the earth, and subdue it: and have dominion over the fish of the sea, and over the fowl of the air, and over every living thing that moveth upon the earth.",0.736120316098694,TRUE,,0.9
707,-7134853497151994014,Remarks on Presenting the Presidential Citizens Medal,William J. Clinton,2001-01-08,the commitment of a lifetime the president presented the medal one of ron brown's favorite bible passages came from the 40th chapter of isaiah those who wait upon the lord shall have their strength renewed they shall mount up with wings as eagles they shall run and not grow weary they shall walk and not faint well ron walked ran and soared through life and i can personally testify never grew weary as the chairman of my party he inspired,Isaiah 40:31,"But they that wait upon the LORD shall renew their strength; they shall mount up with wings as eagles; they shall run, and not be weary; and they shall walk, and not faint.",0.9525615717811706,TRUE,,1.0
722,-7157796858974566629,Remarks at a Memorial Service for the Victims of the Tornado in Joplin,Barack Obama,2011-05-29,hours to donate blood to people you know but also to people you've never met and in all this you have lived the words of scripture we are troubled on every side yet not distressed we are perplexed but not in despair persecuted but not forsaken cast down but not destroyed as the governor said you have shown the world what it means to love,2 Corinthians 4:8,"We are troubled on every side, yet not distressed; we are perplexed, but not in despair;",0.5971308455286226,TRUE,,0.9
724,-7157796858974566629,Remarks at a Memorial Service for the Victims of the Tornado in Joplin,Barack Obama,2011-05-29,and in all this you have lived the words of scripture we are troubled on every side yet not distressed we are perplexed but not in despair persecuted but not forsaken cast down but not destroyed as the governor said you have shown the world what it means to love thy neighbor you've banded together you've come to each other's,2 Corinthians 4:9,"Persecuted, but not forsaken; cast down, but not destroyed;",0.9528872151039296,TRUE,,0.95
724,-7157796858974566629,Remarks at a Memorial Service for the Victims of the Tornado in Joplin,Barack Obama,2011-05-29,and in all this you have lived the words of scripture we are troubled on every side yet not distressed we are perplexed but not in despair persecuted but not forsaken cast down but not destroyed as the governor said you have shown the world what it means to love thy neighbor you've banded together you've come to each other's,Matthew 22:39,Thou shalt love thy neighbour as thyself.,0.9528872151039296,TRUE,,0.95
762,-718760494636567468,Remarks at the National Prayer Breakfast,"Joseph R. Biden, Jr.",2023-02-02,history teach us however dark the night joy cometh in the morning and that joy comes when we apply the commandments of scripture love the lord thy god with all thy heart all thy mind and all thy soul and love thy neighbor as thy self that's the hardest one i think at least it's hardest here didn't use to be as hard i've been,Deuteronomy 6:5,"And thou shalt love the LORD thy God with all thine heart, and with all thy soul, and with all thy might.",0.8932649557451255,TRUE,,0.9
764,-718760494636567468,Remarks at the National Prayer Breakfast,"Joseph R. Biden, Jr.",2023-02-02,history teach us however dark the night joy cometh in the morning and that joy comes when we apply the commandments of scripture love the lord thy god with all thy heart all thy mind and all thy soul and love thy neighbor as thy self that's the hardest one i think at least it's hardest here didn't use to be as hard i've been,Luke 10:27,"And he answering said, Thou shalt love the Lord thy God with all thy heart, and with all thy soul, and with all thy strength, and with all thy mind; and thy neighbour as thyself.",0.792165277061591,TRUE,,0.9
765,-718760494636567468,Remarks at the National Prayer Breakfast,"Joseph R. Biden, Jr.",2023-02-02,history teach us however dark the night joy cometh in the morning and that joy comes when we apply the commandments of scripture love the lord thy god with all thy heart all thy mind and all thy soul and love thy neighbor as thy self that's the hardest one i think at least it's hardest here didn't use to be as hard i've been,Mark 12:30,"And thou shalt love the Lord thy God with all thy heart, and with all thy soul, and with all thy mind, and with all thy strength: this is the first commandment.",0.938477554451784,TRUE,,0.95
766,-718760494636567468,Remarks at the National Prayer Breakfast,"Joseph R. Biden, Jr.",2023-02-02,history teach us however dark the night joy cometh in the morning and that joy comes when we apply the commandments of scripture love the lord thy god with all thy heart all thy mind and all thy soul and love thy neighbor as thy self that's the hardest one i think at least it's hardest here didn't use to be as hard i've been,Matthew 22:37,"Jesus said unto him, Thou shalt love the Lord thy God with all thy heart, and with all thy soul, and with all thy mind.",0.9389996557555902,TRUE,,0.95
797,-721618258614746869,Remarks at the National Prayer Breakfast,Barack Obama,2010-02-04,against complacency but rightly or wrongly most of us are inclined to seek out the divine not in the moment when the lord makes his face shine upon us but in moments when god's grace can seem farthest away last month god's grace god's mercy seemed far away from our neighbors in haiti and yet,Numbers 6:25,"The LORD make his face shine upon thee, and be gracious unto thee:",0.7936081787871397,TRUE,,0.9
883,-7297797252208592857,"Remarks at the Simon Wiesenthal Center Awards Presentation Ceremony in Los Angeles, California",Ronald Reagan,1988-10-30,from sinai the idea of justice the idea of laws the idea of the free will god gave us this instruction in deuteronomy i call heaven and earth to witness against you today that i have set before you life and death therefore choose life so that you may live you and your descendants those monsters who made the holocaust-they chose death with results almost too awful to grasp the,Deuteronomy 30:19,"I call heaven and earth to record this day against you, that I have set before you life and death, blessing and cursing: therefore choose life, that both thou and thy seed may live:",0.9503045068345156,TRUE,,0.95
926,-7332056193801011751,"Remarks at the Southern Baptist Convention in Norfolk, Virginia.",Gerald R. Ford,1976-06-15,history proves that power and prestige are slippery peaks from which the mighty have often fallen into disgrace jesus said for what has a man profited if he shall gain the whole world and lose his own soul we stand in danger today of losing the soul of america to the seductions of material gain and moral apathy to a new code of conduct which,Mark 8:36,"For what shall it profit a man, if he shall gain the whole world, and lose his own soul?",0.9841347272358238,TRUE,,0.95
927,-7332056193801011751,"Remarks at the Southern Baptist Convention in Norfolk, Virginia.",Gerald R. Ford,1976-06-15,history proves that power and prestige are slippery peaks from which the mighty have often fallen into disgrace jesus said for what has a man profited if he shall gain the whole world and lose his own soul we stand in danger today of losing the soul of america to the seductions of material gain and moral apathy to a new code of conduct which,Matthew 16:26,"For what is a man profited, if he shall gain the whole world, and lose his own soul? or what shall a man give in exchange for his soul?",0.9699066995160917,TRUE,,0.95
928,-7332056193801011751,"Remarks at the Southern Baptist Convention in Norfolk, Virginia.",Gerald R. Ford,1976-06-15,prestige are slippery peaks from which the mighty have often fallen into disgrace jesus said for what has a man profited if he shall gain the whole world and lose his own soul we stand in danger today of losing the soul of america to the seductions of material gain and moral apathy to a,Luke 9:25,"For what is a man advantaged, if he gain the whole world, and lose himself, or be cast away?",0.9741868431910342,TRUE,,0.95
929,-7332056193801011751,"Remarks at the Southern Baptist Convention in Norfolk, Virginia.",Gerald R. Ford,1976-06-15,in a system of government that is defiled and dishonored whether in the white house or in the halls of congress jesus said for unto whomsoever much is given of him shall be much required personal integrity is not too much to ask of public servants we should accept nothing less the american people have seen too much abuse of,Luke 12:48,"But he that knew not, and did commit things worthy of stripes, shall be beaten with few stripes. For unto whomsoever much is given, of him shall be much required: and to whom men have committed much, of him they will ask the more.",0.1058997241016759,TRUE,,0.8
934,-7332056193801011751,"Remarks at the Southern Baptist Convention in Norfolk, Virginia.",Gerald R. Ford,1976-06-15,most richly blessed nation in the history of mankind and the world for it is as true today as it was in the old testament times that blessed is the nation whose god is the lord i believe that very deeply and so do you in my own life and throughout my career in public service i have found in,Psalms 33:12,Blessed is the nation whose God is the LORD; and the people whom he hath chosen for his own inheritance.,0.8304932084996338,TRUE,,0.9
937,-7332056193801011751,"Remarks at the Southern Baptist Convention in Norfolk, Virginia.",Gerald R. Ford,1976-06-15,for life on a higher plane we could ask no better inspiration than those words of a favorite passage of mine from the book of proverbs trust in the lord with all thine heart and lean not unto thine own understanding in all thy ways acknowledge him and he shall direct thy paths thank you very very much note the president spoke at 3:08 p.m,Proverbs 3:5,Trust in the LORD with all thine heart; and lean not unto thine own understanding.,0.995334792651057,TRUE,,0.95
940,-7332056193801011751,"Remarks at the Southern Baptist Convention in Norfolk, Virginia.",Gerald R. Ford,1976-06-15,of a favorite passage of mine from the book of proverbs trust in the lord with all thine heart and lean not unto thine own understanding in all thy ways acknowledge him and he shall direct thy paths thank you very very much note the president spoke at 3:08 p.m at the scope convention center in his opening remarks he referred to dr jaroy weber,Proverbs 3:6,"In all thy ways acknowledge him, and he shall direct thy paths.",0.9861998609122442,TRUE,,0.95
975,-7380089361444349359,"Remarks at a Victory Rally for Senator Charles S. Robb in McLean, Virginia",William J. Clinton,1994-10-03,"the rules too and we know that one of the rules that sometimes the other side forgets to mention in their litany of values is thou shalt not bear false witness""'-let me tell you something the people of this state are good people they are good people regardless of their party or their background or",Exodus 20:16,Thou shalt not bear false witness against thy neighbour.,0.8081923251763343,TRUE,,0.9
1007,-7405727652660112073,Remarks to a Group of Methodist Ministers.,Harry S Truman,1951-02-07,spirit of the living god may atmosphere their minds to meet fairly all high moral and christian approaches made to them the lord be with you and with thy spirit very sincerely j ralph magee bishop chicago area the methodist church harry s truman remarks to a group of methodist ministers,2 Timothy 4:22,The Lord Jesus Christ be with thy spirit. Grace be with you. Amen.,0.8111154421174946,TRUE,,0.8
1122,-7495068189783715567,Annual Message to Congress,Franklin D. Roosevelt,1936-01-03,instilled into their own affairs autocracy toward labor toward stockholders toward consumers toward public sentiment autocrats in smaller things they seek autocracy in bigger things by their fruits ye shall know them if these gentlemen believe as they say they believe that the measures adopted by this congress and its predecessor and carried out by,Matthew 7:20,Wherefore by their fruits ye shall know them.,0.4872583741411222,TRUE,,0.9
1162,-7541185911205841035,"Remarks at a Unity '98 Dinner in Los Angeles, California",William J. Clinton,1998-09-26,believe there is a greater sense of understanding across racial and ethnic and religious lines in this country than there was 6 years ago but you know the truth you knew the truth when you stood up and cheered i wanted you to hear it tonight not in a political rahrah speech but in calm,John 8:32,"And ye shall know the truth, and the truth shall make you free.",0.9342636110275538,TRUE,,0.95
1234,-7611571466340581547,"Remarks Honoring the Victims of the Shooting at the Tops Friendly Markets Grocery Store and Condemning White Supremacy in Buffalo, New York","Joseph R. Biden, Jr.",2022-05-17,a hymn based on the 91st psalm sung at my church may he raise you up on eagle's wings and bear you on the breath of dawn make you to shine like the sun and hold you in the palm of his hand that's my wish for us we can do this if we resolve to do it if we take on the haters and those who don't even care it's just about profit and politics may the soul of the fallen rest in peace and rise in glory and may god guide the united states of america now and always to the families as,Exodus 19:4,"Ye have seen what I did unto the Egyptians, and how I bare you on eagles' wings, and brought you unto myself.",0.8440097220714136,TRUE,,0.9
1260,-7626361868942084302,Remarks on the Observance of National Poetry Month,Barack Obama,2015-04-17,the world it helps us understand ourselves it helps us understand others their struggles their joys the ways that they see the world it helps us connect in the beginning there was the word and i think it's fair to say that if we didn't have poetry that this would be a pretty barren world in fact it's not clear,John 1:1,"In the beginning was the Word, and the Word was with God, and the Word was God.",0.1654134049651129,TRUE,,0.9
1312,-7713914877889782406,"New York, New York Remarks at the Allred E. Smith Memorial Dinner.",Jimmy Carter,1980-10-16,instructions on how to balance the budget or how to choose between the b-1 bomber and the airlaunched cruise missile what i do find is judge not that ye be not judged and the commandment to love my neighbor al smith a long time ago followed those principles it inspired the work for which we,Matthew 7:1,"Judge not, that ye be not judged.",0.2401199853386601,TRUE,,0.9
1331,-773033693718113161,Remarks in a Christmas Address to the Nation,"Joseph R. Biden, Jr.",2022-12-22,"silence of space on a silent night on a christmas eve they read the story of christmas-creation from the king james bible it went in the beginning god created heaven and earth and god said let there be light and there was light that light's still with us illuminating our way forward as americans and as citizens of the world a light that burned in the beginning and at bethlehem a light that shines still today in our own time our own lives as we sing o holy night""-""his law",Genesis 1:1,In the beginning God created the heaven and the earth.,0.975536416556977,TRUE,,0.95
1332,-773033693718113161,Remarks in a Christmas Address to the Nation,"Joseph R. Biden, Jr.",2022-12-22,silent night on a christmas eve they read the story of christmas-creation from the king james bible it went in the beginning god created heaven and earth and god said let there be light and there was light that light's still with us illuminating our way forward as americans and as citizens of the world a light that burned in the beginning and at bethlehem,Genesis 1:3,"And God said, Let there be light: and there was light.",0.8776376163000158,TRUE,,0.9
1362,-775644547304693163,Remarks on Presenting the Medal of Honor to Corporal William Kyle Carpenter,Barack Obama,2014-06-19,blast keep in mind at the time kyle was just 21 years old but in that instant he fulfilled those words of scripture greater love hath no man than this that a man lay down his life for his friends they found kyle lying face down directly over the blast area his helmet was riddled with holes his gear was melted part of his kevlar,John 15:13,"Greater love hath no man than this, that a man lay down his life for his friends.",0.1472068690961547,TRUE,,0.9
1372,-7769574490843802528,Remarks at the Dinner of the Protestant Council of the City of New York.,John F. Kennedy,1963-11-08,family of man that we are not weary in well-doing and we shall i am confident if we maintain the pace we shall in due season reap the kind of world we deserve and deserve the kind of world we will have thank you note the president spoke in the,Galatians 6:9,"And let us not be weary in well doing: for in due season we shall reap, if we faint not.",0.9654523330671568,TRUE,,1.0
1394,-7801580013122460523,Remarks on Signing the Bill of Rights Day and Human Rights Day and Week Proclamation,Ronald Reagan,1983-12-09,the voice of america radio free europe radio liberty and we're establishing radio marti to communicate directly with the cuban people saint john told us ye shall know the truth and the truth shall make you free well in many countries people aren't even allowed to read the bible it is up to us to make sure the message of,John 8:32,"And ye shall know the truth, and the truth shall make you free.",0.9931609518689198,TRUE,,1.0
1403,-7811355355177622572,"Remarks at the Federal Bureau of Investigation Academy Commencement Ceremony in Quantico, Virginia",George Bush,1991-05-30,"children it provides for hiv testing of accused sex offenders and it guarantees a victim's right to address the court at sentencing listen to these words the land is full of bloody crime and the city is full of violence the prophet ezekiel wrote that over 2,000 years ago the battle between good and evil still rages but our crime bill will strengthen the hand",Ezekiel 7:23,"Make a chain: for the land is full of bloody crimes, and the city is full of violence.",0.9937182189293152,TRUE,,1.0
1429,-7834459370992172633,"Remarks at the Sandy Hook Interfaith Prayer Vigil in Newtown, Connecticut",Barack Obama,2012-12-16,the families first-responders to the community of newtown clergy guests-scripture tells us do not lose heart though outwardly we are wasting away inwardly we are being renewed day by day for our light and momentary troubles are achieving for us an eternal glory that far outweighs them all so we fix our eyes not on,2 Corinthians 4:16,"For which cause we faint not; but though our outward man perish, yet the inward man is renewed day by day.",0.2297706404216608,TRUE,,0.9
1429,-7834459370992172633,"Remarks at the Sandy Hook Interfaith Prayer Vigil in Newtown, Connecticut",Barack Obama,2012-12-16,the families first-responders to the community of newtown clergy guests-scripture tells us do not lose heart though outwardly we are wasting away inwardly we are being renewed day by day for our light and momentary troubles are achieving for us an eternal glory that far outweighs them all so we fix our eyes not on,2 Corinthians 4:17,"For our light affliction, which is but for a moment, worketh for us a far more exceeding and eternal weight of glory;",0.2297706404216608,TRUE,,0.9
1430,-7834459370992172633,"Remarks at the Sandy Hook Interfaith Prayer Vigil in Newtown, Connecticut",Barack Obama,2012-12-16,fix our eyes not on what is seen but on what is unseen since what is seen is temporary but what is unseen is eternal for we know that if the earthly tent we live in is destroyed we have a building from god an eternal house in heaven not built by human hands we gather here in memory of 20 beautiful children and 6,2 Corinthians 4:18,"While we look not at the things which are seen, but at the things which are not seen: for the things which are seen are temporal; but the things which are not seen are eternal.",0.7555544058359368,TRUE,,0.9
1430,-7834459370992172633,"Remarks at the Sandy Hook Interfaith Prayer Vigil in Newtown, Connecticut",Barack Obama,2012-12-16,fix our eyes not on what is seen but on what is unseen since what is seen is temporary but what is unseen is eternal for we know that if the earthly tent we live in is destroyed we have a building from god an eternal house in heaven not built by human hands we gather here in memory of 20 beautiful children and 6,2 Corinthians 5:1,"For we know that if our earthly house of this tabernacle were dissolved, we have a building of God, an house not made with hands, eternal in the heavens.",0.7555544058359368,TRUE,,0.9
1435,-7834459370992172633,"Remarks at the Sandy Hook Interfaith Prayer Vigil in Newtown, Connecticut",Barack Obama,2012-12-16,keep us on this earth let the little children come to me jesus said and do not hinder them-for to such belongs the kingdom of heaven charlotte daniel olivia josephine ana dylan madeleine catherine chase jesse james grace emilie jack noah caroline jessica benjamin avielle allison god has called them,Matthew 19:14,"But Jesus said, Suffer little children, and forbid them not, to come unto me: for of such is the kingdom of heaven.",0.9238008299640064,TRUE,,0.95
1439,-7848765260355768808,"First Anniversary of the Egyptian-Israeli Peace Treaty Remarks of the President, Ambassador Ashraf A. Ghorbal of Egypt, and Ambassador Ephraim Evron of Israel at a White House Reception.",Jimmy Carter,1980-03-23,swords into plowshares and their spears into pruning hooks isaiah in chapter 42 in the bible says of a great servant of god a bruised reed he will not break a dimly burning wick he will not quench i have given you as a covenant to the people a light,Isaiah 42:3,"A bruised reed shall he not break, and the smoking flax shall he not quench: he shall bring forth judgment unto truth.",0.8306096594113886,TRUE,,0.95
1449,-785122074745128775,Remarks at the First Annual Commemoration of the Days of Remembrance of Victims of the Holocaust,Ronald Reagan,1981-04-30,a ceremony such as this is that even a tortured past holds promise if we learn its lessons according to isaiah there will be a new heaven and a new earth and the voice of weeping will be heard no more together with the help of god we can bear the burden of our nightmare,2 Peter 3:13,"Nevertheless we, according to his promise, look for new heavens and a new earth, wherein dwelleth righteousness.",0.9300503789982496,TRUE,,0.9
1451,-785122074745128775,Remarks at the First Annual Commemoration of the Days of Remembrance of Victims of the Holocaust,Ronald Reagan,1981-04-30,is that even a tortured past holds promise if we learn its lessons according to isaiah there will be a new heaven and a new earth and the voice of weeping will be heard no more together with the help of god we can bear the burden of our nightmare it is up to us,Isaiah 65:19,"And I will rejoice in Jerusalem, and joy in my people: and the voice of weeping shall be no more heard in her, nor the voice of crying.",0.4870272361166056,TRUE,,0.9
1452,-7852615844657085382,Toasts of the President and President Tito of Yugoslavia,Richard Nixon,1971-10-28,so on in paraphrasing the words of your great president lincoln we can say even today transposing them to the broader international plane that a world divided against itself half slave and half free cannot endure permanently it is generally felt that all of us together in addition to our awareness and material power--should possess,Mark 3:25,"And if a house be divided against itself, that house cannot stand.",0.7753096130391601,TRUE,,0.8
1490,-7883826146307494069,Remarks at the Faith and Freedom Coalition's Road to Majority Conference,Donald J. Trump (1st Term),2017-06-08,it your voices will resound across the halls of our capitol and across the world we recite today the words of isaiah chapter 1 verse 17 learn to do right seek justice defend the oppressed take up the cause of the fatherless plead the case of the widow the entrenched interests and failed bitter voices in washington will do everything in their power to try and stop us from this,Isaiah 1:17,"Learn to do well; seek judgment, relieve the oppressed, judge the fatherless, plead for the widow.",0.6900168137531476,TRUE,,0.9
1546,-7925894795161923444,"Remarks at the Olivet Institutional Baptist Church in Cleveland, Ohio",Jimmy Carter,1980-05-29,we've not yet quite reached that goal but we are moving in the right direction it's going to take persistence harmony trust conviction and prayer james said the effectual fervent prayer of a righteous man availeth much right and that's what we're going to need in the future effective fervent prayer and we've got to make sure we're righteous and,James 5:16,"Confess your faults one to another, and pray one for another, that ye may be healed. The effectual fervent prayer of a righteous man availeth much.",0.9525552498046812,TRUE,,0.9
13,-7944083939408441807,Address at the Opening of the Conference on Fire Prevention.,Harry S Truman,1947-05-05,this is not a new problem for it is recorded in the book of exodus more than three thousand years ago if a fire break out and catch in thorns so that the stacks of corn or the standing corn or the field be consumed therewith he that kindled the fire shall surely make restitution the conference might well consider the strengthening of the present laws having to do with negligence these are but a few of the problems that,Exodus 22:6,"If fire break out, and catch in thorns, so that the stacks of corn, or the standing corn, or the field, be consumed therewith; he that kindled the fire shall surely make restitution.",0.8619464768196295,TRUE,,0.9
74,-7999010827317971979,"Remarks at the National Association for the Advancement of Colored People's 115th National Convention in Las Vegas, Nevada","Joseph R. Biden, Jr.",2024-07-16,said before we know black history is american history it's as simple as that let me close with this the psalm tells us i've been young and now i'm old yet i have not seen the righteous forsaken i have not seen righteous forsaken and i will not see the righteous forsaken hopefully with age i've demonstrated a little bit of wisdom here's what i do know i know how to tell the truth i,Psalms 37:25,"I have been young, and now am old; yet have I not seen the righteous forsaken, nor his seed begging bread.",0.9779261853339576,TRUE,,1.0
83,-8007823485482494135,Remarks in New York City at the Dinner of the Weizmann Institute of Science.,Lyndon B. Johnson,1964-02-06,writ of the prophets and on the modern building of the united nations it is very simply a desire for the day when nation shall not lift up sword against nation nor shall they learn war any more that is my prayer that is my prophecy note the 18th annual dinner of the weizmann institute of science was held in the grand ballroom at the,Isaiah 2:4,"And he shall judge among the nations, and shall rebuke many people: and they shall beat their swords into plowshares, and their spears into pruninghooks: nation shall not lift up sword against nation, neither shall they learn war any more.",0.860895243827109,TRUE,,0.9
93,-8012649275123296706,"Remarks at a Discussion at the Ministers' Leadership Conference in South Barrington, Illinois",William J. Clinton,2000-08-10,accountability group together that would meet with you and help you stay on a new path and you ended the speech by saying let the words in my mouth the meditation in my heart and the work of my hands be pleasing to my god it was about as clean,Psalms 19:14,"Let the words of my mouth, and the meditation of my heart, be acceptable in thy sight, O LORD, my strength, and my redeemer.",0.8973298439076687,TRUE,,0.9
95,-8012649275123296706,"Remarks at a Discussion at the Ministers' Leadership Conference in South Barrington, Illinois",William J. Clinton,2000-08-10,to do is to focus on the vision thing as some politicians say i mean it's not for nothing that the scripture says where there is no vision the people perish i mean it is the most important thing otherwise you get-remember that great old yogi berra line i may not know where i'm going,Proverbs 29:18,"Where there is no vision, the people perish: but he that keepeth the law, happy is he.",0.9805985024399896,TRUE,,0.95
96,-8012649275123296706,"Remarks at a Discussion at the Ministers' Leadership Conference in South Barrington, Illinois",William J. Clinton,2000-08-10,"a way one of my very favorite bible verses is the 12th chapter of the-12th verse of the 12th chapter of first corinthians now we see through a glass darkly but then face to face now we know in part but then we shall know even as we are also known now abideth faith hope and love and the greatest of these is love""-or charity or charitable love or whatever why because we see through a glass darkly but i'm quite sure that what i am right about is our common humanity and that our common humanity is more important than the things that divide",1 Corinthians 13:12,"For now we see through a glass, darkly; but then face to face: now I know in part; but then shall I know even as also I am known.",0.9646251689045148,TRUE,,0.98
96,-8012649275123296706,"Remarks at a Discussion at the Ministers' Leadership Conference in South Barrington, Illinois",William J. Clinton,2000-08-10,"a way one of my very favorite bible verses is the 12th chapter of the-12th verse of the 12th chapter of first corinthians now we see through a glass darkly but then face to face now we know in part but then we shall know even as we are also known now abideth faith hope and love and the greatest of these is love""-or charity or charitable love or whatever why because we see through a glass darkly but i'm quite sure that what i am right about is our common humanity and that our common humanity is more important than the things that divide",1 Corinthians 13:13,"And now abideth faith, hope, charity, these three; but the greatest of these is charity.",0.9646251689045148,TRUE,,0.98
117,-8026891869986854503,Remarks at the Veterans Day Ceremony at the Vietnam Veterans Memorial,Ronald Reagan,1988-11-11,honor you and we have faith that as he does all his sacred children the lord will bless you and keep you the lord will make his face to shine upon you and give you peace now and forever more thank you all and god bless you note the president spoke at 11:45 a.m he,Psalms 67:1,"God be merciful unto us, and bless us; and cause his face to shine upon us; Selah.",0.8977154202016138,TRUE,,0.9
163,-8063529515024872668,Radio Address on Washington's Birthday.,Franklin D. Roosevelt,1943-02-22,our thoughts and control our tongues as did the father of our country in seeking day by day to follow those great verses charity suffereth long and is kind charity envieth not charity vaunteth not itself is not puffed up doth not behave itself unseemly seeketh not her own is not easily provoked thinketh no evil rejoiceth not in iniquity but rejoiceth in the truth,1 Corinthians 13:4,"Charity suffereth long, and is kind; charity envieth not; charity vaunteth not itself, is not puffed up,",0.9906105208508496,TRUE,,1.0
164,-8063529515024872668,Radio Address on Washington's Birthday.,Franklin D. Roosevelt,1943-02-22,day by day to follow those great verses charity suffereth long and is kind charity envieth not charity vaunteth not itself is not puffed up doth not behave itself unseemly seeketh not her own is not easily provoked thinketh no evil rejoiceth not in iniquity but rejoiceth in the truth i think that most of us americans seek to live up to those precepts but,1 Corinthians 13:5,"Doth not behave itself unseemly, seeketh not her own, is not easily provoked, thinketh no evil;",0.9264786401851116,TRUE,,0.9
165,-8063529515024872668,Radio Address on Washington's Birthday.,Franklin D. Roosevelt,1943-02-22,envieth not charity vaunteth not itself is not puffed up doth not behave itself unseemly seeketh not her own is not easily provoked thinketh no evil rejoiceth not in iniquity but rejoiceth in the truth i think that most of us americans seek to live up to those precepts but there are some among us who have forgotten them there,1 Corinthians 13:6,"Rejoiceth not in iniquity, but rejoiceth in the truth;",0.859785164178223,TRUE,,0.9
166,-8063529515024872668,Radio Address on Washington's Birthday.,Franklin D. Roosevelt,1943-02-22,more words spoken many years ago-words which helped to shape the character and the career of george washington words that lay behind the prayer at valley forge blessed are the poor in spirit for theirs is the kingdom of heaven blessed are they that mourn for they shall be comforted blessed are the meek for they shall inherit the earth blessed are they which do hunger and thirst after righteousness for they shall be filled blessed are the merciful for they shall obtain mercy blessed are the pure in heart for they shall see god blessed are the peacemakers for they shall be called the children of god blessed are they which are persecuted for righteousness sake for theirs is the kingdom of heaven blessed are ye when men shall revile you and persecute you and shall say all manner of evil against you falsely for my sake rejoice and,Matthew 5:3,Blessed are the poor in spirit: for theirs is the kingdom of heaven.,0.976921267565176,TRUE,,1.0
167,-8063529515024872668,Radio Address on Washington's Birthday.,Franklin D. Roosevelt,1943-02-22,more words spoken many years ago-words which helped to shape the character and the career of george washington words that lay behind the prayer at valley forge blessed are the poor in spirit for theirs is the kingdom of heaven blessed are they that mourn for they shall be comforted blessed are the meek for they shall inherit the earth blessed are they which do hunger and thirst after righteousness for they shall be filled blessed are the merciful for they shall obtain mercy blessed are the pure in heart for they shall see god blessed are the peacemakers for they shall be called the children of god blessed are they which are persecuted for righteousness sake for theirs is the kingdom of heaven blessed,Matthew 5:5,Blessed are the meek: for they shall inherit the earth.,0.9301104345228124,TRUE,,0.95
168,-8063529515024872668,Radio Address on Washington's Birthday.,Franklin D. Roosevelt,1943-02-22,more words spoken many years ago-words which helped to shape the character and the career of george washington words that lay behind the prayer at valley forge blessed are the poor in spirit for theirs is the kingdom of heaven blessed are they that mourn for they shall be comforted blessed are the meek for they shall inherit the earth blessed are they which do hunger and thirst after righteousness for they shall be filled blessed are the merciful for they shall obtain mercy blessed are the pure in heart for they shall see god blessed are the peacemakers for they shall be called the children of god blessed are they which are persecuted for righteousness sake for theirs is the kingdom of heaven blessed,Matthew 5:7,Blessed are the merciful: for they shall obtain mercy.,0.9570268889439631,TRUE,,0.98
168,-8063529515024872668,Radio Address on Washington's Birthday.,Franklin D. Roosevelt,1943-02-22,more words spoken many years ago-words which helped to shape the character and the career of george washington words that lay behind the prayer at valley forge blessed are the poor in spirit for theirs is the kingdom of heaven blessed are they that mourn for they shall be comforted blessed are the meek for they shall inherit the earth blessed are they which do hunger and thirst after righteousness for they shall be filled blessed are the merciful for they shall obtain mercy blessed are the pure in heart for they shall see god blessed are the peacemakers for they shall be called the children of god blessed are they which are persecuted for righteousness sake for theirs is the kingdom of heaven blessed,Matthew 5:8,Blessed are the pure in heart: for they shall see God.,0.9570268889439631,TRUE,,0.98
169,-8063529515024872668,Radio Address on Washington's Birthday.,Franklin D. Roosevelt,1943-02-22,more words spoken many years ago-words which helped to shape the character and the career of george washington words that lay behind the prayer at valley forge blessed are the poor in spirit for theirs is the kingdom of heaven blessed are they that mourn for they shall be comforted blessed are the meek for they shall inherit the earth blessed are they which do hunger and thirst after righteousness for they shall be filled blessed are the merciful for they shall obtain mercy blessed are the pure in heart for they shall see god blessed are the peacemakers for they shall be called the children of god blessed are they which are persecuted for righteousness sake for theirs is the kingdom of heaven blessed are ye when men shall,Matthew 5:9,Blessed are the peacemakers: for they shall be called the children of God.,0.8215585473702175,TRUE,,0.85
170,-8063529515024872668,Radio Address on Washington's Birthday.,Franklin D. Roosevelt,1943-02-22,the character and the career of george washington words that lay behind the prayer at valley forge blessed are the poor in spirit for theirs is the kingdom of heaven blessed are they that mourn for they shall be comforted blessed are the meek for they shall inherit the earth blessed are they which do hunger and thirst after righteousness for they shall be filled blessed are the merciful for they shall obtain mercy blessed are the pure in heart for they shall see god blessed are the peacemakers for they shall be called the children of god blessed are they which are persecuted for righteousness sake for theirs is the kingdom of heaven blessed are ye when men shall revile you and persecute you and shall say all manner of evil against you falsely for my sake rejoice and,Matthew 5:10,Blessed are they which are persecuted for righteousness' sake: for theirs is the kingdom of heaven.,0.7931875058935798,TRUE,,0.95
171,-8063529515024872668,Radio Address on Washington's Birthday.,Franklin D. Roosevelt,1943-02-22,of george washington words that lay behind the prayer at valley forge blessed are the poor in spirit for theirs is the kingdom of heaven blessed are they that mourn for they shall be comforted blessed are the meek for they shall inherit the earth blessed are they which do hunger and thirst after righteousness for they shall be filled blessed are the merciful for they shall obtain mercy blessed are the pure in heart for they shall see god blessed are the peacemakers for they shall be called the children of god blessed are they which are persecuted for righteousness sake for theirs is the kingdom of heaven blessed are ye when men shall,Matthew 5:4,Blessed are they that mourn: for they shall be comforted.,0.8658268517944712,TRUE,,0.95
174,-8063529515024872668,Radio Address on Washington's Birthday.,Franklin D. Roosevelt,1943-02-22,lay behind the prayer at valley forge blessed are the poor in spirit for theirs is the kingdom of heaven blessed are they that mourn for they shall be comforted blessed are the meek for they shall inherit the earth blessed are they which do hunger and thirst after righteousness for they shall be filled blessed are the merciful for they shall obtain mercy blessed are the pure in heart for they shall see god blessed are the peacemakers for they shall be called the children of god blessed are they which are persecuted for righteousness sake for theirs is the kingdom of heaven blessed are ye when men shall revile you and persecute you,Matthew 5:6,Blessed are they which do hunger and thirst after righteousness: for they shall be filled.,0.9160085315432476,TRUE,,0.95
184,-8063529515024872668,Radio Address on Washington's Birthday.,Franklin D. Roosevelt,1943-02-22,they shall be called the children of god blessed are they which are persecuted for righteousness sake for theirs is the kingdom of heaven blessed are ye when men shall revile you and persecute you and shall say all manner of evil against you falsely for my sake rejoice and be exceeding glad for great is your reward in heaven for so persecuted they the prophets which were before you those are the truths which,Matthew 5:11,"Blessed are ye, when men shall revile you, and persecute you, and shall say all manner of evil against you falsely, for my sake.",0.9517114314314408,TRUE,,0.95
186,-8063529515024872668,Radio Address on Washington's Birthday.,Franklin D. Roosevelt,1943-02-22,are ye when men shall revile you and persecute you and shall say all manner of evil against you falsely for my sake rejoice and be exceeding glad for great is your reward in heaven for so persecuted they the prophets which were before you those are the truths which are the eternal heritage of our civilization i repeat them to give heart and comfort to all men and women,Matthew 5:12,"Rejoice, and be exceeding glad: for great is your reward in heaven: for so persecuted they the prophets which were before you.",0.5046840329976523,TRUE,,0.9
187,-806602860474208918,Remarks at a Ceremony Marking the Transfer of the Water Pollution Control Administration to the Department of the Interior.,Lyndon B. Johnson,1966-05-20,halt decay and bar exploitation to magnify our splendor and to multiply our resources and they have reaped the harvest promised in the bible passage that says speak to the earth and it shall teach thee you have been among such men your vision and dedication have earned the gratitude of this nation but because you are such men i,Job 12:8,"Or speak to the earth, and it shall teach thee: and the fishes of the sea shall declare unto thee.",0.9042843751886988,TRUE,,0.95
209,-8092552156375235299,"Remarks on Being Awarded the Presidential Medal of Honor by President Isaac Herzog of Israel in Jerusalem, Israel","Joseph R. Biden, Jr.",2022-07-14,he raise you up on eagle's wings and bear you on the breath of dawn until we meet again may god hold you in the palm of his hand well every time i've come over these years thank god god seems to be holding us in the palm of his hand because we get stronger not weaker and to me it's pretty miraculous the torah tells a story of the prophet who described the ancient,Leviticus 14:26,And the priest shall pour of the oil into the palm of his own left hand:,0.8788301081881863,TRUE,,0.9
217,-8092552156375235299,"Remarks on Being Awarded the Presidential Medal of Honor by President Isaac Herzog of Israel in Jerusalem, Israel","Joseph R. Biden, Jr.",2022-07-14,begin with quoting the bible president herzog recited the verse in hebrew he then recited it in english as follows with him are wisdom and strength he has counsel and understanding the presidential medal of honor is hereby awarded to the honorable president joseph r biden jr of the united states of america for his,Job 12:13,"With him is wisdom and strength, he hath counsel and understanding.",0.9916334387109924,TRUE,,1.0
269,-8140115333325779790,Address Accepting the Presidential Nomination at the Democratic National Convention in Atlanta,Michael S. Dukakis,1988-07-21,idea of community an idea that was planted in the new world by the first governor of massachusetts we must said john winthrop love one another with a pure heart fervently we must delight in each other make each other's condition our own rejoice together mourn together and suffer together we must he said be,1 Peter 1:22,"Seeing ye have purified your souls in obeying the truth through the Spirit unto unfeigned love of the brethren, see that ye love one another with a pure heart fervently:",0.4370620297381537,TRUE,,0.9
283,-814803590412779071,Remarks on the Middle East,George W. Bush,2002-06-24,a test to show who is serious about peace and who is not the choice here is stark and simple the bible says i have set before you life and death therefore choose life the time has arrived for everyone in this conflict to choose peace and hope and life,Deuteronomy 30:19,"I call heaven and earth to record this day against you, that I have set before you life and death, blessing and cursing: therefore choose life, that both thou and thy seed may live:",0.725639083774628,TRUE,,0.9
289,-8152337338631444625,Remarks to the American Jewish Committee,George W. Bush,2001-05-03,jewish people were entrusted with a truth more enduring than any power of man in the words of the prophet isaiah this shall be my covenant with them said the lord my spirit which is upon you and the words which i have placed in your mouth shall not be absent from your mouth nor from the mouth of your children nor from the mouth of your children's children said the lord from now for all time it is not an accident that freedom of religion is one of the,Isaiah 59:21,"As for me, this is my covenant with them, saith the LORD; My spirit that is upon thee, and my words which I have put in thy mouth, shall not depart out of thy mouth, nor out of the mouth of thy seed, nor out of the mouth of thy seed's seed, saith the LORD, from henceforth and for ever.",0.8711316993620083,TRUE,,0.9
293,-8154370251501783834,Remarks at the Presentation Ceremony for the Congressional Medal of Honor,William J. Clinton,1994-05-23,them on the wall of the special forces memorial court at ft bragg the words of the prophet isaiah are etched in stone i heard the voice of the lord saying whom shall i send and who will go for us master sergeant gary gordon and sergeant first class randall shughart answered that call today we inscribe their lives and their deeds in the distinguished,Isaiah 6:8,"Also I heard the voice of the Lord, saying, Whom shall I send, and who will go for us? Then said I, Here am I; send me.",0.8262350551278069,TRUE,,0.9
338,-819178404168663195,Videotaped Remarks to the Alfred E. Smith Memorial Foundation Dinner in New York City,Donald J. Trump (1st Term),2020-10-01,it for a long time i lived right next to a magnificent catholic church as jesus christ said in the gospel everyone will know that you are my disciples if you love one another as president i want to thank the catholic community for the magnificent generosity you showed in america's hour of need we,John 13:35,"By this shall all men know that ye are my disciples, if ye have love one to another.",0.9465526516537248,TRUE,,0.95
348,-8205725517883628487,Excerpts from the Press Conference,Franklin D. Roosevelt,1942-02-17,out the thought in mr winston churchill's speech that whoever is guilty of bringing about the crime of disunity of him let it be said that it were better that a millstone were hung about his neck and that he were cast into the sea and over in the corner of the room is a poor little fellow called john q public and there is another figure what might be,Luke 17:2,"It were better for him that a millstone were hanged about his neck, and he cast into the sea, than that he should offend one of these little ones.",0.9572116215415188,TRUE,,1.0
349,-8205725517883628487,Excerpts from the Press Conference,Franklin D. Roosevelt,1942-02-17,out the thought in mr winston churchill's speech that whoever is guilty of bringing about the crime of disunity of him let it be said that it were better that a millstone were hung about his neck and that he were cast into the sea and over in the corner of the room is a poor little fellow called john q public and there is,Matthew 18:6,"But whoso shall offend one of these little ones which believe in me, it were better for him that a millstone were hanged about his neck, and that he were drowned in the depth of the sea.",0.7900255889057173,TRUE,,0.9
350,-8205725517883628487,Excerpts from the Press Conference,Franklin D. Roosevelt,1942-02-17,winston churchill's speech that whoever is guilty of bringing about the crime of disunity of him let it be said that it were better that a millstone were hung about his neck and that he were cast into the sea and over in the corner of the room is a poor little fellow called john q public and there is another figure what might be,Mark 9:42,"And whosoever shall offend one of these little ones that believe in me, it is better for him that a millstone were hanged about his neck, and he were cast into the sea.",0.918948693475235,TRUE,,0.95
385,-822404986436911412,Remarks at a Memorial Service for Former President Shimon Peres of Israel in Jerusalem,Barack Obama,2016-09-30,his example and the fact that he believed in us even when we doubted ourselves scripture tells us that before his death moses said i call upon heaven and earth to bear witness this day that i have set before you life and death blessing and curse therefore choose life that you and your offspring may live uvacharta bachayim choose life for shimon let us choose life as he always did let us make his,Deuteronomy 30:19,"I call heaven and earth to record this day against you, that I have set before you life and death, blessing and cursing: therefore choose life, that both thou and thy seed may live:",0.6969224874893908,TRUE,,0.95
434,-8258512938381473065,Remarks at the National Prayer Breakfast,William J. Clinton,1996-02-01,in the fourth psalm you know david knew something about leadership and courage and human failing he said in his psalm to god thou hast enlarged me when i was in distress thou hast enlarged me when i was in distress so i pray that when we leave here today by the words of senator nunn the readings of the scripture the remarks of others,Psalms 4:1,"Hear me when I call, O God of my righteousness: thou hast enlarged me when I was in distress; have mercy upon me, and hear my prayer.",0.9804378153905744,TRUE,,1.0
435,-8258512938381473065,Remarks at the National Prayer Breakfast,William J. Clinton,1996-02-01,american in uniform he is now our mayor and we are a part of his family efforts to bring peace and freedom to all the people of bosnia galatians says let everyone bear his own burden and then just a couple of verses later says bear one another's burdens would god through saint paul have given us such contradictory advice,Galatians 6:5,For every man shall bear his own burden.,0.7615491038528418,TRUE,,0.9
436,-8258512938381473065,Remarks at the National Prayer Breakfast,William J. Clinton,1996-02-01,and freedom to all the people of bosnia galatians says let everyone bear his own burden and then just a couple of verses later says bear one another's burdens would god through saint paul have given us such contradictory advice no i don't think so i think being personally responsible and reaching out to others,Galatians 6:2,"Bear ye one another's burdens, and so fulfil the law of Christ.",0.8733534407099217,TRUE,,0.95
437,-8258512938381473065,Remarks at the National Prayer Breakfast,William J. Clinton,1996-02-01,wonderful passage from corinthians in his first reading i would ask you to remember all of you how that passage is worded in the king james bible now we see through a glass darkly now i know in part every one of us is subject to error in judgment as a part of the human condition and that is why the last chapter of that,1 Corinthians 13:12,"For now we see through a glass, darkly; but then face to face: now I know in part; but then shall I know even as also I am known.",0.7902548798971922,TRUE,,0.9
440,-8258512938381473065,Remarks at the National Prayer Breakfast,William J. Clinton,1996-02-01,a part of the human condition and that is why the last chapter of that magnificent verse says now abideth these three faith hope and charity and the greatest of these is charity we need a charitable outlook in our feelings and our dealings toward those with whom we disagree because we do not know as we are known by,1 Corinthians 13:13,"And now abideth faith, hope, charity, these three; but the greatest of these is charity.",0.901437250837766,TRUE,,0.95
441,-8258512938381473065,Remarks at the National Prayer Breakfast,William J. Clinton,1996-02-01,time i am convinced only-only-if we are charitable if we are family and if we act according to the spirit of god this is the day that the lord has made let us rejoice and be glad in it thank you note the president spoke at 9:42 a.m at the washington hilton hotel in his remarks he referred to evangelist billy graham representative pete geren,Psalms 118:24,This is the day which the LORD hath made; we will rejoice and be glad in it.,0.951725580262594,TRUE,,0.95
447,-8259039680948244775,"Remarks at Mount Airy Church of God in Christ in Philadelphia, Pennsylvania","Joseph R. Biden, Jr.",2024-07-07,as i said early on i've always felt the power of your faith in good times and in the tough times the fact is as scripture says all things work together for good applause to those who love god and are called according to his purpose our purpose is to serve others that's our purpose to know everyone is entitled to be treated with dignity and respect to know faith,Romans 8:28,"And we know that all things work together for good to them that love God, to them who are the called according to his purpose.",0.9896072299736932,TRUE,,0.95
483,-8276707241736574176,Address Before a Joint Session of the Congress,Donald J. Trump (1st Term),2017-02-28,a record laughter for as the bible teaches us there is no greater act of love than to lay down one's life for one's friends ryan laid down his life for his friends for his country and for our freedom and we will never forget ryan to those allies who wonder what kind of a friend america will be look,John 15:13,"Greater love hath no man than this, that a man lay down his life for his friends.",0.9102410199970132,TRUE,,0.95
496,-829297320386386646,"Charleston, South Carolina Remarks at the 31st Annual Meeting of the Southern Legislative Conference.",Jimmy Carter,1977-07-21,and belief that mr brezhnev expressed with all the difficulties all the conflicts i believe that our planet must finally obey the biblical injunction to follow after the things which make for peace thank you very much note the president spoke at 3:08 p.m in the gaillard municipal auditorium in his opening remarks he referred to state representative john t,Romans 14:19,"Let us therefore follow after the things which make for peace, and things wherewith one may edify another.",0.8944983022845838,TRUE,,0.9
501,-8299365958985873699,"Remarks at a Memorial Service for the Victims of the Upper Big Branch Mine Accident in Beckley, West Virginia",Barack Obama,2010-04-25,another there's a psalm that comes to mind today a psalm that comes to mind a psalm we often turn to in times of heartache even though i walk through the valley of the shadow of death i will fear no evil for you are with me your rod and your staff they comfort me god bless our miners god bless their families god bless west virginia and god bless the united states of america note the president spoke at,Psalms 23:4,"Yea, though I walk through the valley of the shadow of death, I will fear no evil: for thou art with me; thy rod and thy staff they comfort me.",0.9961277814136676,TRUE,,1.0
505,-8301939043934483248,Remarks to Members of the Board of Directors of the International Association of Lions Clubs.,Lyndon B. Johnson,1965-09-23,resolute from day to day and i thought of an expression that my mother--with the bible in her lap--used to say to me god forgive them for they know not what they do what was more important than anything else in the world was what arthur goldberg was then doing there is not a court anywhere any time that has,Luke 23:34,"Then said Jesus, Father, forgive them; for they know not what they do. And they parted his raiment, and cast lots.",0.823935688866498,TRUE,,0.95
547,-8331779558853502541,"Remarks at a Dinner Concluding the Reconvening of the First Continental Congress in Philadelphia, Pennsylvania.",Gerald R. Ford,1974-09-06,larger measure to our richly diverse heritage from around the world if i remember my bible correctly i think this quote is appropriate the beauty of joseph's coat is its many colors but may i offer my own idea on how best to commemorate the bicentennial let us all during,Genesis 37:3,"Now Israel loved Joseph more than all his children, because he was the son of his old age: and he made him a coat of many colours.",0.8684073305306287,TRUE,,0.9
567,-8342138651642197449,Remarks at the National Prayer Breakfast,Barack Obama,2015-02-05,of evil as we speak around the world we see faith inspiring people to lift up one another to feed the hungry and care for the poor and comfort the afflicted and make peace where there is strife we heard from-the good work that sister has done in philadelphia and the incredible work that dr,Psalms 82:3,Defend the poor and fatherless: do justice to the afflicted and needy.,0.6380773802114198,TRUE,,0.8
578,-8342138651642197449,Remarks at the National Prayer Breakfast,Barack Obama,2015-02-05,that in his name we will run and not be weary and walk and not be faint and we'll heed those words and put on love may the lord bless you and keep you and may he bless this precious country that we love thank you all very much note the president spoke at 9:13,Isaiah 40:31,"But they that wait upon the LORD shall renew their strength; they shall mount up with wings as eagles; they shall run, and not be weary; and they shall walk, and not faint.",0.6964606161209307,TRUE,,0.8
578,-8342138651642197449,Remarks at the National Prayer Breakfast,Barack Obama,2015-02-05,that in his name we will run and not be weary and walk and not be faint and we'll heed those words and put on love may the lord bless you and keep you and may he bless this precious country that we love thank you all very much note the president spoke at 9:13,Numbers 6:24,"The LORD bless thee, and keep thee:",0.6964606161209307,TRUE,,0.8
582,-8350926226246403346,The President's News Conference,Dwight D. Eisenhower,1958-04-02,a passage in the bible it is in the song of solomon second chapter read the verses 11 and 12 1 that is my announcement laughter 1 for lo the winter is past the rain is over and gone the flowers appear on the earth the time of the singing of birds is come and the voice of the turtle is heard in our land,Song of Solomon 2:11,"For, lo, the winter is past, the rain is over and gone;",0.8209163511325981,TRUE,,0.9
583,-8350926226246403346,The President's News Conference,Dwight D. Eisenhower,1958-04-02,the verses 11 and 12 1 that is my announcement laughter 1 for lo the winter is past the rain is over and gone the flowers appear on the earth the time of the singing of birds is come and the voice of the turtle is heard in our land q alvin a spivak international news service mr president will you tell us sir what you want to accomplish through reorganization of the defense department,Song of Solomon 2:12,"The flowers appear on the earth; the time of the singing of birds is come, and the voice of the turtle is heard in our land;",0.933052041999312,TRUE,,0.95
608,-8381345364000223137,Rear Platform and Other Informal Remarks in Pennsylvania and New Jersey,Harry S Truman,1948-10-07,"in to wreck the farmer just as they have tried to wreck the laborer and the record of the 80th congress is the handwriting on the wall--""mene mene tekel upharsin they better beware do you want an even stronger labor legislation than the taft-hartley law do you then you better not vote the republican ticket",Daniel 5:25,"And this is the writing that was written, MENE, MENE, TEKEL, UPHARSIN.",0.2074997116531649,TRUE,,0.9
616,-839239149271740031,Remarks Before Two Groups at the Fifth Regiment Armory in Baltimore,Lyndon B. Johnson,1964-10-24,uttered and i am profoundly thankful for that tribute to me and to those ideals that we both hold as americans the old testament tells us to be strong and of good courage fear not nor be dismayed and with god as my judge and as my guide each day i try with all that,Joshua 1:9,"Have not I commanded thee? Be strong and of a good courage; be not afraid, neither be thou dismayed: for the LORD thy God is with thee whithersoever thou goest.",0.9121714354977551,TRUE,,1.0
622,-839239149271740031,Remarks Before Two Groups at the Fifth Regiment Armory in Baltimore,Lyndon B. Johnson,1964-10-24,to announce to you that they should have no doubts or illusions about america's strength in the words of the bible when the strong man armed keepeth his palace his goods are in peace we have strength in our country tonight and you young men that must patrol our borders and wear those uniforms must maintain that strength we have,Luke 11:21,"When a strong man armed keepeth his palace, his goods are in peace:",0.9892549853658416,TRUE,,1.0
641,-8405642900220432654,Commencement Address at the University of Texas.,Lyndon B. Johnson,1964-05-30,path of unity the first of these is understanding the knowledge that brings hope the inscription over the main building at the university of texas reads ye shall know the truth and the truth shall make you free only by opening the truths of knowledge to all our people can we free them for a future of greatness yet today only 13 percent of our,John 8:32,"And ye shall know the truth, and the truth shall make you free.",0.9783585541994037,TRUE,,1.0
671,-8418264643338014642,Remarks at a United Jewish Appeal Reception,William J. Clinton,1995-10-25,even but we must remain steadfast remembering with isaiah that those who do the lord's work will have their strength renewed i believe they will mount up with wings as eagles they will run and not grow weary they will walk and not faint the united jewish appeal and all the committed donors who gather tonight give life to isaiah's admonition and in the united states and israel and throughout,Isaiah 40:31,"But they that wait upon the LORD shall renew their strength; they shall mount up with wings as eagles; they shall run, and not be weary; and they shall walk, and not faint.",0.9766894677296676,TRUE,,0.95
673,-8418264643338014642,Remarks at a United Jewish Appeal Reception,William J. Clinton,1995-10-25,humanity i leave here honored and doubly burdened by the instruction of the prophet isaiah cease to do evil learn to do well prepare ye the way of the lord with god's will that is exactly what we will do together thank you i could tell you an interesting little aside here when we were,Mark 1:3,"The voice of one crying in the wilderness, Prepare ye the way of the Lord, make his paths straight.",0.1086687531005371,TRUE,,0.9
676,-8418315911403646432,Address to the Republican National Conference.,Dwight D. Eisenhower,1957-06-07,if our opponents say we suffer from splinters let us remind them that a splinter in a party's political structure is one thing but a political house divided against itself is quite another the real question for the republican party is accepting the existence of some disagreement as normal and natural how do you then,Mark 3:25,"And if a house be divided against itself, that house cannot stand.",0.7006332603017964,TRUE,,0.9
749,-8474619921178223677,"Remarks at a Fundraising Brunch for Senatorial Candidate Susan Engeleiter in Milwaukee, Wisconsin",Ronald Reagan,1988-11-02,but doesn't that tell all the difference between our philosophies when they say family they mean big brother in washington when we say family we mean honor thy father and mother and look at crime the top of their ticket and their candidate for wisconsin's senate seat both say that no matter how horrible and,Ephesians 6:2,Honour thy father and mother; which is the first commandment with promise;,0.158569795240531,TRUE,,0.9
774,-8506045440574260276,Remarks at the Signing of the Arts and Humanities Bill,Lyndon B. Johnson,1965-09-29,for it is in our works of art that we reveal to ourselves and to others the inner vision which guides us as a nation and where there is no vision the people perish we in america have not always been kind to the artists and the scholars who are the creators and the keepers of our vision somehow the,Proverbs 29:18,"Where there is no vision, the people perish: but he that keepeth the law, happy is he.",0.9605129345261748,TRUE,,0.9
786,-8521074144381929995,"Remarks at the Memorial Service for Edith Luckett Davis in Phoenix, Arizona",Ronald Reagan,1987-10-31,continue now monsignor donohoe from edie's own little bible loaned me for this occasion by her precious daughter we read one of mrs davis favorite prayers the lord is my shepherd i shall not want he maketh me to lie down in green pastures he leadeth me beside the still waters he restoreth my soul he leadeth me in the,Psalms 23:1,The LORD is my shepherd; I shall not want.,0.921174343657872,TRUE,,1.0
787,-8521074144381929995,"Remarks at the Memorial Service for Edith Luckett Davis in Phoenix, Arizona",Ronald Reagan,1987-10-31,me for this occasion by her precious daughter we read one of mrs davis favorite prayers the lord is my shepherd i shall not want he maketh me to lie down in green pastures he leadeth me beside the still waters he restoreth my soul he leadeth me in the paths of righteousness for his namesake yea though i walk through the valley of the,Psalms 23:2,He maketh me to lie down in green pastures: he leadeth me beside the still waters.,0.6938696077567333,TRUE,,1.0
788,-8521074144381929995,"Remarks at the Memorial Service for Edith Luckett Davis in Phoenix, Arizona",Ronald Reagan,1987-10-31,one of mrs davis favorite prayers the lord is my shepherd i shall not want he maketh me to lie down in green pastures he leadeth me beside the still waters he restoreth my soul he leadeth me in the paths of righteousness for his namesake yea though i walk through the valley of the shadow of death i will fear no evil for thou art with me thy rod,Psalms 23:3,He restoreth my soul: he leadeth me in the paths of righteousness for his name's sake.,0.9042962231353568,TRUE,,1.0
791,-8521074144381929995,"Remarks at the Memorial Service for Edith Luckett Davis in Phoenix, Arizona",Ronald Reagan,1987-10-31,down in green pastures he leadeth me beside the still waters he restoreth my soul he leadeth me in the paths of righteousness for his namesake yea though i walk through the valley of the shadow of death i will fear no evil for thou art with me thy rod and thy staff they comfort me thou preparest a table before me in the presence of mine enemies thou anointest my head with oil my cup runneth over surely goodness,Psalms 23:4,"Yea, though I walk through the valley of the shadow of death, I will fear no evil: for thou art with me; thy rod and thy staff they comfort me.",0.9878192545146576,TRUE,,1.0
793,-8521074144381929995,"Remarks at the Memorial Service for Edith Luckett Davis in Phoenix, Arizona",Ronald Reagan,1987-10-31,through the valley of the shadow of death i will fear no evil for thou art with me thy rod and thy staff they comfort me thou preparest a table before me in the presence of mine enemies thou anointest my head with oil my cup runneth over surely goodness and mercy shall follow me all the days of my life and i will dwell in the house of the,Psalms 23:5,Thou preparest a table before me in the presence of mine enemies: thou anointest my head with oil; my cup runneth over.,0.8623110299646549,TRUE,,0.9
795,-8521074144381929995,"Remarks at the Memorial Service for Edith Luckett Davis in Phoenix, Arizona",Ronald Reagan,1987-10-31,me thou preparest a table before me in the presence of mine enemies thou anointest my head with oil my cup runneth over surely goodness and mercy shall follow me all the days of my life and i will dwell in the house of the lord forever these are the words of holy scripture father doran over many years of priesthood 22 of which were spent in this parish i,Psalms 23:6,Surely goodness and mercy shall follow me all the days of my life: and I will dwell in the house of the LORD for ever.,0.948026351574347,TRUE,,0.95
800,-8521074144381929995,"Remarks at the Memorial Service for Edith Luckett Davis in Phoenix, Arizona",Ronald Reagan,1987-10-31,monsignor donohoe in this day of thanksgiving for heritage-heritage for her family and through the providence of god heritage for our nation-we go back to the book of ecclesiastes and read this passage for ourselves as we go on our pilgrimage to join edie in heaven to everything there is a season and a time to every purpose under the heavens a time to be born and a time to die a time to plant and a time to pluck up that which is planted a time to kill and a time to heal a time to break down and a time to build up a time to weep and a time to laugh a time to mourn and a time to dance a time to cast away stones and a time to gather stones together a time to embrace and a time to refrain from embracing a time to get and a time to lose a time to keep and a time to cast away a time to reap and a time to sow a time to keep silence and a time to speak a time to love and a time to hate a time of war and a time of peace what profit hath he that worketh in that wherein he laboreth thus ends the words of this,Ecclesiastes 3:3,"A time to kill, and a time to heal; a time to break down, and a time to build up;",0.7031865917173841,TRUE,,0.9
801,-8521074144381929995,"Remarks at the Memorial Service for Edith Luckett Davis in Phoenix, Arizona",Ronald Reagan,1987-10-31,the book of ecclesiastes and read this passage for ourselves as we go on our pilgrimage to join edie in heaven to everything there is a season and a time to every purpose under the heavens a time to be born and a time to die a time to plant and a time to pluck up that which is planted a time to kill and a time to heal a time to break down and a time to build up a time to weep and a time to laugh a time to mourn and a time to dance a time to cast away stones and a time to gather stones together a time to embrace and a time to refrain from embracing a time to get and a time to lose a time to keep and a time to cast away a time to reap and a time to sow a time to keep silence and a time to speak a time to love and a time to hate a time of war and a time of peace what profit hath he that worketh in that wherein he laboreth thus,Ecclesiastes 3:1,"To every thing there is a season, and a time to every purpose under the heaven:",0.9900099939831364,TRUE,,1.0
802,-8521074144381929995,"Remarks at the Memorial Service for Edith Luckett Davis in Phoenix, Arizona",Ronald Reagan,1987-10-31,the book of ecclesiastes and read this passage for ourselves as we go on our pilgrimage to join edie in heaven to everything there is a season and a time to every purpose under the heavens a time to be born and a time to die a time to plant and a time to pluck up that which is planted a time to kill and a time to heal a time to break down and a time to build up a time to weep and a time to laugh a time to mourn and a time to dance a time to cast away stones and a time to gather stones together a time to embrace and a time to refrain from embracing a time to get and a time to lose a time to keep and a time to cast away a time to reap and a time to sow a time to keep silence and a time to speak a time to love and a time to hate a time of war and a time of peace what profit hath he that worketh in that wherein he laboreth thus ends the words of this,Ecclesiastes 3:2,"A time to be born, and a time to die; a time to plant, and a time to pluck up that which is planted;",0.902037454264379,TRUE,,1.0
802,-8521074144381929995,"Remarks at the Memorial Service for Edith Luckett Davis in Phoenix, Arizona",Ronald Reagan,1987-10-31,the book of ecclesiastes and read this passage for ourselves as we go on our pilgrimage to join edie in heaven to everything there is a season and a time to every purpose under the heavens a time to be born and a time to die a time to plant and a time to pluck up that which is planted a time to kill and a time to heal a time to break down and a time to build up a time to weep and a time to laugh a time to mourn and a time to dance a time to cast away stones and a time to gather stones together a time to embrace and a time to refrain from embracing a time to get and a time to lose a time to keep and a time to cast away a time to reap and a time to sow a time to keep silence and a time to speak a time to love and a time to hate a time of war and a time of peace what profit hath he that worketh in that wherein he laboreth thus ends the words of this,Ecclesiastes 3:3,"A time to kill and a time to heal, A time to tear down and a time to build",0.902037454264379,TRUE,,1.0
803,-8521074144381929995,"Remarks at the Memorial Service for Edith Luckett Davis in Phoenix, Arizona",Ronald Reagan,1987-10-31,the book of ecclesiastes and read this passage for ourselves as we go on our pilgrimage to join edie in heaven to everything there is a season and a time to every purpose under the heavens a time to be born and a time to die a time to plant and a time to pluck up that which is planted a time to kill and a time to heal a time to break down and a time to build up a time to weep and a time to laugh a time to mourn and a time to dance a time to cast away stones and a time to gather stones together a time to embrace and a time to refrain from embracing a time to get and a time to lose a time to keep and a time to cast away a time to reap and a time to sow a time to keep silence and a time to speak a time to love and a time to hate a time of war and a time of peace what profit hath he that worketh in that wherein he laboreth thus ends the words of this,Ecclesiastes 3:4,"A time to weep, and a time to laugh; a time to mourn, and a time to dance;",0.9654778631635804,TRUE,,0.95
803,-8521074144381929995,"Remarks at the Memorial Service for Edith Luckett Davis in Phoenix, Arizona",Ronald Reagan,1987-10-31,the book of ecclesiastes and read this passage for ourselves as we go on our pilgrimage to join edie in heaven to everything there is a season and a time to every purpose under the heavens a time to be born and a time to die a time to plant and a time to pluck up that which is planted a time to kill and a time to heal a time to break down and a time to build up a time to weep and a time to laugh a time to mourn and a time to dance a time to cast away stones and a time to gather stones together a time to embrace and a time to refrain from embracing a time to get and a time to lose a time to keep and a time to cast away a time to reap and a time to sow a time to keep silence and a time to speak a time to love and a time to hate a time of war and a time of peace what profit hath he that worketh in that wherein he laboreth thus ends the words of this,Ecclesiastes 3:5,"A time to cast away stones, and a time to gather stones together; a time to embrace, and a time to refrain from embracing;",0.9654778631635804,TRUE,,0.95
803,-8521074144381929995,"Remarks at the Memorial Service for Edith Luckett Davis in Phoenix, Arizona",Ronald Reagan,1987-10-31,the book of ecclesiastes and read this passage for ourselves as we go on our pilgrimage to join edie in heaven to everything there is a season and a time to every purpose under the heavens a time to be born and a time to die a time to plant and a time to pluck up that which is planted a time to kill and a time to heal a time to break down and a time to build up a time to weep and a time to laugh a time to mourn and a time to dance a time to cast away stones and a time to gather stones together a time to embrace and a time to refrain from embracing a time to get and a time to lose a time to keep and a time to cast away a time to reap and a time to sow a time to keep silence and a time to speak a time to love and a time to hate a time of war and a time of peace what profit hath he that worketh in that wherein he laboreth thus ends the words of this,Ecclesiastes 3:6,"A time to get, and a time to lose; a time to keep, and a time to cast away;",0.9654778631635804,TRUE,,0.95
803,-8521074144381929995,"Remarks at the Memorial Service for Edith Luckett Davis in Phoenix, Arizona",Ronald Reagan,1987-10-31,the book of ecclesiastes and read this passage for ourselves as we go on our pilgrimage to join edie in heaven to everything there is a season and a time to every purpose under the heavens a time to be born and a time to die a time to plant and a time to pluck up that which is planted a time to kill and a time to heal a time to break down and a time to build up a time to weep and a time to laugh a time to mourn and a time to dance a time to cast away stones and a time to gather stones together a time to embrace and a time to refrain from embracing a time to get and a time to lose a time to keep and a time to cast away a time to reap and a time to sow a time to keep silence and a time to speak a time to love and a time to hate a time of war and a time of peace what profit hath he that worketh in that wherein he laboreth thus ends the words of this,Ecclesiastes 3:7,"A time to rend, and a time to sew; a time to keep silence, and a time to speak;",0.9654778631635804,TRUE,,0.95
804,-8521074144381929995,"Remarks at the Memorial Service for Edith Luckett Davis in Phoenix, Arizona",Ronald Reagan,1987-10-31,the book of ecclesiastes and read this passage for ourselves as we go on our pilgrimage to join edie in heaven to everything there is a season and a time to every purpose under the heavens a time to be born and a time to die a time to plant and a time to pluck up that which is planted a time to kill and a time to heal a time to break down and a time to build up a time to weep and a time to laugh a time to mourn and a time to dance a time to cast away stones and a time to gather stones together a time to embrace and a time to refrain from embracing a time to get and a time to lose a time to keep and a time to cast away a time to reap and a time to sow a time to keep silence and a time to speak a time to love and a time to hate a time of war and a time of peace what profit hath he that worketh in that wherein he laboreth thus ends the words of this passage the president how do,Ecclesiastes 3:8,"A time to love, and a time to hate; a time of war, and a time of peace.",0.8388116336970403,TRUE,,0.9
804,-8521074144381929995,"Remarks at the Memorial Service for Edith Luckett Davis in Phoenix, Arizona",Ronald Reagan,1987-10-31,the book of ecclesiastes and read this passage for ourselves as we go on our pilgrimage to join edie in heaven to everything there is a season and a time to every purpose under the heavens a time to be born and a time to die a time to plant and a time to pluck up that which is planted a time to kill and a time to heal a time to break down and a time to build up a time to weep and a time to laugh a time to mourn and a time to dance a time to cast away stones and a time to gather stones together a time to embrace and a time to refrain from embracing a time to get and a time to lose a time to keep and a time to cast away a time to reap and a time to sow a time to keep silence and a time to speak a time to love and a time to hate a time of war and a time of peace what profit hath he that worketh in that wherein he laboreth thus ends the words of this passage the president how do,Ecclesiastes 3:9,"What do workers gain from their toil?",0.8388116336970403,TRUE,,0.9
806,-8521074144381929995,"Remarks at the Memorial Service for Edith Luckett Davis in Phoenix, Arizona",Ronald Reagan,1987-10-31,and a time to speak a time to love and a time to hate a time of war and a time of peace what profit hath he that worketh in that wherein he laboreth thus ends the words of this passage the president how do we say goodbye to someone we've loved for so long someone of innate tenderness who,Ecclesiastes 3:9,What profit hath he that worketh in that wherein he laboureth?,0.9722920966471932,TRUE,,0.9
908,-8623194384689061754,Visit of President Sadat of Egypt Remarks on the Departure of the Egyptian President.,Jimmy Carter,1978-02-08,no nobler calling on this earth than the seeking for peace for it is that reason which caused the bible to say that peacemakers shall be called the sons of god i'm honored to be with the world's foremost peacemaker president sadat and to share with him a partnership in this worthy endeavor president sadat,Matthew 5:9,Blessed are the peacemakers: for they shall be called the children of God.,0.6841454942466467,TRUE,,0.9
943,-86454711091513718,"Remarks at a Democratic National Committee Luncheon in San Francisco, California",William J. Clinton,1997-09-20,world we're trying to build and leave our children and that's what i'd like to ask you to think about you know the scripture says where there is no vision the people perish whether you believe that or not it is perfectly clear that no change occurs that is positive unless someone has imagined it and at a time when,Proverbs 29:18,"Where there is no vision, the people perish: but he that keepeth the law, happy is he.",0.909654340326702,TRUE,,0.95
952,-8646745838610615833,Remarks in Montreal Upon Presenting the United States Gift to the People of Canada.,Lyndon B. Johnson,1967-05-25,"often repeated in this great ring""--contains some other thoughts which i think would be quite appropriate to recall today it describes the just ruler and it says he shall judge thy people with righteousness and thy poor with judgment he shall judge the poor of the people he shall save the children of the needy and he shall break in pieces the oppressor in his",Psalms 72:2,"He shall judge thy people with righteousness, and thy poor with judgment.",0.9393064647877714,TRUE,,1.0
953,-8646745838610615833,Remarks in Montreal Upon Presenting the United States Gift to the People of Canada.,Lyndon B. Johnson,1967-05-25,"often repeated in this great ring""--contains some other thoughts which i think would be quite appropriate to recall today it describes the just ruler and it says he shall judge thy people with righteousness and thy poor with judgment he shall judge the poor of the people he shall save the children of the needy and he shall break in pieces the oppressor in his days shall the righteous flourish and abundance of peace so long as the moon endureth he shall have dominion also from sea to sea and",Psalms 72:4,"He shall judge the poor of the people, he shall save the children of the needy, and shall break in pieces the oppressor.",0.9838466572842172,TRUE,,1.0
960,-8646745838610615833,Remarks in Montreal Upon Presenting the United States Gift to the People of Canada.,Lyndon B. Johnson,1967-05-25,shall judge the poor of the people he shall save the children of the needy and he shall break in pieces the oppressor in his days shall the righteous flourish and abundance of peace so long as the moon endureth he shall have dominion also from sea to sea and from the river unto the ends of the earth and so mr commissioner general if,Psalms 72:7,In his days shall the righteous flourish; and abundance of peace so long as the moon endureth.,0.8586659870502542,TRUE,,0.9
962,-8646745838610615833,Remarks in Montreal Upon Presenting the United States Gift to the People of Canada.,Lyndon B. Johnson,1967-05-25,and he shall break in pieces the oppressor in his days shall the righteous flourish and abundance of peace so long as the moon endureth he shall have dominion also from sea to sea and from the river unto the ends of the earth and so mr commissioner general if the president of the united states may be permitted to comment on the internal affairs of a sister nation canada's,Psalms 72:8,"He shall have dominion also from sea to sea, and from the river unto the ends of the earth.",0.9780706499280972,TRUE,,0.95
977,-8660618922832961207,Remarks on the National Day of Prayer,George W. Bush,2007-05-03,human wisdom we seek the strength and wisdom that comes from above we ask for the grace to align our hearts with his echoing the words of scripture not my will but thine be done we ask the almighty to remain near to us and guide us in all we,Luke 22:42,"Saying, Father, if thou be willing, remove this cup from me: nevertheless not my will, but thine, be done.",0.5985064086201347,TRUE,,0.9
979,-8660618922832961207,Remarks on the National Day of Prayer,George W. Bush,2007-05-03,us finally we pray to offer petitions because our father in heaven knows our cares and our needs we trust in the promise of a loving god ask and it shall be given to you seek and ye shall find inspired by this confidence we pray that the almighty will pour out his blessings on those we love we ask his healing for those who,Luke 11:9,"And I say unto you, Ask, and it shall be given you; seek, and ye shall find; knock, and it shall be opened unto you.",0.2035841644601747,TRUE,,0.9
980,-8660618922832961207,Remarks on the National Day of Prayer,George W. Bush,2007-05-03,us finally we pray to offer petitions because our father in heaven knows our cares and our needs we trust in the promise of a loving god ask and it shall be given to you seek and ye shall find inspired by this confidence we pray that the almighty will pour out his blessings on those we love we ask his healing for those who,Matthew 7:7,"Ask, and it shall be given you; seek, and ye shall find; knock, and it shall be opened unto you:",0.3967688320366546,TRUE,,0.9
1048,-8717683623842766080,Remarks on the Middle East Peace Summit and an Exchange With Reporters,William J. Clinton,2000-07-25,of sites that are holy to religious people all over the world who are part of the islamic christian and judaic traditions the children of abraham the descendants of isaac and ishmael can only be reconciled through courageous compromise in the spirit of those who have already given their lives for peace and all israelis,1 Chronicles 1:28,"The sons of Abraham; Isaac, and Ishmael.",0.6142766313211364,TRUE,,0.8
1068,-874021942549920343,"Remarks at a South Carolina Democratic Party Dinner in Columbia, South Carolina","Joseph R. Biden, Jr.",2024-01-27,lies lies told for power lies told for profit we must call out these lies with a voice that is clear and unyielding the bible teaches we shall know the truth and the truth shall set us free my friends we must speak the truth that america we still-in america we still believe in honesty decency dignity respect we believe,John 8:32,"And ye shall know the truth, and the truth shall make you free.",0.3019897023163573,TRUE,,0.9
1156,-8825823161411603873,"Remarks at a Wreath-Laying Ceremony at the Pentagon Memorial in Arlington, Virginia",Barack Obama,2012-09-11,this country down we choose to build it up with a national day of service and remembrance scripture tells us do not be overcome by evil but overcome evil with good there's no better way to honor the best in those who died than by discovering the best in ourselves this anniversary allows us to,Romans 12:21,"Be not overcome of evil, but overcome evil with good.",0.9802749916842808,TRUE,,1.0
1188,-8852803438566215324,"Remarks at ""Christmas in Washington""",William J. Clinton,1995-12-10,only shelter was the straw of a manger but who grew up to become the prince of peace let us remember that he said blessed are the peacemakers and let us ask the blessings of peace this christmas for everyone from the middle east to northern ireland to bosnia and not only for the children,Matthew 5:9,Blessed are the peacemakers: for they shall be called the children of God.,0.8414922670444643,TRUE,,0.9
1190,-8852803438566215324,"Remarks at ""Christmas in Washington""",William J. Clinton,1995-12-10,prayer for this christmas hillary and chelsea and i offer this wish of our season to all of you and to all americans everywhere peace on earth good will toward men merry christmas and god bless you all thank you note the president's remarks were recorded at 6:20 p.m at the national building museum for,Luke 2:14,"Glory to God in the highest, and on earth peace, good will toward men.",0.9441673360959886,TRUE,,0.9
1260,-8900755623183630190,"Remarks at a Memorial Service for Crewmembers of the U.S.S. Stark in Jacksonville, Florida",Ronald Reagan,1987-05-22,in the infinite in giving themselves for others they made themselves special not just to us but to their god greater love than this has no man than to lay down his life for his friends and because god is love we know he was there with them when they died and that he is with them still we know,John 15:13,"Greater love hath no man than this, that a man lay down his life for his friends.",0.9432100353795838,TRUE,,1.0
1264,-8900755623183630190,"Remarks at a Memorial Service for Crewmembers of the U.S.S. Stark in Jacksonville, Florida",Ronald Reagan,1987-05-22,say goodbye and as we submit to the will of him who made us we pray together the words of scripture lord now let thy servants go in peace thy word has been fulfilled may i point out again so many of you have known long months of separation from your loved ones from those,Luke 2:29,"Lord, now lettest thou thy servant depart in peace, according to thy word:",0.8269397334435834,TRUE,,0.9
1270,-8905365060106168824,Remarks at the National Prayer Breakfast,Barack Obama,2016-02-04,piece of scripture that's been meaningful to me or otherwise sustained me throughout the year and lately i've been thinking and praying on a verse from second timothy for god has not given us a spirit of fear but of power and of love and of a sound mind for god has not given us a spirit of fear but of power and of love and of a sound mind we live in extraordinary times times of extraordinary change we're surrounded by tectonic shifts in technology and in our economy by destructive conflict disruptions to,2 Timothy 1:7,"For God hath not given us the spirit of fear; but of power, and of love, and of a sound mind.",0.9438710988342132,TRUE,,0.95
1272,-8905365060106168824,Remarks at the National Prayer Breakfast,Barack Obama,2016-02-04,need not fear death that the acceptance of christ promises everlasting life and the washing away of sins if scripture instructs me to put on the full armor of god so that when trouble comes i'm able to stand then surely i can face down these temporal setbacks surely i can battle back doubts surely i can rouse myself to action and should that faith,Ephesians 6:11,"Put on the whole armour of God, that ye may be able to stand against the wiles of the devil.",0.3216217894778574,TRUE,,0.85
1275,-8905365060106168824,Remarks at the National Prayer Breakfast,Barack Obama,2016-02-04,brother's keeper i am my sister's keeper as christians we do this compelled by the gospel of jesus the command to love god and love one another and so yes like every person there are times where i'm fearful but my faith and more importantly the faith that i've seen,John 15:17,"These things I command you, that ye love one another.",0.7988385433730091,TRUE,,0.9
1287,-8908413345357062259,"Remarks to the Knesset in Jerusalem, Israel",William J. Clinton,1994-10-27,are now far closer to the day when the clash of arms is heard no more and all the children of abraham the children of isaac the children of israel will live side by side in peace this was after all the message the prophet mohammed himself brought to peoples of other faiths when he,1 Chronicles 1:28,"The sons of Abraham; Isaac, and Ishmael.",0.759321306840835,TRUE,,0.9
1296,-8908413345357062259,"Remarks to the Knesset in Jerusalem, Israel",William J. Clinton,1994-10-27,of israel when for the last time he spoke to them as they gathered across the river jordan into the promised land when he said i have set before you life and death blessings and curses choose life so that you and your descendants may live this week once again the people of israel made a homecoming once again you,Deuteronomy 30:19,"I call heaven and earth to record this day against you, that I have set before you life and death, blessing and cursing: therefore choose life, that both thou and thy seed may live:",0.8409285703532349,TRUE,,0.95
1346,-895064794604428465,"Address at Graduation Exercises of the Naval Officer Candidate School, Newport, Rhode Island",Richard Nixon,1971-03-12,would be difficult to suppose that god created man for this end and difficult to doubt the wisdom of the prophet that the work of righteousness shall be peace so we have dreamed no small dream we have set ourselves no easy task we seek to do the work of righteousness in that work the years you give will not be lost they will be redeemed along with the hopes of humanity i join all,Isaiah 32:17,And the work of righteousness shall be peace; and the effect of righteousness quietness and assurance for ever.,0.7458837086581941,TRUE,,0.9
1373,-8969878474976121560,"Remarks at Saint Paul's A.M.E. Church in Tampa, Florida",William J. Clinton,1996-11-03,"to go over that bridge with us into tomorrow now president lincoln once paraphrased jesus sermon in st matthew when he said the house divided against itself cannot stand i didn't have time to go back and read it today but i believe that the whole verse says a city and a house divided against itself cannot stand""-not tampa not st petersburg not washington dc not the united states of america four years ago when i asked for this job",Luke 11:17,"But he, knowing their thoughts, said unto them, Every kingdom divided against itself is brought to desolation; and a house divided against a house falleth.",0.7887209035089069,TRUE,,0.9
1374,-8969878474976121560,"Remarks at Saint Paul's A.M.E. Church in Tampa, Florida",William J. Clinton,1996-11-03,"to go over that bridge with us into tomorrow now president lincoln once paraphrased jesus sermon in st matthew when he said the house divided against itself cannot stand i didn't have time to go back and read it today but i believe that the whole verse says a city and a house divided against itself cannot stand""-not tampa not st petersburg not washington dc not the united states of america four years ago when i asked for this job",Mark 3:25,"And if a house be divided against itself, that house cannot stand.",0.9838386879138206,TRUE,,1.0
1379,-8969878474976121560,"Remarks at Saint Paul's A.M.E. Church in Tampa, Florida",William J. Clinton,1996-11-03,next to that booth until i heard my daughter vote we don't miss votes at our house he said this is a day that the lord hath made let us rejoice and be glad in it and let us remember that here on earth god's work must truly be our own we have work to do but if we do,Psalms 118:24,This is the day which the LORD hath made; we will rejoice and be glad in it.,0.990146726163092,TRUE,,0.99
1383,-8971850860262731593,Interview With the President Remarks and a Question-and-Answer Session With a Group of Editors and News Directors.,Jimmy Carter,1978-07-28,whether to answer that as a politician or a christian as a christian you know i recognize that i am sinful that i fall short of the expectations of god and my fellow human beings and as a politician i know that there are many times when either i or,Romans 3:23,"For all have sinned, and come short of the glory of God;",0.1250534741545768,TRUE,,0.8
1388,-8974857532199900982,The President's News Conference With President Oscar Berger Perdomo of Guatemala in Guatemala City,George W. Bush,2007-03-12,especially proud to have seen your military working side by side with our troops to do the same thing there's a great mission of compassion and it's making a difference to people's lives imagine not being able to see and all of a sudden somebody appears in your life gives you an eye test and,Jude 1:22,"And of some have compassion, making a difference:",0.80879247845383,TRUE,,0.9
1393,-8979524084048072890,Remarks on Lighting the National Christmas Tree,William J. Clinton,1998-12-09,the world with only a stable's roof to shelter him but grew to teach a lesson of love that has lasted two millennia blessed are the peacemakers he said and his words still call us to action the lights we illuminate tonight are more than the flickering bulbs on a,Matthew 5:9,Blessed are the peacemakers: for they shall be called the children of God.,0.1300209326932747,TRUE,,0.9
1409,-8995894370625253741,Remarks on Receiving the Report of the President's Advisory Board on Race,William J. Clinton,1998-09-18,rooted in a simple proposition that god created us all equal now because they created a freedom of religion they couldn't write in the constitution therefore the first and most important commandment is this to love your neighbor as yourself but what they did write in that constitution is you are commanded to respect and,Matthew 22:39,"And the second is like unto it, Thou shalt love thy neighbour as thyself.",0.4609970529565719,TRUE,,0.9
1438,-9010451361583770423,Remarks at the Annual National Prayer Breakfast,Ronald Reagan,1983-02-03,neighbors and friends and remind ourselves of what our real task is this task was spelled out in the old and the new testament jesus was asked master which is the great commandment in the law and he replied thou shalt love the lord thy god with all thy heart and with all thy soul and with all thy mind,Matthew 22:36,"Master, which is the great commandment in the law?",0.93758380810655,TRUE,,0.95
1449,-9010451361583770423,Remarks at the Annual National Prayer Breakfast,Ronald Reagan,1983-02-03,spelled out in the old and the new testament jesus was asked master which is the great commandment in the law and he replied thou shalt love the lord thy god with all thy heart and with all thy soul and with all thy mind this is the first and great commandment the second is like unto it thou shalt love thy neighbour as thyself on these two commandments hang,Matthew 22:37,"Jesus said unto him, Thou shalt love the Lord thy God with all thy heart, and with all thy soul, and with all thy mind.",0.9410569580087008,TRUE,,0.95
1450,-9010451361583770423,Remarks at the Annual National Prayer Breakfast,Ronald Reagan,1983-02-03,spelled out in the old and the new testament jesus was asked master which is the great commandment in the law and he replied thou shalt love the lord thy god with all thy heart and with all thy soul and with all thy mind this is the first and great commandment the second is like unto it thou shalt love thy neighbour as thyself on these two commandments hang all the law and the prophets can we resolve to reach learn and try to heed the greatest message ever,Matthew 22:39,"And the second is like unto it, Thou shalt love thy neighbour as thyself.",0.989586384048406,TRUE,,1.0
1457,-9010451361583770423,Remarks at the Annual National Prayer Breakfast,Ronald Reagan,1983-02-03,law and he replied thou shalt love the lord thy god with all thy heart and with all thy soul and with all thy mind this is the first and great commandment the second is like unto it thou shalt love thy neighbour as thyself on these two commandments hang all the law and the,Matthew 22:38,This is the first and great commandment.,0.9933217262916278,TRUE,,1.0
1460,-9010451361583770423,Remarks at the Annual National Prayer Breakfast,Ronald Reagan,1983-02-03,and with all thy mind this is the first and great commandment the second is like unto it thou shalt love thy neighbour as thyself on these two commandments hang all the law and the prophets can we resolve to reach learn and try to heed the greatest message ever written-god's word and the holy bible inside its pages lie,Matthew 22:40,On these two commandments hang all the law and the prophets.,0.9168503978907044,TRUE,,0.95
1462,-9010451361583770423,Remarks at the Annual National Prayer Breakfast,Ronald Reagan,1983-02-03,she was my mother and she wrote about that verse a most wonderful verse for the healing of the nations now the verse that she'd marked reads if my people which are called by my name shall humble themselves and pray and seek my face and turn from their wicked ways then will i hear from heaven and will heal their land i know that at times all of us-i do-feel that perhaps in our prayers we ask for too much and then there are,2 Chronicles 7:14,"If my people, which are called by my name, shall humble themselves, and pray, and seek my face, and turn from their wicked ways; then will I hear from heaven, and will forgive their sin, and will heal their land.",0.2967622816700653,TRUE,,0.95
1525,-9048863657080910603,Address Accepting the Presidential Nomination at the Democratic National Convention in New York,William J. Clinton,1992-07-16,and degrades the american tradition of seeing and seeking a better future he mocks it as the vision thing but just remember what the scripture says where there is no vision the people perish i hope nobody in this great hall tonight or in our beloved country has to go through tomorrow without a vision i hope no one ever tries to raise a child without a vision i hope nobody ever starts a business or plants a crop in the ground without a vision for where there is no vision the people perish one of the reasons we have so many children in so much trouble in so many places in this nation is because they have seen so little opportunity so little responsibility so little loving caring community that they literally cannot imagine the life we are calling them to lead and so i say again where there is no vision america will perish what is the vision of our new covenant an america with millions of new jobs and dozens of new industries moving confidently toward the,Proverbs 29:18,"Where there is no vision, the people perish: but he that keepeth the law, happy is he.",0.7869899819650854,TRUE,,0.9
1553,-9090896199963090174,"Remarks at a Campaign Fundraising Luncheon for Representative Connie Mack in Miami, Florida",Ronald Reagan,1988-06-29,need to do is to go to the polls and vote republican see i know what i'm talking about because for most of my life i was a democrat laughter but then you know as the scripture says when i was a child i spake as a child i thought as a child laughter and then i put aside childish things laughter well connie mack knows that to fight the deficit you must control spending he supports the balanced budget,1 Corinthians 13:11,"When I was a child, I spake as a child, I understood as a child, I thought as a child: but when I became a man, I put away childish things.",0.3666393558402513,TRUE,,0.9
1561,-910661368654859140,"Remarks at a Memorial Service for Jack McAuliffe in Syracuse, New York",William J. Clinton,2001-01-04,"search around in their minds for some part of the scripture that captures that person we talked about it a lot already today proverbs says a happy heart doeth good like medicine but a broken spirit drieth the bone""-that god loves a cheerful giver that's what jack mcauliffe was he knew it was more blessed to give than to receive but nothing is more distasteful",Proverbs 17:22,A merry heart doeth good like a medicine: but a broken spirit drieth the bones.,0.99212880051838,TRUE,,1.0
1612,-913822818212400826,"Presidential Debate in Tempe, Arizona",George W. Bush,2004-10-13,there's a great passage of the bible that says what does it mean my brother to say you have faith if there are no deeds faith without works is dead and i think that everything you do in public life has to be guided by your faith affected by your faith but without transferring it,James 2:20,"But wilt thou know, O vain man, that faith without works is dead?",0.9672545338633368,TRUE,,0.95
1615,-913822818212400826,"Presidential Debate in Tempe, Arizona",George W. Bush,2004-10-13,people all find their ways to express it i was taught-i went to a church school and i was taught that the two greatest commandments are love the lord your god with all your mind your body and your soul and love your neighbor as yourself and frankly i think we have a lot more loving of our neighbor to,Deuteronomy 6:5,"And thou shalt love the LORD thy God with all thine heart, and with all thy soul, and with all thy might.",0.5023135368374635,TRUE,,0.9
1615,-913822818212400826,"Presidential Debate in Tempe, Arizona",George W. Bush,2004-10-13,people all find their ways to express it i was taught-i went to a church school and i was taught that the two greatest commandments are love the lord your god with all your mind your body and your soul and love your neighbor as yourself and frankly i think we have a lot more loving of our neighbor to,Matthew 22:39,"And the second is like unto it, Thou shalt love thy neighbour as thyself.",0.5023135368374635,TRUE,,0.9
1644,-9153954811104118115,Remarks to the Winners of the Science Talent Search.,Lyndon B. Johnson,1965-03-01,recollections of war--not remember two of them as i do--but that the only memories you will have will be of peace on earth good will toward men and that must be our purpose that must be our objective and that must be the pledge of my generation and yours i,Luke 2:14,"Glory to God in the highest, and on earth peace, good will toward men.",0.9081491075150606,TRUE,,0.9
1645,-9158562300108608458,Remarks at a Nebraska Republican Party Rally in Omaha,Ronald Reagan,1982-10-21,are leaders determined to lighten the burden of that terrible trillion-dollar debt on nebraska's children and grandchildren you know there's a passage in the psalms which says weeping may endure for a night but joy cometh in the morning well america has endured a long terrible night of economic hardship but now we are seeing the first welcome bursts of sunshine the dawning of a,Psalms 30:5,"For his anger endureth but a moment; in his favour is life: weeping may endure for a night, but joy cometh in the morning.",0.9706532649195556,TRUE,,0.95
1666,-9180707367306942825,Remarks to Members of the Anti-Defamation League of B'nai B'rith,George Bush,1989-03-14,the stock of abraham sit in safety under his own vine and fig tree and there should be none to make him afraid i know that the adl recently issued its annual report detailing rising incidents of anti-semitism in 1988,Micah 4:4,But they shall sit every man under his vine and under his fig tree; and none shall make them afraid: for the mouth of the LORD of hosts hath spoken it.,0.8194238181851567,TRUE,,0.95
1670,-9185545915920176282,"Interview With Eddie ""Piolin"" Sotelo on Univision Radio Network's ""Piolin pr la Manana""",Barack Obama,2010-10-25,with beautiful kids and a dove at the top and it quotes a passage of scripture from joshua it says have i not commanded you be strong and courageous do not be terrified do not be discouraged for the lord,Joshua 1:9,"Have not I commanded thee? Be strong and of a good courage; be not afraid, neither be thou dismayed: for the LORD thy God is with thee whithersoever thou goest.",0.115716433863835,TRUE,,0.9
39,-928479193899826475,"Address in Winston-Salem at Groundbreaking Ceremonies, Wake Forest College",Harry S Truman,1951-10-15,loyal to the principle that the purpose of education is to seek the truth this is an article of faith that underlies our whole educational system know the truth and the truth shall make you free students and teachers in american schools seeking the truth without hindrance of censorship have been largely responsible for the amazing progress of our country,John 8:32,"And ye shall know the truth, and the truth shall make you free.",0.9890637492569188,TRUE,,0.95
43,-928479193899826475,"Address in Winston-Salem at Groundbreaking Ceremonies, Wake Forest College",Harry S Truman,1951-10-15,it and not the negative virtue of meaning no harm god forbid that i should claim for our country the mantle of perfect righteousness we have committed sins of omission and sins of commission for which we stand in need of the mercy of the good lord but i dare maintain before the world that we have done much that was right to the sowers of suspicion and the peddlers of fear to all these who seem bent on persuading us that our country is,Psalms 106:6,"We have sinned with our fathers, we have committed iniquity, we have done wickedly.",0.7949897680518788,TRUE,,0.9
46,-928479193899826475,"Address in Winston-Salem at Groundbreaking Ceremonies, Wake Forest College",Harry S Truman,1951-10-15,my last word to this college therefore is an injunction to remember the words the lord said to moses on the shores of the red sea why criest thou unto me speak to the children of israel that they go forward for when the accounts of history are rendered it is the going forward that will constitute the record--not the hesitation and the mistakes--not how,Exodus 14:15,"And the LORD said unto Moses, Wherefore criest thou unto me? speak unto the children of Israel, that they go forward:",0.986401131974591,TRUE,,0.95
75,-963859751311124645,Remarks at the Funeral Ceremony for Former Senator John W. Warner III,"Joseph R. Biden, Jr.",2021-06-23,i know it hurts to remember sometimes it just hurts to remember but it's also the way to heal to remember the bible teaches blessed are they that mourn for they shall be comforted while comfort can be a long time in coming i promise you it will come it will give you purpose in his memory in his love,Matthew 5:4,Blessed are they that mourn: for they shall be comforted.,0.8428376676124498,TRUE,,0.9
169,1039690531387906635,Remarks Prior to a Meeting With President Volodymyr Zelenskyy of Ukraine,"Joseph R. Biden, Jr.",2022-12-21,he said that all-many many his brothers this system saved so thank you very much president biden well we have a tradition here and i will give it to him my son who fought in iraq they have what they call a command coin you've seen those coins president zelenskyy yes yes president biden we give on the battlefield i will make sure that he gets one of those president zelenskyy great give me i will give president biden well thank you thank you thank you president zelenskyy thank you so much president biden i appreciate it what a great,Genesis 30:28,"And he said, Appoint me thy wages, and I will give it.",0.5118631350391689,TRUE,,0.9
203,1076089893277849740,Remarks Accepting the Presidential Nomination at the Republican National Convention in New York City,George W. Bush,2004-09-02,of this has confirmed one belief beyond doubt having come this far our tested and confident nation can achieve anything to everything we know there is a season a time for sadness a time for struggle a time for rebuilding and now we have reached a time for hope this young century will be liberty's,Ecclesiastes 3:1,"To every thing there is a season, and a time to every purpose under the heaven:",0.3347677523046258,TRUE,,0.8
207,1078641174491011959,Remarks at the Washington National Cathedral Dedication Ceremony,George Bush,1990-09-29,through its oldest door the way of peace and a compass oriented to the words of st paul who gazes down from our left and now abideth faith hope and love these three but the greatest of these is love our personal family compass has for many years led us here for public and private worship we were neighbors when we lived in the vice,1 Corinthians 13:13,"And now abideth faith, hope, charity, these three; but the greatest of these is charity.",0.9251397696333687,TRUE,,1.0
209,1078641174491011959,Remarks at the Washington National Cathedral Dedication Ceremony,George Bush,1990-09-29,will bring about a new day of justice and brotherhood and peace and on that day morning stars will sing together and the sons of god will shout for joy for eight decades the dream of a completed cathedral dominated this hill and now dr king's words should become our,Job 38:7,"When the morning stars sang together, and all the sons of God shouted for joy?",0.7811038342250637,TRUE,,0.9
211,1079451345649262456,The President's News Conference,Dwight D. Eisenhower,1959-09-17,this kind the president well i think i have a great deal of faith in that one biblical reference somewhere where it it says know the truth and the truth shall make you free now we have here a system of government it is a system of government there is no question that at least the dedicated communists believe in,John 8:32,"And ye shall know the truth, and the truth shall make you free.",0.9728553856049336,TRUE,,1.0
215,1084373147508211289,Remarks and a Question-and-Answer Session at the Los Angeles World Affairs Council Luncheon in California,Ronald Reagan,1983-03-31,to this undertaking than in the easter season when millions of the world's people pay homage to the one who taught us peace on earth good will toward men this is the goal my fellow americans of all the democratic nations-a goal that requires firmness patience and understanding if the soviet union responds in the,Luke 2:14,"Glory to God in the highest, and on earth peace, good will toward men.",0.9723354879864718,TRUE,,0.95
265,112292467199391951,"Tel Aviv, Israel Remarks of President Yitzhak Navon and President Carter at the Welcoming Ceremony.",Jimmy Carter,1979-03-10,the ark carry an olive branch in its beak or will it have to wait some time longer until the waters of the flood are abated from off the earth so that it can at last find a resting place for its feet mr president you are not unaware i'm sure of the differences of,Genesis 8:11,"And the dove came in to him in the evening; and, lo, in her mouth was an olive leaf pluckt off: so Noah knew that the waters were abated from off the earth.",0.6144793338389368,TRUE,,0.9
300,1159986310434214604,Visit of Pope John Paul II Remarks at a White House Reception.,Jimmy Carter,1979-10-06,what is important what is progress what are we creating which we need fear in his last words hours jesus prayed for his disciples holy father keep them in thy name which thou hast given me that they may be one even as we are one and we are also reminded god is love let all of us here of every faith stand as one-under god-for peace and justice and,John 17:11,"And now I am no more in the world, but these are in the world, and I come to thee. Holy Father, keep through thine own name those whom thou hast given me, that they may be one, as we are.",0.7567821100536083,TRUE,,0.9
303,1159986310434214604,Visit of Pope John Paul II Remarks at a White House Reception.,Jimmy Carter,1979-10-06,which we need fear in his last words hours jesus prayed for his disciples holy father keep them in thy name which thou hast given me that they may be one even as we are one and we are also reminded god is love let all of us here of every faith stand as one-under god-for peace and justice and,John 17:22,"And the glory which thou gavest me I have given them; that they may be one, even as we are one:",0.8350410460123696,TRUE,,0.9
305,1159986310434214604,Visit of Pope John Paul II Remarks at a White House Reception.,Jimmy Carter,1979-10-06,i take the liberty of beginning with the passage from the prophet micah that you quoted at your inauguration you have been told o man what is good and what the lord requires of you only to do right and to love goodness and to walk humbly with your god in recalling these words i wish to greet you and all the authorities in the individual states and the nation who are committed to the,Micah 6:8,"He hath shewed thee, O man, what is good; and what doth the LORD require of thee, but to do justly, and to love mercy, and to walk humbly with thy God?",0.4723174605050504,TRUE,,0.95
370,122989631569199698,Inaugural Address,"Joseph R. Biden, Jr.",2021-01-20,the virus we must set aside politics and finally face this pandemic as one nation one nation and i promise you this as the bible says weeping may endure for a night but joy cometh in the morning we will get through this together-together look folks all my colleagues that i served with in the house and the senate up,Psalms 30:5,"For his anger endureth but a moment; in his favour is life: weeping may endure for a night, but joy cometh in the morning.",0.2709642018891632,TRUE,,0.9
386,1249231407277906919,"Remarks to the Bethesda-Chevy Chase Rescue Squad in Bethesda, Maryland",George Bush,1990-04-25,your special brand of skill and courage the courage to put another's life before one's own let me close with a bible verse that defines your lives greater love hath no man than this that a man lay down his life for his friends you and countless thousands of others like you around this great country serve strangers you save lives and you walk the path of engagement in the,John 15:13,"Greater love hath no man than this, that a man lay down his life for his friends.",0.998070952303101,TRUE,,1.0
422,1293388548090327749,Remarks in Indianapolis at Soldiers and Sailors Square,Lyndon B. Johnson,1964-10-08,men that are carried about with every wind of doctrine only those should lead us who in the words of the scripture are swift to hear slow to speak slow to wrath as long as i am your president that will be my policy ten months ago in a moment of tragedy i was called,James 1:19,"Wherefore, my beloved brethren, let every man be swift to hear, slow to speak, slow to wrath:",0.9513637903655472,TRUE,,1.0
427,1297266336318324399,Remarks in a Meeting With President Aleksandar Vucic of Serbia and Prime Minister Avdullah Hoti of Kosovo and an Exchange With Reporters,Donald J. Trump (1st Term),2020-09-04,that both these countries are making mr president and the direction of recognizing israel moving embassies to jerusalem as you have done the good book says blessed are the peacemakers and mr president i think to the american people to the people of serbia to the people of kosovo that are looking on know that,Matthew 5:9,Blessed are the peacemakers: for they shall be called the children of God.,0.9207578037281196,TRUE,,0.95
446,1315776093694224354,Remarks on Lighting the National Christmas Tree,Ronald Reagan,1987-12-07,secretary is watching this on tv i'd like him to see what we're celebrating because for us christmas celebrates the cause of peace on earth good will toward men peace on earth good will toward men-i cannot think of a better spirit in which to begin the meetings of the next several days as a small reminder of that spirit,Luke 2:14,"Glory to God in the highest, and on earth peace, good will toward men.",0.919002583039902,TRUE,,1.0
447,1315776093694224354,Remarks on Lighting the National Christmas Tree,Ronald Reagan,1987-12-07,white house during our discussions let the star remind us why we've gathered and what we seek in luke chapter 10 verse 5 we read peace be to this house that blessing is most appropriate over the next several days and with that said tommy valente will light the national christmas tree and let the,Luke 10:5,"And into whatsoever house ye enter, first say, Peace be to this house.",0.8944410249752116,TRUE,,1.0
498,136520159298921772,Remarks on the Observance of the National Days of Remembrance,George W. Bush,2001-04-19,stands on watch for the rise of tyranny and history's worst tyrants have always reserved a special hatred for the jewish people tyrants and dictators will accept no other gods before them they require disobedience to the first commandment they seek absolute control and are threatened by faith in god they fear only the power,Exodus 20:3,Thou shalt have no other gods before me.,0.5206741026461392,TRUE,,0.8
499,136520159298921772,Remarks on the Observance of the National Days of Remembrance,George W. Bush,2001-04-19,rise of tyranny and history's worst tyrants have always reserved a special hatred for the jewish people tyrants and dictators will accept no other gods before them they require disobedience to the first commandment they seek absolute control and are threatened by faith in god they fear only the power,Deuteronomy 5:7,Thou shalt have none other gods before me.,0.6823492878524872,TRUE,,0.9
518,1376256626482019050,Remarks and a Question-and-Answer Session With Students in Tel Aviv,William J. Clinton,1996-03-14,will do more in the days of the bible the foreign prophet balaam looked upon the children of israel and called them a people that shall dwell alone and shall not be reckoned upon the nation today looking at all this nation has achieved the acceptance it has won in the middle east and around the world we know his,Numbers 23:9,"For from the top of the rocks I see him, and from the hills I behold him: lo, the people shall dwell alone, and shall not be reckoned among the nations.",0.6017670687895419,TRUE,,0.8
561,1416448055412834698,Remarks in Cleveland at the National Awards Dinner of the National Conference of Christians and Jews,Gerald R. Ford,1976-06-06,program for peace i intend to make it a reality let us heed the words of the 34th psalm which urges us all to seek peace and to pursue it as we never cease our vigilance let us never lose our vision of what we want the world to be,Psalms 34:14,"Depart from evil, and do good; seek peace, and pursue it.",0.7221880828771735,TRUE,,0.9
593,1434414813581002129,"Remarks on World AIDS Day in Mount Airy, Maryland",George W. Bush,2007-11-30,the results of america's generosity and to assure our friends that they have a steady partner in the united states of america the scriptures tell us i have set before you life and death therefore choose life all who wage the battle against aids have made the choice for life because of their compassion and courage millions who once saw,Deuteronomy 30:19,"I call heaven and earth to record this day against you, that I have set before you life and death, blessing and cursing: therefore choose life, that both thou and thy seed may live:",0.8979867949793366,TRUE,,0.9
597,1437310810335503375,"Message on the Observance of Passover, 5766",George W. Bush,2006-04-11,say therefore to the people of israel i am the lord and i will bring you out from under the burdens of the egyptians and i will deliver you from their bondage and i will redeem you with an outstretched arm and with great acts of judgment exodus 6:6 i send greetings to those observing passover beginning at sundown on april 12 the story of the jewish people throughout history,Exodus 6:6,"Wherefore say unto the children of Israel, I am the LORD, and I will bring you out from under the burdens of the Egyptians, and I will rid you out of their bondage, and I will redeem you with a stretched out arm, and with great judgments:",0.8969910503511307,TRUE,,1.0
603,1443058189735779483,Remarks at the Democratic National Committee Presidential Gala in New York City,William J. Clinton,1993-05-12,slavery to continue to expand and that if we did it would destroy the united states he said in many other places that if the house is divided against itself it could not stand lincoln went on to become president and he expanded his vision and he eventually signed the emancipation proclamation abolishing slavery in,Mark 3:25,"And if a house be divided against itself, that house cannot stand.",0.94983343814749,TRUE,,1.0
621,1454122141046745021,"Remarks at a Memorial Service for the Victims of the Explosion at the West Fertilizer Company Plant at Baylor University in Waco, Texas",Barack Obama,2013-04-25,love and support and prayers of the nation the book of psalms tells us for you o god have tested us you have tried us we went through fire and through water yet you have brought us out to a place of abundance we went through fire and through water yet you have brought us out to a place of abundance for this state for our country these have been trying and difficult days we gather here in texas to mourn brave men who went through fire and all those who have been taken from us we remain mindful of our fellow americans in flooded states to the north who endure the high waters we,Psalms 66:12,Thou hast caused men to ride over our heads; we went through fire and through water: but thou broughtest us out into a wealthy place.,0.9042254383799389,TRUE,,1.0
626,1454122141046745021,"Remarks at a Memorial Service for the Victims of the Explosion at the West Fertilizer Company Plant at Baylor University in Waco, Texas",Barack Obama,2013-04-25,still need you to answer that call they will still need those things that are lasting and true for as scripture teaches us a friend loves at all times and a brother is born for adversity to the people of west just as we've seen the love you share in better times as friends and brothers and sisters these hard,Proverbs 17:17,"A friend loveth at all times, and a brother is born for adversity.",0.9742573886926664,TRUE,,1.0
635,1459793230101490716,Commencement Address at the Sidwell Friends School,William J. Clinton,1997-06-06,cardinal bernardin strive to be more like them keep your spirits up there is profound truth in the proverb a happy heart maketh good medicine but a broken spirit dryeth the bones third be of service to others much has been given to you already and a lot more is coming your way you owe,Proverbs 17:22,A merry heart doeth good like a medicine: but a broken spirit drieth the bones.,0.983746480881156,TRUE,,0.95
683,151138210962671409,Address Before the 18th General Assembly of the United Nations,John F. Kennedy,1963-09-20,already made and to protect the new nation in its struggle for progress let us complete what we have started for no man who puts his hand to the plow and looks back as the scriptures tell us no man who puts his hand to the plow and looks back is fit for the kingdom of god i also hope that the recent initiative of several members in preparing standby peace forces for united nations call will encourage similar commitments,Luke 9:62,"And Jesus said unto him, No man, having put his hand to the plough, and looking back, is fit for the kingdom of God.",0.8833060944403898,TRUE,,0.9
712,1540048608332446898,"Remarks to the American Community in Bonn, Germany",William J. Clinton,1999-06-20,home of beethoven for his life makes possible for us to see one of the most important admonitions of the scriptures the bible says where there is no vision the people perish beethoven i believe was the greatest composer in the history of the world he was also stone deaf he wrote his music because,Proverbs 29:18,"Where there is no vision, the people perish: but he that keepeth the law, happy is he.",0.1320794146606768,TRUE,,0.8
794,1641226486520665118,Address at the Cow Palace on Accepting the Nomination of the Republican National Convention,Dwight D. Eisenhower,1956-08-23,a common ideal in a peaceful world lincoln speaking to the republican state convention in 1858 began with the biblical quotation a house divided against itself cannot stand today the world is a house divided but--as is sometimes forgotten--lincoln followed this quotation with a note of hope for his troubled,Mark 3:25,"And if a house be divided against itself, that house cannot stand.",0.9949049955417142,TRUE,,1.0
799,1649847899413880757,Remarks at a Candlelight Memorial Service for President Kennedy,Lyndon B. Johnson,1963-12-22,new birth of freedom and that we may achieve in our time and for all time the ancient vision of peace on earth good will toward all men note the president spoke at 4 p.m at the lincoln memorial in washington lyndon b johnson remarks at a candlelight memorial service,Luke 2:14,"Glory to God in the highest, and on earth peace, good will toward men.",0.7051344395836125,TRUE,,0.9
858,1713438331965133817,Address to the Nation on Returning From the' Soviet Union.,Richard Nixon,1974-07-03,on this historic mission my prayers and those of our fellow countrymen have been answered manyfold i cannot escape the conclusion that the biblical injunction blessed are the peacemakers has again been confirmed ladies and gentlemen the president of the united states richard nixon address to the nation on returning from the soviet union,Matthew 5:9,Blessed are the peacemakers: for they shall be called the children of God.,0.2539037168089664,TRUE,,0.9
931,1770977384408822372,Remarks in Houston on the Results of the Presidential Election,George Bush,1992-11-03,for me here especially here but all across the country thank you for your support we have fought the good fight and we've kept the faith and i believe i have upheld the honor of the presidency of the united states now i ask that we stand behind our new,2 Timothy 4:7,"I have fought a good fight, I have finished my course, I have kept the faith:",0.8978665630523402,TRUE,,0.95
968,181890409210789139,Remarks on Lighting the National Christmas Tree,William J. Clinton,1996-12-05,a home only a stable's roof to shelter him who grew to teach the lesson of love and peace that has truly changed the world blessed are the peacemakers he said and those words still call us to action as we look around the world tonight we know the spirit of peace is strong enough,Matthew 5:9,Blessed are the peacemakers: for they shall be called the children of God.,0.3774948524682938,TRUE,,0.9
969,1820084609558606884,The President's Radio Address,George W. Bush,2005-03-26,especially those who have given their lives in freedom's cause their sacrifice is a testament to the words of scripture greater love has no man than this that a man lay down his life for his friends easter has a special meaning for the families of our men and women in uniform who miss their loved ones during the holidays,John 15:13,"Greater love hath no man than this, that a man lay down his life for his friends.",0.930931644267586,TRUE,,1.0
972,18232770982680286,Remarks at the Combined Convention of the National Religious Broadcasters and the National Association of Evangelicals.,Gerald R. Ford,1976-02-22,and i salute both of you for your outstanding organizations as you follow the great commissions of jesus to go into the world and to preach the gospel my good friend billy zeoli makes the point that we may know the number of churches radio and television stations involved in religious broadcasting and mission work only god however can count the number of lives that have been changed by the gospel you preach throughout the world i like the theme that you have selected for your bicentennial convention let freedom ring nowhere on earth has freedom rung so loud and,Mark 16:15,"And he said unto them, Go ye into all the world, and preach the gospel to every creature.",0.8336598823175978,TRUE,,0.9
975,18232770982680286,Remarks at the Combined Convention of the National Religious Broadcasters and the National Association of Evangelicals.,Gerald R. Ford,1976-02-22,while declaring its independence from foreign domination has become the greatest nation in the history of the world we are taught in the psalms that blessed is the nation whose god is the lord i believe that very very deeply and i know you believe it too looking back over 200 years we can see that america has always been,Psalms 33:12,Blessed is the nation whose God is the LORD; and the people whom he hath chosen for his own inheritance.,0.1159225673724265,TRUE,,0.9
977,18232770982680286,Remarks at the Combined Convention of the National Religious Broadcasters and the National Association of Evangelicals.,Gerald R. Ford,1976-02-22,the bible as a kind of prayer i am sure you are all familiar with it it comes from the book of proverbs and it says trust in the lord with all thine heart and lean not unto thine own understanding in all thy ways acknowledge him and he shall direct thy paths 1 dr harold john ockenga president gordon-conwell seminary that was the verse,Proverbs 3:5,Trust in the LORD with all thine heart; and lean not unto thine own understanding.,0.995213338453476,TRUE,,1.0
980,18232770982680286,Remarks at the Combined Convention of the National Religious Broadcasters and the National Association of Evangelicals.,Gerald R. Ford,1976-02-22,it it comes from the book of proverbs and it says trust in the lord with all thine heart and lean not unto thine own understanding in all thy ways acknowledge him and he shall direct thy paths 1 dr harold john ockenga president gordon-conwell seminary that was the verse that i placed my hand upon when i took the oath of office administered to,Proverbs 3:6,"In all thy ways acknowledge him, and he shall direct thy paths.",0.99122824640966,TRUE,,1.0
992,183412623787571269,"Pittsburgh, Pennsylvania Remarks and a Question-and-Answer Session at a Town Meeting.",Jimmy Carter,1980-10-29,on a political figure and saying he is or is not an acceptable person in the eyes of god i remember the admonition in the new testament judge not that ye be judged and god is love so it's not a big problem for me thank you very much that's a good question yes ma'am,Matthew 7:1,"Judge not, that ye be not judged.",0.688566560620471,TRUE,,0.9
997,1836047865752144744,Remarks at a Reception for the Presidential Scholars.,Lyndon B. Johnson,1967-06-13,about it we have no great guarantee that knowledge brings goodness or wisdom knowledge must be bound to a spirit of service though i understand all mysteries and all knowledge and have not charity i am nothing so i would commend to you beyond a life of scholarship a life of service--more specifically a life of public service i have,1 Corinthians 13:2,"And though I have the gift of prophecy, and understand all mysteries, and all knowledge; and though I have all faith, so that I could remove mountains, and have not charity, I am nothing.",0.8818458226913672,TRUE,,0.9
1016,1856637276312503556,"Remarks at Dedication of Flight 93 National Memorial in Shanksville, Pennsylvania",George W. Bush,2011-09-10,of the plane with two words let's roll with their selfless act the men and women who stormed the cockpit lived out the words greater love hath no man than this that a man lay down his life for his friends and with their brave decision they launched the first counteroffensive of the war on terror the most likely target of the hijacked plane was,John 15:13,"Greater love hath no man than this, that a man lay down his life for his friends.",0.9865476767380148,TRUE,,1.0
1036,1867321843085049586,Remarks to Members of the Business Council.,Lyndon B. Johnson,1968-12-04,and what is that asked the president i believe sir said the businessman that it would be best to put on it what peter said to paul silver and gold have i none but such as i have give i thee that is the kind of hard-headed business advice that a president learns to appreciate and the same is true for ex-presidents i have been,Acts 3:6,"Then Peter said, Silver and gold have I none; but such as I have give I thee: In the name of Jesus Christ of Nazareth rise up and walk.",0.8679154070570559,TRUE,,0.9
070,1896036352736738681,Remarks at the Lighting of the National Community Christmas Tree,Gerald R. Ford,1974-12-17,the years have been written have been sung have been spoken about the true meaning of christmas none have ever said it more eloquently than on earth peace good will toward men and that is my final christmas wish for all of us thank you very kindly note the president spoke at 5:55 p.m at,Luke 2:14,"Glory to God in the highest, and on earth peace, good will toward men.",0.9480303988078944,TRUE,,0.95
1093,1906908575584340261,"Remarks at ""A Concert for Hope"" Commemorating the 10th Anniversary of the September 11 Terrorist Attacks",Barack Obama,2011-09-11,realized the dreams of their parents it will be said that we kept the faith that we took a painful blow and we emerged stronger than before weeping may endure for a night but joy cometh in the morning with a just god as our guide let us honor those who have been lost let us rededicate ourselves to the ideals that define our nation,Psalms 30:5,"For his anger endureth but a moment; in his favour is life: weeping may endure for a night, but joy cometh in the morning.",0.9249204541680588,TRUE,,1.0
1127,1940968334552187816,Address to the Nation on the Terrorist Attacks,George W. Bush,2001-09-11,been threatened and i pray they will be comforted by a power greater than any of us spoken through the ages in psalm 23 even though i walk through the valley of the shadow of death i fear no evil for you are with me this is a day when all americans from every walk of life unite in our resolve for justice and peace,Psalms 23:4,"Yea, though I walk through the valley of the shadow of death, I will fear no evil: for thou art with me; thy rod and thy staff they comfort me.",0.956356975231661,TRUE,,1.0
1133,1945480422762194614,"Address to the Nation From Ellis Island, New York, on the Anniversary of the Terrorist Attacks of September 11",George W. Bush,2002-09-11,guarded by peace this ideal of america is the hope of all mankind that hope drew millions to this harbor that hope still lights our way and the light shines in the darkness and the darkness will not overcome it may god bless america note the president spoke at 9:01 p.m the office of the press secretary also released a,John 1:5,And the light shineth in darkness; and the darkness comprehended it not.,0.5141039572612047,TRUE,,0.9
1144,1960340000647088647,"Remarks on Signing the Martin Luther King, Jr., Federal Holiday Proclamation in Atlanta, Georgia",George Bush,1992-01-17,his life before that terrible day in memphis dr king told a story that i do think of often visiting the holy land when he was a young man with you coretta happened to travel the road from jerusalem to jericho the same road where the good samaritan stopped the,Luke 10:30,"And Jesus answering said, A certain man went down from Jerusalem to Jericho, and fell among thieves, which stripped him of his raiment, and wounded him, and departed, leaving him half dead.",0.4676681365643221,TRUE,,0.9
1151,1963335155753474563,Remarks at a Dinner Hosted by Prime Minister Binyamin Netanyahu of Israel in Jerusalem,William J. Clinton,1998-12-13,will be judged without mercy but mercy triumphs over judgment and we are told in no uncertain terms that the peacemakers are blessed and they will inherit the earth please join me in a toast to prime minister and mrs netanyahu the people of israel and the promise of peace l'chaim note the president spoke,Matthew 5:9,Blessed are the peacemakers: for they shall be called the children of God.,0.7522113772764952,TRUE,,0.9
1159,1965195439614886470,Remarks at the 26th Annual National Prayer Breakfast,Jimmy Carter,1978-02-02,about the time described in the first book of kings i believe when god said to solomon what do you want from me and solomon said give thy servant an understanding mind to govern your people that i might discern between good and evil and god said that's such a fine prayer that i will not only grant you wisdom but i will grant you,1 Kings 3:9,"Give therefore thy servant an understanding heart to judge thy people, that I may discern between good and bad: for who is able to judge this thy so great a people?",0.7883825863190222,TRUE,,0.9
1181,1980899609878117928,"Remarks at Mott Community College in Flint, Michigan",William J. Clinton,2000-09-21,a fundamental truth when he said work is an important way in which we exercise our humanity in return society offers us not only our daily bread but a sense that we ourselves are honored for the contributions we make when i sought the presidency in 1991 and 1992 my,Matthew 6:11,Give us this day our daily bread.,0.1852672483967314,TRUE,,0.9
1184,1982466156799405012,Address to the Nation on the Commonwealth of Independent States,George Bush,1991-12-25,global conflict may god bless the people of the new nations in the commonwealth of independent states and on this special day of peace on earth good will toward men may god continue to bless the united states of america good night note the president spoke at 9 p.m from the oval office at the,Luke 2:14,"Glory to God in the highest, and on earth peace, good will toward men.",0.957714596138693,TRUE,,0.95
1204,1997939662330500152,"Address at the lmeson Field Airport, Jacksonville, Florida",Dwight D. Eisenhower,1956-10-29,6th i want to talk to you today a little bit about the problem of making a living now we know that man does not live by bread alone but we do know that making his daily bread is his preoccupation during his working hours we are very very grateful for the record of prosperity,Luke 4:4,"And Jesus answered him, saying, It is written, That man shall not live by bread alone, but by every word of God.",0.8716297771329943,TRUE,,0.9
1216,2012690666044065466,Remarks at the Thanksgiving Turkey Presentation Ceremony,George W. Bush,2001-11-19,and for life itself thanksgiving reminds us that the greatest gifts don't come from the hands of man but from the maker of heaven and earth this week american families will gather in that spirit we will remember too those who approach the holidays with a burden of sadness we,Psalms 124:8,"Our help is in the name of the LORD, who made heaven and earth.",0.6349025059964041,TRUE,,0.8
1231,2032762413835815664,Remarks to the 52d Session of the United Nations General Assembly in New York City,William J. Clinton,1997-09-22,abilities the men and women of the united nations have expertise across the entire range of humanitarian and development activities every day they are making a difference we see it in nourished bodies of once starving children in the full lives of those immunized against disease in the bright eyes,Jude 1:22,"And of some have compassion, making a difference:",0.8201480426979258,TRUE,,0.9
1256,2054850483713681140,"Atlanta, Georgia Remarks at the Southern Salute to the President Dinner.",Jimmy Carter,1978-01-20,we learned from the bible about the fallibilities even of people who were given great responsibility i remember the story of the escape of the israelites from egypt when moses was a man anointed by god to lead and when the israelites were in a battle god told moses hold up your arm and as long as moses held up his arms the israelites won but after an hour or two or three his arm got weary and it began to sink and the israelites began to lose and his brother aaron went and propped up his arm for a while and later on hut propped up moses arm for a while and the israelites won well i don't under any circumstances equate myself with moses but i would like to remind you of this you elected me to be president you gave me a job to do as long as i'm in the white,Exodus 17:11,"And it came to pass, when Moses held up his hand, that Israel prevailed: and when he let down his hand, Amalek prevailed.",0.1658490924797598,TRUE,,0.9
1286,2084857217709150662,"Address Accepting the Democratic Nomination for President at the Memorial Coliseum in Los Angeles, California",John F. Kennedy,1960-07-15,call is to the young in heart regardless of age-to the stout in spirit regardless of party-to all who respond to the scriptural call be strong and of good courage be not afraid neither be dismayed for courage not complacency is our need today leadership not salesmanship and the only valid test of leadership is the ability to lead and,Joshua 1:9,"Have not I commanded thee? Be strong and of a good courage; be not afraid, neither be thou dismayed: for the LORD thy God is with thee whithersoever thou goest.",0.7837906084663381,TRUE,,0.9
1288,2084857217709150662,"Address Accepting the Democratic Nomination for President at the Memorial Coliseum in Los Angeles, California",John F. Kennedy,1960-07-15,and homes across the united states give me your help and your hand and your voice recall with me the words of isaiah they that wait upon the lord shall renew their strength they shall mount up with wings as eagles they shall run and not be weary as we face the coming great challenge we too shall wait upon the lord and ask that he renew our strength then shall we be equal to the test then we shall not be weary then we shall prevail thank you note this text draws on the transcript published in the new york times app corrections and edits are based on reviewing,Isaiah 40:31,"But they that wait upon the LORD shall renew their strength; they shall mount up with wings as eagles; they shall run, and not be weary; and they shall walk, and not faint.",0.9820385411364382,TRUE,,1.0
1312,210152519160863079,Remarks to the Families of the United States Marines Slain in El Salvador,Ronald Reagan,1985-06-22,and your brothers we thank you for these fine young men no words can console but we know of the promise in the bible blessed are they that mourn for they shall be comforted blessed are the peacemakers for they shall be called the children of god as we mourn these children of god we remember another promise blessed are they which do hunger and thirst after righteousness for they shall be filled they say the men who murdered these sons of america escaped and disappeared into the city streets but i pledge to you,Matthew 5:4,Blessed are they that mourn: for they shall be comforted.,0.944630372684208,TRUE,,0.9
1313,210152519160863079,Remarks to the Families of the United States Marines Slain in El Salvador,Ronald Reagan,1985-06-22,and your brothers we thank you for these fine young men no words can console but we know of the promise in the bible blessed are they that mourn for they shall be comforted blessed are the peacemakers for they shall be called the children of god as we mourn these children of god we remember another promise blessed are they which do hunger and thirst after righteousness for they shall be filled they say the men who murdered these sons of america escaped and disappeared into the city streets but i pledge to you today they will not evade,Matthew 5:6,Blessed are they which do hunger and thirst after righteousness: for they shall be filled.,0.8629620112733124,TRUE,,0.9
1317,210152519160863079,Remarks to the Families of the United States Marines Slain in El Salvador,Ronald Reagan,1985-06-22,you for these fine young men no words can console but we know of the promise in the bible blessed are they that mourn for they shall be comforted blessed are the peacemakers for they shall be called the children of god as we mourn these children of god we remember another promise blessed are they which do hunger and thirst after righteousness for they shall be filled they say the men who murdered these sons of america escaped and disappeared into the city streets but i pledge to you,Matthew 5:9,Blessed are the peacemakers: for they shall be called the children of God.,0.9846892117023124,TRUE,,1.0
1332,2114180719417914124,"Address at Johns Hopkins University: ""Peace Without Conquest.""",Lyndon B. Johnson,1965-04-07,withdraw from one battlefield means only to prepare for the next we must say in southeast asia--as we did in europe--in the words of the bible hitherto shalt thou come but no further there are those who say that all our effort there will be futile--that china's power is such that it is bound to dominate all southeast asia but,Job 38:11,"And said, Hitherto shalt thou come, but no further: and here shall thy proud waves be stayed?",0.9321202209310144,TRUE,,1.0
1333,2114180719417914124,"Address at Johns Hopkins University: ""Peace Without Conquest.""",Lyndon B. Johnson,1965-04-07,of us all done all we could have we done enough we may well be living in the time foretold many years ago when it was said i call heaven and earth to record this day against you that i have set before you life and death blessing and cursing therefore choose life that both thou and thy seed may live this generation of the world must choose destroy or build kill or aid hate or understand we can do all these things on a,Deuteronomy 30:19,"I call heaven and earth to record this day against you, that I have set before you life and death, blessing and cursing: therefore choose life, that both thou and thy seed may live:",0.7742959744511144,TRUE,,0.9
1343,2117041015052882288,"Remarks in Cadillac Square, Detroit",Lyndon B. Johnson,1964-09-07,america can divest himself of the responsibility for such a decision any man who shares control of such enormous power must remember that he that is slow to anger is better than the mighty and he that ruleth his spirit is better than he that taketh a city these common purposes--prosperity justice and peace--are the foundation of american unity our future is almost upon us man has never lived in a more exciting time the,Proverbs 16:32,He that is slow to anger is better than the mighty; and he that ruleth his spirit than he that taketh a city.,0.9219758344367416,TRUE,,1.0
1367,2126535493616284766,Remarks on Domestic Violence Prevention,George W. Bush,2003-10-08,the suffering and to show that there is a better life i like to remind people you know that i wish government could make people love one another i would sign the piece of legislation laughter but i know that there are loving people who are willing to love it's a-by the way a lot,John 13:34,"A new commandment I give unto you, That ye love one another; as I have loved you, that ye also love one another.",0.912775419019626,TRUE,,0.9
1371,2127310831408985093,"Remarks at the Dedication of the National Memorial Center Museum in Oklahoma City, Oklahoma",George W. Bush,2001-02-19,the rescue it continues with this memorial it is recorded in this museum together you endured you chose to live out the words of saint paul be not overcome of evil but overcome evil with good because of this spirit your memorial belongs to all america people from all over our country come here every day and will always come,Romans 12:21,"Be not overcome of evil, but overcome evil with good.",0.5629675400493598,TRUE,,1.0
1419,2175729172004833528,"Address at Ottawa, Canada.",Franklin D. Roosevelt,1943-08-25,they accept the ethics of humanity some day in the distant future perhaps-but some day it is certain-all of them will remember with the master thou shalt love thy neighbor as thyself monsieur le premier ma visite a la ville historique de quebec rappelle vivement a mon esprit que le canada est une nation fondee,Galatians 5:14,"For all the law is fulfilled in one word, even in this; Thou shalt love thy neighbour as thyself.",0.8469247093859689,TRUE,,0.9
1421,2175729172004833528,"Address at Ottawa, Canada.",Franklin D. Roosevelt,1943-08-25,they accept the ethics of humanity some day in the distant future perhaps-but some day it is certain-all of them will remember with the master thou shalt love thy neighbor as thyself monsieur le premier ma visite a la ville historique de quebec rappelle vivement a mon esprit que le canada est une nation fondee,Matthew 19:19,"Honour thy father and thy mother: and, Thou shalt love thy neighbour as thyself.",0.9258897752076848,TRUE,,0.9
1422,2175729172004833528,"Address at Ottawa, Canada.",Franklin D. Roosevelt,1943-08-25,they accept the ethics of humanity some day in the distant future perhaps-but some day it is certain-all of them will remember with the master thou shalt love thy neighbor as thyself monsieur le premier ma visite a la ville historique de quebec rappelle vivement a mon esprit que le canada est une nation fondee,Matthew 22:39,"And the second is like unto it, Thou shalt love thy neighbour as thyself.",0.9817235634243152,TRUE,,0.95
1454,221728626216485223,"Berlin, Federal Republic of Germany Remarks at a Wreathlaying Ceremony at the Airlift Memorial",Jimmy Carter,1978-07-15,as the airlift memorial scholarships close contact between generations that had not yet been born when our fates were first bonded together the bible says a city that is set on a hill cannot be hidden what has been true of my own land for 3 1/2 centuries is equally true here in berlin as a city of human freedom human hope and human rights berlin is a light to the whole world a city on a hill-it cannot be hidden the eyes of all people are upon you was immer sei berlin bleibt frei no matter what happens berlin,Matthew 5:14,Ye are the light of the world. A city that is set on an hill cannot be hid.,0.9904626976645065,TRUE,,0.9
1466,2227271786339690363,Remarks at the Signing Ceremony for the Israel-Jordan Peace Treaty at the Border Between Israel and Jordan,William J. Clinton,1994-10-26,their chisels to the stone the earth as the koran says will stir and swell and bring forth life the desert as isaiah prophesied shall rejoice and blossom here your people will drink water from the same well and savor together the fruit of the vine as you seize this,Isaiah 35:1,"The wilderness and the solitary place shall be glad for them; and the desert shall rejoice, and blossom as the rose.",0.6745528099563497,TRUE,,0.9
1469,2227271786339690363,Remarks at the Signing Ceremony for the Israel-Jordan Peace Treaty at the Border Between Israel and Jordan,William J. Clinton,1994-10-26,your people for too long here in this region which is the home of not only both your faiths but mine i say blessed are the peacemakers for they shall inherit the earth note the president spoke at approximately 1:50 p.m at the wadi araba border crossing in his remarks he referred to king hussein,Matthew 5:9,Blessed are the peacemakers: for they shall be called the children of God.,0.9122774265863892,TRUE,,0.95
1480,2240423806383776630,Remarks on Lighting the National Christmas Tree,Donald J. Trump (1st Term),2019-12-05,with us under the star where they found the holy family in bethlehem as the bible tells us when the wise men had come into the house they saw the young child with mary his mother and fell down and worshipped him christians give thanks that the son of god came into the world to save humanity jesus christ inspires us to love one another,Matthew 2:11,"And when they were come into the house, they saw the young child with Mary his mother, and fell down, and worshipped him: and when they had opened their treasures, they presented unto him gifts; gold, and frankincense, and myrrh.",0.9362301482801012,TRUE,,0.95
1491,2241525341375873233,Remarks Upon Receiving an Honorary Degree From the University of Kansas City,Harry S Truman,1945-06-28,back in jackson county to find out just what kind of fellow i am you have been exceedingly kind to me you have absolutely disproved that maxim that a prophet is not without honor save in his own country you certainly have honored me with everything possible i hope i can deserve it i have a tremendous--a tremendous task one that i dare not look,John 4:44,"For Jesus himself testified, that a prophet hath no honour in his own country.",0.9498874491076004,TRUE,,1.0
1492,2241525341375873233,Remarks Upon Receiving an Honorary Degree From the University of Kansas City,Harry S Truman,1945-06-28,back in jackson county to find out just what kind of fellow i am you have been exceedingly kind to me you have absolutely disproved that maxim that a prophet is not without honor save in his own country you certainly have honored me with everything possible i hope i can deserve it i have a tremendous--a tremendous task one that i dare not look,Matthew 13:57,"And they were offended in him. But Jesus said unto them, A prophet is not without honour, save in his own country, and in his own house.",0.8592866014671933,TRUE,,1.0
1493,2241525341375873233,Remarks Upon Receiving an Honorary Degree From the University of Kansas City,Harry S Truman,1945-06-28,of fellow i am you have been exceedingly kind to me you have absolutely disproved that maxim that a prophet is not without honor save in his own country you certainly have honored me with everything possible i hope i can deserve it i have a tremendous--a tremendous task one that i dare not look,Luke 4:24,"And he said, Verily I say unto you, No prophet is accepted in his own country.",0.7414251693693856,TRUE,,0.9
1522,2268137307916481732,"Cairo, Egypt Address Before the People's Assembly.",Jimmy Carter,1979-03-10,in god for he is the one that heareth and knoweth all things now i would like to quote from the words of the old testament depart from evil and do good seek peace and pursue it and now i would like to quote from the words of jesus in the sermon on the mount blessed are the peacemakers for,Psalms 34:14,"Depart from evil, and do good; seek peace, and pursue it.",0.9670160878492808,TRUE,,0.95
1527,2268137307916481732,"Cairo, Egypt Address Before the People's Assembly.",Jimmy Carter,1979-03-10,do good seek peace and pursue it and now i would like to quote from the words of jesus in the sermon on the mount blessed are the peacemakers for they shall be called the children of god my friends my brothers let us complete the work before us let us find peace together thank you very much note the president spoke at 1 p.m,Matthew 5:9,Blessed are the peacemakers: for they shall be called the children of God.,0.9243390908900156,TRUE,,1.0
1560,2284539076417867500,Remarks Announcing the Normalization of Diplomatic Relations With Vietnam,William J. Clinton,1995-07-11,to common ground whatever divided us before let us consign to the past let this moment in the words of the scripture be a time to heal and a time to build thank you all and god bless america note the president spoke at 2:03 p.m in the east room at the white house in,Ecclesiastes 3:3,"A time to kill, and a time to heal; a time to break down, and a time to build up;",0.9104308284042196,TRUE,,0.9
3,2310194754180329282,Address at the Lighting of the National Community Christmas Tree on the White House Grounds,Harry S Truman,1947-12-24,gone up from galilee out of the city of nazareth to bethlehem there is a sense of desolation in st luke's brief chronicle that mary brought forth her firstborn son wrapped him in swaddling clothes and laid him in a manger because there was no room for them in the inn for many of our brethren in europe and asia this too will be a homeless christmas there can be little happiness for those who,Luke 2:7,"And she brought forth her firstborn son, and wrapped him in swaddling clothes, and laid him in a manger; because there was no room for them in the inn.",0.5457618744826198,TRUE,,0.9
4,2310194754180329282,Address at the Lighting of the National Community Christmas Tree on the White House Grounds,Harry S Truman,1947-12-24,time to our obligation and our opportunity at this point in the world's history the words of st paul have greater significance than ever before he said and now abideth faith hope charity these three but the greatest of these is charity we believe this we accept it as a basic principle of our lives the great heart of the american people has been moved,1 Corinthians 13:13,"And now abideth faith, hope, charity, these three; but the greatest of these is charity.",0.9930554071131816,TRUE,,1.0
11,2310194754180329282,Address at the Lighting of the National Community Christmas Tree on the White House Grounds,Harry S Truman,1947-12-24,then put our trust in the unerring star which guided the wise men to the manger of bethlehem let us hearken again to the angel choir singing glory to god in the highest and on earth peace good will toward men with hope for the future and with faith in god i wish all my countrymen a very merry christmas harry s truman address at,Luke 2:14,"Glory to God in the highest, and on earth peace, good will toward men.",0.9883612513098567,TRUE,,0.95
123,2406073391888542545,Address Before a Joint Session of the Congress on the Camp David Meeting on the Middle East,Jimmy Carter,1978-09-18,this moment shall be fully realized the prayers at camp david were the same as those of the shepherd king david who prayed in the 85th psalm wilt thou not revive us again that thy people may rejoice in thee i will hear what god the lord will speak for he will speak peace unto his people and unto his saints but let them not,Psalms 85:6,Wilt thou not revive us again: that thy people may rejoice in thee?,0.9880008262677388,TRUE,,1.0
126,2406073391888542545,Address Before a Joint Session of the Congress on the Camp David Meeting on the Middle East,Jimmy Carter,1978-09-18,those of the shepherd king david who prayed in the 85th psalm wilt thou not revive us again that thy people may rejoice in thee i will hear what god the lord will speak for he will speak peace unto his people and unto his saints but let them not return again unto folly and i would like to say as a christian to these two friends of mine the words of jesus blessed are,Psalms 85:8,"I will hear what God the LORD will speak: for he will speak peace unto his people, and to his saints: but let them not turn again to folly.",0.7967994115060384,TRUE,,1.0
131,2406073391888542545,Address Before a Joint Session of the Congress on the Camp David Meeting on the Middle East,Jimmy Carter,1978-09-18,return again unto folly and i would like to say as a christian to these two friends of mine the words of jesus blessed are the peacemakers for they shall be the children of god note the president spoke at 8:06 p.m in the house chamber at the capitol president sadat and prime minister begin were present for the address,Matthew 5:9,Blessed are the peacemakers: for they shall be called the children of God.,0.9962219335644724,TRUE,,1.0
167,246180775934242825,Remarks During an Illinois Whistlestop Tour,Gerald R. Ford,1976-10-16,but notice that abe lincoln made a very famous statement in the state of illinois just a few years ago when he said a house divided against itself cannot stand jimmy carter wants to divide america president ford wants to heal america and that's where we're going betty and i are here in the great,Mark 3:25,"And if a house be divided against itself, that house cannot stand.",0.9552201512733978,TRUE,,1.0
189,2471867046393402913,Remarks at a St. Patrick's Day Reception,Barack Obama,2016-03-15,her a bigger round of applause and we are in the presence of one of america's great irish american heroes vice president joe biden applause hey blessed are the peacemakers and from northern ireland we welcome their first female first minister arlene foster and deputy first minister martin mcguinness the u.k.'s secretary of state for,Matthew 5:9,Blessed are the peacemakers: for they shall be called the children of God.,0.4582334364251764,TRUE,,0.9
230,2506231506368690354,Remarks on the 50th Anniversary of D-Day at Utah Beach in Normandy,William J. Clinton,1994-06-06,invasion he said i sincerely pray that if you fail to hear from me for a while you will recall the words of the gospel a little while and you shall not see me and again a little while and you shall see me but in your thoughts i shall always be and you in mine he was right they must always be in our thoughts to honor them we,John 16:16,"A little while, and ye shall not see me: and again, a little while, and ye shall see me, because I go to the Father.",0.9481624365365204,TRUE,,0.95
240,2509899669499460081,Remarks at the Annual Convention of the American Farm Bureau Federation in St. Louis.,Gerald R. Ford,1976-01-05,all americans a new confidence in which people hunger for righteousness as well as for food in the words of the new testament blessed are they which do hunger and thirst after righteousness for they shill be filled thank you very very much note the president spoke at 11:05 a.m in kiel auditorium he was introduced by william j kuhfuss,Matthew 5:6,Blessed are they which do hunger and thirst after righteousness: for they shall be filled.,0.986927763606828,TRUE,,1.0
269,2536722622529255129,"Remarks at the Yad Vashem Holocaust Memorial in Jerusalem, Israel",Barack Obama,2013-03-22,unto them i will give my house and within my walls a memorial and a name an everlasting name that shall not be cut off president peres prime minister netanyahu chairman shalev rabbi lau thank you for sharing this house this memorial with me today thank you to the people,Isaiah 56:5,"Even unto them will I give in mine house and within my walls a place and a name better than of sons and of daughters: I will give them an everlasting name, that shall not be cut off.",0.9150698348216756,TRUE,,1.0
337,2603781582262716288,Remarks at the Coliseum in Houston at a Dinner Honoring Representative Albert Thomas,John F. Kennedy,1963-11-21,that when some meet here in 1990 they will look back on what we did and say that we made the right and wise decisions your old men shall dream dreams your young men shall see visions the bible tells us and where there is no vision the people perish albert thomas is old enough to dream dreams and young,Joel 2:28,"And it shall come to pass afterward, that I will pour out my spirit upon all flesh; and your sons and your daughters shall prophesy, your old men shall dream dreams, your young men shall see visions:",0.9769015098476104,TRUE,,1.0
338,2603781582262716288,Remarks at the Coliseum in Houston at a Dinner Honoring Representative Albert Thomas,John F. Kennedy,1963-11-21,and say that we made the right and wise decisions your old men shall dream dreams your young men shall see visions the bible tells us and where there is no vision the people perish albert thomas is old enough to dream dreams and young enough to see visions he sees an america of the future in the lifetime of,Proverbs 29:18,"Where there is no vision, the people perish: but he that keepeth the law, happy is he.",0.861491030160795,TRUE,,0.9
374,2627776003063942681,"Remarks at a ""Saluting Our Veterans"" Celebration in Ripley, West Virginia",George W. Bush,2002-07-04,call of service giving their time and energy to causes greater than self-interest this nation is confronting a terrible evil and we are overcoming evil with good there is much in modern america that the founding generation might not understand yet they would recognize the stars and stripes and they,Romans 12:21,"Be not overcome of evil, but overcome evil with good.",0.9547750758738516,TRUE,,0.9
403,2646910278689562767,"Remarks at the Martin Luther King, Jr., Commemorative Service in Atlanta, Georgia",William J. Clinton,1996-01-15,one of our clergy read that well-known but never tired passage from corinthians in the old king james version it used to say now we see through a glass darkly but then face to face now we know in part but then we shall know even as we are known and there abides faith hope and charity and the greatest of these is charity charity and love in that sense,1 Corinthians 13:12,"For now we see through a glass, darkly; but then face to face: now I know in part; but then shall I know even as also I am known.",0.980955998377038,TRUE,,0.95
405,2646910278689562767,"Remarks at the Martin Luther King, Jr., Commemorative Service in Atlanta, Georgia",William J. Clinton,1996-01-15,now we know in part but then we shall know even as we are known and there abides faith hope and charity and the greatest of these is charity charity and love in that sense are the same thing-charitable love the understanding that even those who are totally different from us share a common human,1 Corinthians 13:13,"And now abideth faith, hope, charity, these three; but the greatest of these is charity.",0.9871315753062512,TRUE,,0.95
414,265693749139350602,Address in Arkansas at the Dedication of the Norfork and Bull Shoals Dams.,Harry S Truman,1952-07-02,more farm production more electric power more reclamation navigation recreation and other benefits the money put into these projects will prove bread cast upon the waters--really cast upon the waters it will return the cost many times over in benefits to the people of this region we have been doing the same sort of thing,Ecclesiastes 11:1,Cast thy bread upon the waters: for thou shalt find it after many days.,0.6948144676550185,TRUE,,0.9\
421,265823170533301981,The President's Radio Address,William J. Clinton,1996-02-10,the bible asks if your child asks for bread would you give him a stone if he asks for fish would you give him a serpent if he asks for an egg would you give him a scorpion our children are what we give them what we teach them we dare not forget that basic truth their lives and our common,Luke 11:11,"If a son shall ask bread of any of you that is a father, will he give him a stone? or if he ask a fish, will he for a fish give him a serpent?",0.949181449978441,TRUE,,0.95
421,265823170533301981,The President's Radio Address,William J. Clinton,1996-02-10,give him a stone if he asks for fish would you give him a serpent if he asks for an egg would you give him a scorpion our children are what we give them what we teach them we dare not forget that basic truth their lives and our common,Luke 11:12,"Or if he shall ask an egg, will he offer him a scorpion?",0.949181449978441,TRUE,,0.95
424,2663157374565306333,Radio Address to the Nation on the Observance of Easter and Passover,Ronald Reagan,1983-04-02,to the unborn generations who will still celebrate them long after we're gone as paul explained in his epistle to the ephesians he came and preached peace to you who were far away and peace to those who were near so then you were no longer strangers and aliens but you were fellow citizens of,Ephesians 2:17,"And came and preached peace to you which were afar off, and to them that were nigh.",0.9928933642057473,TRUE,,0.99
424,2663157374565306333,Radio Address to the Nation on the Observance of Easter and Passover,Ronald Reagan,1983-04-02,to the unborn generations who will still celebrate them long after we're gone as paul explained in his epistle to the ephesians he came and preached peace to you who were far away and peace to those who were near so then you were no longer strangers and aliens but you were fellow citizens of god's household,Ephesians 2:19,"Now therefore ye are no more strangers and foreigners, but fellowcitizens with the saints, and of the household of God;",0.9928933642057473,TRUE,,0.99
426,2666845177628191069,"Remarks During a Memorial Convocation at Virginia Tech in Blacksburg, Virginia",George W. Bush,2007-04-17,like this we can find comfort in the grace and guidance of a loving god as the scriptures tells us don't be overcome by evil but overcome evil with good and on this terrible day of mourning it's hard to imagine that a time will come when life at virginia tech will return to normal,Romans 12:21,"Be not overcome of evil, but overcome evil with good.",0.9835861312379564,TRUE,,0.9
466,2686265627821128951,Remarks to Members of the Southern Baptist Christian Leadership Seminar.,Lyndon B. Johnson,1964-03-25,want to assure you that i am trying to be scriptural a proverb in the old testament says in a multitude of counselors there is safety brooks keeps telling me that it really meant in a multitude of baptist counselors everyone i think knows that two baptists make a multitude,Proverbs 11:14,"Where no counsel is, the people fall: but in the multitude of counsellors there is safety.",0.9172775319591092,TRUE,,1.0
467,2686265627821128951,Remarks to Members of the Southern Baptist Christian Leadership Seminar.,Lyndon B. Johnson,1964-03-25,lights and they keep reminding me that the scripture says to let your light so shine i just replied that scripture also says that the children of this world are in their generation wiser than the children of this life looking at brooks and bill i am reminded of another scripture the glory of young men is their strength and the beauty of old men,Luke 16:8,"And the lord commended the unjust steward, because he had done wisely: for the children of this world are in their generation wiser than the children of light.",0.9869324810170038,TRUE,,1.0
469,2686265627821128951,Remarks to Members of the Southern Baptist Christian Leadership Seminar.,Lyndon B. Johnson,1964-03-25,children of this world are in their generation wiser than the children of this life looking at brooks and bill i am reminded of another scripture the glory of young men is their strength and the beauty of old men is their gray hair and poor brooks--he is losing his beauty i have had a lot of experience with baptists before for a long time,Proverbs 20:29,The glory of young men is their strength: and the beauty of old men is the grey head.,0.8709607950748692,TRUE,,1.0
471,2686265627821128951,Remarks to Members of the Southern Baptist Christian Leadership Seminar.,Lyndon B. Johnson,1964-03-25,the children of this life looking at brooks and bill i am reminded of another scripture the glory of young men is their strength and the beauty of old men is their gray hair and poor brooks--he is losing his beauty i have had a lot of experience with baptists before for a long time,Proverbs 20:29,The glory of young men is their strength: and the beauty of old men is the grey head.,0.7648112369094463,TRUE,,0.8
478,2686265627821128951,Remarks to Members of the Southern Baptist Christian Leadership Seminar.,Lyndon B. Johnson,1964-03-25,to turn back the rising tide of human hope by sowing half-truths and untruths wherever they find root there are voices crying peace peace peace when there is no peace help us to answer them with truth and with action help us to pass this civil rights bill and establish a foundation upon which we,Jeremiah 6:14,"They have healed also the hurt of the daughter of my people slightly, saying, Peace, peace; when there is no peace.",0.1911482525466657,TRUE,,0.8
494,270192700328471794,Remarks at the National Prayer Breakfast,William J. Clinton,2000-02-03,with saint paul we all do what we would not and we do not do what we would that faith hope and charity abide but the greatest of these is charity that god says to all of us not just some i have redeemed you i have called you by your name you are mine,Romans 7:15,"For that which I do I allow not: for what I would, that do I not; but what I hate, that do I.",0.942733841754323,TRUE,,0.9
494,270192700328471794,Remarks at the National Prayer Breakfast,William J. Clinton,2000-02-03,with saint paul we all do what we would not and we do not do what we would that faith hope and charity abide but the greatest of these is charity that god says to all of us not just some i have redeemed you i have called you by your name you are mine,1 Corinthians 13:13,"And now abideth faith, hope, charity, these three; but the greatest of these is charity.",0.942733841754323,TRUE,,0.9
494,270192700328471794,Remarks at the National Prayer Breakfast,William J. Clinton,2000-02-03,with saint paul we all do what we would not and we do not do what we would that faith hope and charity abide but the greatest of these is charity that god says to all of us not just some i have redeemed you i have called you by your name you are mine,Isaiah 43:1,"But now thus saith the Lord that created thee, O Jacob, and he that formed thee, O Israel, Fear not: for I have redeemed thee, I have called thee by thy name; thou art mine.",0.942733841754323,TRUE,,0.9
585,2787494302554428341,Remarks at a White House Ceremony in Observance of National Day of Prayer,Ronald Reagan,1982-05-06,creator who alone has the power to bless america one of my favorite passages in the bible is the promise god gives us in second chronicles if my people which are called by my name shall humble themselves and pray and seek my face and turn from their wicked ways then will i hear from heaven and will forgive their sin and will heal their land that promise is the hope of america and of all our people because of my faith in that promise i'm particularly pleased to be,2 Chronicles 7:14,"If my people, which are called by my name, shall humble themselves, and pray, and seek my face, and turn from their wicked ways; then will I hear from heaven, and will forgive their sin, and will heal their land.",0.5086584844335788,TRUE,,0.95
616,2817857657662701342,Remarks on Signing the Juneteenth National Independence Day Act,"Joseph R. Biden, Jr.",2021-06-17,repeat some of what was said-that became known as juneteenth you all know that a day that reflects what the psalm tell us weeping may endure for a night but joy cometh in the morning juneteenth marks both the long hard night of slavery and subjugation and a promise of a brighter morning to come this is a day of,Psalms 30:5,"For his anger endureth but a moment; in his favour is life: weeping may endure for a night, but joy cometh in the morning.",0.9545837272567678,TRUE,,1.0
696,2891304090518528041,"Address at Harrisburg, Pa.",Franklin D. Roosevelt,1936-10-29,to utter pious hopes for the bottom twelve years of that brought the inevitable crash when we came to washington in 1933 it was our fundamental belief that faith without works is dead we acted-not for a few of us but for all of us that program worked but i am very much afraid that the republican leadership is still,James 2:20,"But wilt thou know, O vain man, that faith without works is dead?",0.4137770338184364,TRUE,,0.9
719,2919506472156332156,Christmas Pageant of Peace Remarks on Lighting the National Community Christmas Tree,Jimmy Carter,1978-12-14,fruitful and to building instead of preparing to destroy the prophet isaiah who wrote about ancient wars between israel and her neighbors tells us that the work of righteousness is peace the united states has tried this year to help other nations find peace we have succeeded in several troubled areas in getting people to,James 3:18,And the fruit of righteousness is sown in peace of them that make peace.,0.6885702516438907,TRUE,,0.9
721,2919506472156332156,Christmas Pageant of Peace Remarks on Lighting the National Community Christmas Tree,Jimmy Carter,1978-12-14,and then we will truly be able to say in our hearts for the fulfillment of the ancient promise of peace on earth good will toward men the evergreen tree that we use at christmas is a symbol of eternal life and also of the perpetual renewal of life as,Luke 2:14,"Glory to God in the highest, and on earth peace, good will toward men.",0.933973991885644,TRUE,,0.9
734,2925684799717216265,"Remarks at a Meeting With Amish and Mennonite Leaders in Lancaster, Pennsylvania",George Bush,1989-03-22,hope the people will stand to you years ago israel had a good king solomon the lord spoke to the people my people that are called by my name humble themselves and pray and seek my face and confess and turn away from their sins them i will hear from in heaven and heal their name i think a great,2 Chronicles 7:14,"If my people, which are called by my name, shall humble themselves, and pray, and seek my face, and turn from their wicked ways; then will I hear from heaven, and will forgive their sin, and will heal their land.",0.9243473469498202,TRUE,,0.9
748,2943258184369641769,Remarks at the Lighting of the Nation's Christmas Tree,Lyndon B. Johnson,1963-12-22,troubled year in our nation's history a great president franklin d roosevelt said to his countrymen to more and more of us the words thou shalt love thy neighbor as thyself have taken on a meaning that is showing itself and proving itself in our purposes and in our daily lives i believe that this,James 2:8,"If ye fulfil the royal law according to the scripture, Thou shalt love thy neighbour as thyself, ye do well:",0.1126694292387177,TRUE,,0.9
749,2943258184369641769,Remarks at the Lighting of the Nation's Christmas Tree,Lyndon B. Johnson,1963-12-22,troubled year in our nation's history a great president franklin d roosevelt said to his countrymen to more and more of us the words thou shalt love thy neighbor as thyself have taken on a meaning that is showing itself and proving itself in our purposes and in our daily lives i believe that this,Mark 12:31,"And the second is like, namely this, Thou shalt love thy neighbour as thyself. There is none other commandment greater than these.",0.5560036961894478,TRUE,,0.9
750,2943258184369641769,Remarks at the Lighting of the Nation's Christmas Tree,Lyndon B. Johnson,1963-12-22,troubled year in our nation's history a great president franklin d roosevelt said to his countrymen to more and more of us the words thou shalt love thy neighbor as thyself have taken on a meaning that is showing itself and proving itself in our purposes and in our daily lives i believe that this,Matthew 19:19,"Honour thy father and thy mother: and, Thou shalt love thy neighbour as thyself.",0.867431726783893,TRUE,,0.9
751,2943258184369641769,Remarks at the Lighting of the Nation's Christmas Tree,Lyndon B. Johnson,1963-12-22,troubled year in our nation's history a great president franklin d roosevelt said to his countrymen to more and more of us the words thou shalt love thy neighbor as thyself have taken on a meaning that is showing itself and proving itself in our purposes and in our daily lives i believe that this,Matthew 22:39,"And the second is like unto it, Thou shalt love thy neighbour as thyself.",0.7019326249854771,TRUE,,0.9
761,2948913629227991437,Remarks in Athens at Ohio University,Lyndon B. Johnson,1964-05-07,all of our people we must end open bias and active bigotry and above all else we must help to bring about a day when nation shall not lift up sword against nation neither shall they learn war any more not in a day and not in a year will these goals be reached but if we begin the effort if we approach the task,Isaiah 2:4,"And he shall judge among the nations, and shall rebuke many people: and they shall beat their swords into plowshares, and their spears into pruninghooks: nation shall not lift up sword against nation, neither shall they learn war any more.",0.8447622341375037,TRUE,,0.95
762,2948913629227991437,Remarks in Athens at Ohio University,Lyndon B. Johnson,1964-05-07,all of our people we must end open bias and active bigotry and above all else we must help to bring about a day when nation shall not lift up sword against nation neither shall they learn war any more not in a day and not in a year will these goals be reached but if we begin the effort if we approach the task,Micah 4:3,"And he shall judge among many people, and rebuke strong nations afar off; and they shall beat their swords into plowshares, and their spears into pruninghooks: nation shall not lift up a sword against nation, neither shall they learn war any more.",0.8912785229817932,TRUE,,0.95
791,2976988657158138035,Radio and Television Statement Announcing the Settlement of the Railroad Dispute.,Lyndon B. Johnson,1964-04-22,and that the needs and the demands of the people's interest are understood and those needs and those demands come first for says the old testament he that keepeth understanding shall find good this is a good day for our country and our system of government now i take pride in presenting to you mr roy e davidson the grand,Proverbs 19:8,He that getteth wisdom loveth his own soul: he that keepeth understanding shall find good.,0.780201258346982,TRUE,,0.9
818,3006701914748830585,Remarks at the Welcoming Ceremony for Prime Minister Rajiv Gandhi of India,Ronald Reagan,1985-06-12,and its drive to greatness one of them abraham lincoln said that a nation cannot be half slave and half free and that a house divided against itself cannot stand the best minds of our age tell us that a world divided against itself cannot endure it should be the task of all of us who hold responsibility for other people's lives to recognize what life and its continuance demand,Mark 3:25,"And if a house be divided against itself, that house cannot stand.",0.971231086551434,TRUE,,1.0
830,3014010554309894242,Remarks in Cairo,Barack Obama,2009-06-04,one another the talmud tells us the whole of the torah is for the purpose of promoting peace the holy bible tells us blessed are the peacemakers for they shall be called sons of god the people of the world can live together in peace we know that is god's vision now that must be,Matthew 5:9,Blessed are the peacemakers: for they shall be called the children of God.,0.9887628796505604,TRUE,,1.0
854,303594044878599406,"Address and Remarks at the Baylor University Commencement Ceremonies, Waco, Texas.",Dwight D. Eisenhower,1956-05-25,to their fellow men in a world created for their stewardship by a god in whose image they are all made you have been taught here to do justice and to love mercy and to walk humbly before your maker even as you use every opportunity to better yourselves through the profession in which you,Micah 6:8,"He hath shewed thee, O man, what is good; and what doth the Lord require of thee, but to do justly, and to love mercy, and to walk humbly with thy God?",0.4923032371702848,TRUE,,0.9
869,3041001269395506896,Remarks to the American Medical Association National Leadership Conference,William J. Clinton,1998-03-09,to me is i'm a cardiologist take this golf club and stay in good shape laughter we're getting better at it but it is madness to strain at a gnat and swallow a camel and it happens over and over and over again there are no fewer than 500 stories that could come up in this audience right now within,Matthew 23:24,"Ye blind guides, which strain at a gnat, and swallow a camel.",0.9571040240460466,TRUE,,1.0
877,3045595799662537867,"Remarks at the Funeral of Prime Minister Yitzhak Rabin in Jerusalem, Israel",William J. Clinton,1995-11-06,righteous course as moses said to the children of israel when he knew he would not cross over into the promised land be strong and of good courage fear not for god will go with you he will not fail you he will not forsake you president weizman acting prime minister peres to all the people of israel as you stay the course of peace,Deuteronomy 31:6,"Be strong and of a good courage, fear not, nor be afraid of them: for the LORD thy God, he it is that doth go with thee; he will not fail thee, nor forsake thee.",0.8630417956303637,TRUE,,1.0
914,3089281247780091362,Remarks and a Discussion at the Closing Session of the Fiscal Responsibility Summit,Barack Obama,2009-02-23,to the minority and their--i think the answer lies in part--a couple weeks ago the minister in our church gave a sermon that was based on the parable of the sower--the sower of the seeds you may recall that in your--some of the seeds were sown in stony ground and rough ground and some of,Matthew 13:18,Hear ye therefore the parable of the sower.,0.5282165494644848,TRUE,,0.9
914,3089281247780091362,Remarks and a Discussion at the Closing Session of the Fiscal Responsibility Summit,Barack Obama,2009-02-23,our church gave a sermon that was based on the parable of the sower--the sower of the seeds you may recall that in your--some of the seeds were sown in stony ground and rough ground and some of the seeds were sown in places that had thorns some of the seeds were son in the--in shallow soil and nothing much came out of it but some of the seeds were sown in fertile soil and multiplied a hundredfold,Matthew 13:5,"And when the sun was up, they were scorched; and because they had no root, they withered away.",0.5282165494644848,TRUE,,0.9
914,3089281247780091362,Remarks and a Discussion at the Closing Session of the Fiscal Responsibility Summit,Barack Obama,2009-02-23,our church gave a sermon that was based on the parable of the sower--the sower of the seeds you may recall that in your--some of the seeds were sown in stony ground and rough ground and some of the seeds were sown in places that had thorns some of the seeds were son in the--in shallow soil and nothing much came out of it but some of the seeds were sown in fertile soil and multiplied a hundredfold,Matthew 13:8,"But other fell into good ground, and brought forth fruit, some an hundredfold, some sixtyfold, some thirtyfold.",0.5282165494644848,TRUE,,0.9
985,3147824746638423259,Secretary of Labor Remarks at the Swearing In of F. Ray Marshall.,Jimmy Carter,1977-01-27,confirmed and i think as griffin bell did yesterday in symbolizing his own administration by opening the steel doors you can use a bible verse that the last shall be first that's typical of what the labor department has to do i was quite interested in the attitude and competence and general thrust of the,Matthew 19:30,But many that are first shall be last; and the last shall be first.,0.5470102149630849,TRUE,,0.9
989,3150207763253136629,Remarks at the National Prayer Breakfast,William J. Clinton,1998-02-05,numerous to count or number so give your servant a discerning heart to govern your people and to distinguish between right and wrong for who is able to govern this great people of yours i also ask for your prayers as we work together to continue to take our country to higher ground and to,1 Kings 3:9,"Give therefore thy servant an understanding heart to judge thy people, that I may discern between good and bad: for who is able to judge this thy so great a people?",0.8821311487392363,TRUE,,0.95
1003,3163306328654787548,"Remarks During a Briefing on Response Efforts to Flooding in Eastern Kentucky in Lost Creek, Kentucky","Joseph R. Biden, Jr.",2022-08-08,the people of east kentucky shines through i'm reminded of the scripture that says we are oppressed but not crushed persecuted not abandoned struck down but not destroyed so the people of this region are doing yeoman's work in cleaning up reorganizing their lives all the while being helped by angels like in this room,2 Corinthians 4:9,"Persecuted, but not forsaken; cast down, but not destroyed;",0.899073531733351,TRUE,,0.95
1006,3167433820380468729,Remarks on the Courthouse Steps in Peoria,Lyndon B. Johnson,1964-10-07,to give any of those rights up working together republicans and independents and democrats alike we shall go forward to the greatest goal peace on earth good will toward men the road to peace is not an easy one it is fraught with many perils it has many side turns there are no short cuts,Luke 2:14,"Glory to God in the highest, and on earth peace, good will toward men.",0.9388166711001912,TRUE,,0.95
1036,3200147321676472146,Radio Address Opening the Community Chest Campaign.,Harry S Truman,1947-09-26,comfort our stricken neighbor whoever he may be spoke words as true today as when he uttered them more than nineteen hundred years ago inasmuch as ye have done it unto one of the least of these my brethren ye have done it unto me the red feather services supported by our gifts to the community chest benefit not one group of people--they benefit all of us for the plain,Matthew 25:40,"And the King shall answer and say unto them, Verily I say unto you, Inasmuch as ye have done it unto one of the least of these my brethren, ye have done it unto me.",0.984839558033336,TRUE,,1.0
1042,3206480658294301282,"Remarks at a ""My Brother's Keeper"" Initiative Town Hall Meeting and a Question-and-Answer Session at the Walker-Jones Education Campus",Barack Obama,2014-07-21,into it when i talk to young people who are thinking about parenthood or thinking about families i try to describe there is no greater joy than being in your children's lives and then seeing them turn out well seeing them happy and succeeding and focused and just being good,3 John 1:4,I have no greater joy than to hear that my children walk in truth.,0.6770632992620527,TRUE,,0.9
1048,3211632617539554250,"Address at Denton, Maryland",Franklin D. Roosevelt,1938-09-05,is trying to make the farmer forget that the people in the cities who like him labor for their daily bread are his own people flesh of his flesh and blood of his blood americans just like him this is my fourth visit to the eastern shore since 1933 perhaps more visits than any other,Matthew 6:11,Give us this day our daily bread.,0.3411896956829957,TRUE,,0.9
1069,3232414852238468378,Remarks at City Hall in Los Angeles,Lyndon B. Johnson,1964-10-28,all of our patience to the greatest undertaking in the world and what is that bringing the peoples of the earth together in enduring peace love thy neighbor as thyself do unto others as you would have them do unto you no matter how long it may take no matter how difficult it is this,Galatians 5:14,"For all the law is fulfilled in one word, even in this; Thou shalt love thy neighbour as thyself.",0.3795698896251188,TRUE,,0.7
1085,3261205543384472052,"Address on the One Hundredth Anniversary of the Virginia Military Institute. Lexington, Virginia.",Franklin D. Roosevelt,1939-11-11,the unknown soldier at arlington we as a nation like v.m.i are determined to pursue our way within the scriptural command not to remove the ancient landmarks which thy fathers have set and like our ancestors we work for peace we pray for peace and we arm for peace the whole history of v.m.i is,Proverbs 22:28,"Remove not the ancient landmark, which thy fathers have set.",0.2428792907260798,TRUE,,0.9
1108,3277670781046770875,Remarks at the National Museum of African American History and Culture,Donald J. Trump (1st Term),2017-02-21,luther king jr in 1955 he told the world we are determined to work and fight until justice runs down like water and righteousness like a mighty stream and that's what it's going to be we're going to bring this country together maybe bring some of the world together but we're going to bring this,Amos 5:24,"But let judgment run down as waters, and righteousness as a mighty stream.",0.2356886638285801,TRUE,,0.9
1157,3327609270476806449,Remarks to the 30th Biennial Greek Orthodox Church Clergy-Laity Congress,George Bush,1990-07-12,have often spoken of hope as a thousand points of light ablaze in the black sky and so i was struck by this conference's theme walk as children of light i noticed how this first began in ephesians for you were once darkness but now you are light eastern europe was once in dark bondage and now begins to see by the pale glow of a new dawn it's like,Ephesians 5:8,"For ye were sometimes darkness, but now are ye light in the Lord: walk as children of light:",0.9517711107582972,TRUE,,0.95
1173,3336814363972225393,Interview With Jerry Rankin of the Santa Barbara News-Press,Ronald Reagan,1985-02-13,president no no not at all q you don't feel out of touch at all the president i cite the passage and i look to the hills from whence cometh my strength the president's retirement plans q i assume that you and mrs reagan have given some thought to what happens in that glorious day,Psalms 121:1,"I will lift up mine eyes unto the hills, from whence cometh my help.",0.7871396628080599,TRUE,,0.95
1202,3369453142920616122,Remarks on Lighting the National Community Christmas Tree,Ronald Reagan,1983-12-15,of lebanon to the dmz in korea families maintaining a constant vigil for their missing in action and millions forbidden the freedom to worship a god who so loved the world that he gave us the birth of the christ child so that we might learn to love each other i know they would welcome your expressions of love and,John 3:16,"For God so loved the world, that he gave his only begotten Son, that whosoever believeth in him should not perish, but have everlasting life.",0.1404162218613135,TRUE,,0.9
1309,3453547710170590149,Remarks at the Presentation Ceremony for the Young American Medals for Bravery and Service,Ronald Reagan,1987-11-13,our land from the time the pilgrims first bowed their heads to thank the lord for his bounty to this day you only need eyes to see and ears to hear for there are signs of the love the courage the hope and the generosity of the american heart at every bend in every road,Deuteronomy 29:4,"Yet the LORD hath not given you an heart to perceive, and eyes to see, and ears to hear, unto this day.",0.950081000666012,TRUE,,0.9
1324,3467910654348973049,Remarks to the American Israel Public Affairs Committee Policy Conference,William J. Clinton,1996-04-28,and around the world we will not rest from these efforts until in the words of the psalm we shall not be afraid of the terror by night nor for the arrow that flies by day when i was in jerusalem last month i placed a small symbol of the extraordinary bond of solidarity between the united states and israel,Psalms 91:5,Thou shalt not be afraid for the terror by night; nor for the arrow that flieth by day;,0.9963341202994894,TRUE,,1.0
1375,3497953584880990276,Radio Address to the Nation on Education,Ronald Reagan,1983-04-30,and at the federal level we must make sure we have put our children first and that their education is a top priority train up a child in the way he should go solomon wrote and when he is old he will not depart from it well that's the god-given responsibility of each parent and the trust of every child it is a compact between generations we must be sure,Proverbs 22:6,"Train up a child in the way he should go: and when he is old, he will not depart from it.",0.9784580786946464,TRUE,,0.95
1404,3519669256688844629,Remarks Following Discussions With Pope John Paul II in Denver,William J. Clinton,1993-08-12,characterizes his work and i hope in due time will characterize the work that we are doing here the exhortation in st paul's letter to the galatians let us not grow weary while doing good for in due season we shall reap if we do not lose heart thank you your holiness for your heart and your efforts note the president spoke at 5:20 p.m at regis university william j,Galatians 6:9,"And let us not be weary in well doing: for in due season we shall reap, if we faint not.",0.9085037717300924,TRUE,,0.95
1405,3519796962187517397,Remarks at the White House Correspondents Dinner,William J. Clinton,1994-04-23,to have these dinners where we can laugh at ourselves and at one another to fulfill the admonition of proverbs that a happy heart doeth good like medicine and a broken spirit dryeth the bones sometimes i think we forget that and we can too easily get carried away with our honest differences doing our,Proverbs 17:22,A merry heart doeth good like a medicine: but a broken spirit drieth the bones.,0.973637626797009,TRUE,,0.95
1439,3566939876446791396,"Remarks at a ""Salute to President Johnson"" Dinner in Cleveland",Lyndon B. Johnson,1964-10-08,the leader of the world and the most important thing in the world is not this election the most important thing in the world is peace and good will toward men--that little five letter word p-e-a-c-e you don't get peace by rattling your rockets you don't get peace by threatening to drop your bombs you,Luke 2:14,"Glory to God in the highest, and on earth peace, good will toward men.",0.550668932733152,TRUE,,0.9
1442,357295289013220448,"Remarks at the Twelfth Annual Crime Stoppers International Conference in Louisville, Kentucky",George Bush,1991-10-02,"deserve the best toughest anticrime package that we can produce no more loopholes no more rolls of the dice no more delays listen to these words the land is full of bloody crimes and the city is full of violence the prophet ezekiel wrote that over 2,000 years ago the battle between good and evil still rages but our crime bill and your work your",Ezekiel 7:23,"Make a chain: for the land is full of bloody crimes, and the city is full of violence.",0.9660876467812902,TRUE,,0.95
1443,3572960600396021135,Remarks at the Young Leadership Conference of the United Jewish Appeal,Ronald Reagan,1984-03-12,has made significant headway in rebuilding our defenses and making america more secure perhaps you remember the 29th psalm in which king david said the lord will give strength to his people the lord will bless his people with peace well today america once again recognizes that peace and strength are inseparable but we've only begun to repair past damage make no mistake if we,Psalms 29:11,The LORD will give strength unto his people; the LORD will bless his people with peace.,0.9809748505799664,TRUE,,0.95
1447,3580260593837271153,Remarks Upon Lighting the National Community Christmas Tree,Harry S Truman,1952-12-24,a child was born in a stable a star hovered over drawing wise men from afar shepherds in a field heard angels singing glory to god in the highest and on earth peace good will toward men that was the first christmas and it was god's great gift to us this is a wonderful story year after year it brings,Luke 2:14,"Glory to God in the highest, and on earth peace, good will toward men.",0.9819951301077788,TRUE,,0.95
1448,3580260593837271153,Remarks Upon Lighting the National Community Christmas Tree,Harry S Truman,1952-12-24,peace and tranquility to troubled hearts in a troubled world and tonight the earth seems hushed as we turn to the old old story of how god so loved the world that he gave his only begotten son that whosoever believeth in him should not perish but have everlasting life tonight our hearts turn first of all to our brave men and women in korea they are fighting and suffering and even dying that we,John 3:16,"For God so loved the world, that he gave his only begotten Son, that whosoever believeth in him should not perish, but have everlasting life.",0.9546311889135036,TRUE,,0.9
1462,3580260593837271153,Remarks Upon Lighting the National Community Christmas Tree,Harry S Truman,1952-12-24,and women in korea and all our service men and women wherever they are--let us also pray for our enemies let us pray that the spirit of god shall enter their lives and prevail in their lands let us pray for a fulfillment of the brotherhood of man through jesus christ the world will yet,Romans 8:14,"For as many as are led by the Spirit of God, they are the sons of God.",0.9302495018992936,TRUE,,0.9
1464,3581349357708486844,"Remarks at the White House Conference on Faith-Based and Community Initiatives in Philadelphia, Pennsylvania",George W. Bush,2002-12-12,of compassion which is found here i'm honored to spend the time with you all i thank you for your interest in our country you love god with all your heart and all your soul and all your strength you love your neighbor and by the works that come from your faith you are building,Matthew 22:37,"Jesus said unto him, Thou shalt love the Lord thy God with all thy heart, and with all thy soul, and with all thy mind.",0.3627019093536507,TRUE,,0.8
1477,3593600874990056875,"Remarks at the Annual Convention of the National Association of Broadcasters in Atlanta, Georgia",George Bush,1990-04-02,nestled in the green hills along the rhine river and it was while i was there that i appreciated anew the biblical expression in the beginning was the word for it was in that german town that the inventor of the printing press johann gutenberg first put the scholarship of the ages into the hands,John 1:1,"In the beginning was the Word, and the Word was with God, and the Word was God.",0.644063855022339,TRUE,,0.9
1489,3604600377408117667,Commencement Address at the University of Pennsylvania.,Gerald R. Ford,1975-05-18,our defenses as a symbol of our undiminished devotion to peace and a lawful world--and we will finally perhaps more importantly we must declare again the brotherly love in which this great commonwealth was founded we must learn to trust one another and to help one another we must pledge anew to one another our,Romans 12:10,Be kindly affectioned one to another with brotherly love; in honour preferring one another;,0.8992528008562295,TRUE,,0.9
1497,3619833608540525711,Remarks on the 40th Anniversary of the Civil Rights Act of 1964,George W. Bush,2004-07-01,on the side of equality and as dr king reminded us we must not rest until the day when justice rolls down like waters and righteousness like a mighty stream i'm honored you all are here today we'll have a reception on the other side of this beautiful house thank you for coming may god,Amos 5:24,"But let judgment run down as waters, and righteousness as a mighty stream.",0.9343902543429468,TRUE,,0.95
1509,3629379607044447213,Remarks at the Republican Party of Florida Majority Dinner in Orlando,George W. Bush,2002-06-21,to achieving peace and at home-and at home i believe that out of the evil is coming incredible good people say what can i do to help you can love your neighbor like you'd like to be loved yourself if you want to fight evil do some good you see it's the million acts of,Matthew 22:39,"And the second is like unto it, Thou shalt love thy neighbour as thyself.",0.7757950965962314,TRUE,,0.8
1518,3636144921672186704,"Toasts at a Dinner Honoring President Carter in Jerusalem, Israel",Jimmy Carter,1979-03-11,the entire world a man needs profound faith and constant prayer it is our profound conviction mr president that you have within you that fountain of living waters from which you can draw a never-failing source of inner faith by your side is your devoted helpmate a loyal partner in your joys and sorrow in,Jeremiah 2:13,"For my people have committed two evils; they have forsaken me the fountain of living waters, and hewed them out cisterns, broken cisterns, that can hold no water.",0.1137762900404891,TRUE,,0.8
1523,3643440283482471438,"Address in Wilmington, Delaware Accepting Election as the 46th President of the United States","Joseph R. Biden, Jr.",2020-11-07,opponents as our enemies they are not our enemies they are americans they're americans the bible tells us to everything there is a season a time to build a time to reap and a time to sow and a time to heal this is the time to heal in america now this campaign is over what is the will of the people what is our mandate i believe it's this america has called upon us,Ecclesiastes 3:1,"To every thing there is a season, and a time to every purpose under the heaven:",0.2493560547605206,TRUE,,0.9
1523,3643440283482471438,"Address in Wilmington, Delaware Accepting Election as the 46th President of the United States","Joseph R. Biden, Jr.",2020-11-07,opponents as our enemies they are not our enemies they are americans they're americans the bible tells us to everything there is a season a time to build a time to reap and a time to sow and a time to heal this is the time to heal in america now this campaign is over what is the will of the people what is our mandate i believe it's this america has called upon us,Ecclesiastes 3:3,"A time to kill, and a time to heal; a time to break down, and a time to build up;",0.2493560547605206,TRUE,,0.9
1533,3650294164554349470,Remarks at the Annual National Prayer Breakfast,Jimmy Carter,1979-01-18,believers in god have not lost our hope and will continue to be bold and later on in the same chapter of second corinthians he says where the spirit of the lord is there is freedom where the spirit of the lord is there is freedom there's no incompatibility between gentleness and boldness there's no incompatibility between the constraints and the shackles on our lives by standards prescribed by god on the one hand and the ultimate freedom that can come when the spirit of the lord is present note the president spoke at 8:52 a.m in the international ballroom at the washington hilton hotel the breakfast is sponsored by the united states senate and,2 Corinthians 3:17,"Now the Lord is that Spirit: and where the Spirit of the Lord is, there is liberty.",0.9281913587357066,TRUE,,0.9
6,3700030813931741703,"Remarks at the 100th Anniversary Luncheon of the Los Angeles County Bar Association in Los Angeles, California",Jimmy Carter,1978-05-04,the common law it comes from the roots of our western heritage with the prophet amos who said let justice roll down like waters and righteousness like an ever-flowing stream thank you very much note the president spoke at 12:13 p.m at the dorothy chandler pavilion of the los angeles,Amos 5:24,"But let judgment run down as waters, and righteousness as a mighty stream.",0.9108858050300008,TRUE,,0.95
85,3778537976532358967,Remarks at a Cabinet Meeting and an Exchange With Reporters,Donald J. Trump (1st Term),2019-07-16,our country is extraordinarily strong nobody can bring us down from the outside we can only do it from the inside and jesus said it a house divided against itself cannot stand these are the kind of efforts that i hope will be able to bring people together so thank you for this the president,Mark 3:25,"And if a house be divided against itself, that house cannot stand.",0.9311646459828582,TRUE,,0.95
185,3875211438328987129,Congressional Black Caucus Remarks at the Caucus' Annual Dinner.,Jimmy Carter,1978-09-30,signify very clearly what i want to talk about tonight this comes from the 25th chapter of matthew the words of jesus talking about a king then shall he say also unto them on the left hand depart from me ye cursed unto everlasting fire prepared for he devil and his angels for i was hungry and ye gave me no meat i was thirsty and ye gave me no drink i was a stranger,Matthew 25:41,"Then shall he say also unto them on the left hand, Depart from me, ye cursed, into everlasting fire, prepared for the devil and his angels:",0.967116019258328,TRUE,,0.95
189,3875211438328987129,Congressional Black Caucus Remarks at the Caucus' Annual Dinner.,Jimmy Carter,1978-09-30,king then shall he say also unto them on the left hand depart from me ye cursed unto everlasting fire prepared for he devil and his angels for i was hungry and ye gave me no meat i was thirsty and ye gave me no drink i was a stranger and ye took me not in i was naked and ye clothed me not and in prison and ye visited,Matthew 25:42,"For I was an hungred, and ye gave me no meat: I was thirsty, and ye gave me no drink:",0.664951481864642,TRUE,,0.8
191,3875211438328987129,Congressional Black Caucus Remarks at the Caucus' Annual Dinner.,Jimmy Carter,1978-09-30,prepared for he devil and his angels for i was hungry and ye gave me no meat i was thirsty and ye gave me no drink i was a stranger and ye took me not in i was naked and ye clothed me not and in prison and ye visited me not then shall they also answer him saying lord when saw we thee hungry or athirst or a stranger or naked or sick or,Matthew 25:43,"I was a stranger, and ye took me not in: naked, and ye clothed me not: sick, and in prison, and ye visited me not.",0.823039802510667,TRUE,,0.9
195,3875211438328987129,Congressional Black Caucus Remarks at the Caucus' Annual Dinner.,Jimmy Carter,1978-09-30,and ye gave me no drink i was a stranger and ye took me not in i was naked and ye clothed me not and in prison and ye visited me not then shall they also answer him saying lord when saw we thee hungry or athirst or a stranger or naked or sick or imprisoned and did not minister unto thee then shall he answer them saying verily i say unto you inasmuch as ye did it not unto one of the least of,Matthew 25:44,"Then shall they also answer him, saying, Lord, when saw we thee an hungred, or athirst, or a stranger, or naked, or sick, or in prison, and did not minister unto thee?",0.9626148012300076,TRUE,,0.95
198,3875211438328987129,Congressional Black Caucus Remarks at the Caucus' Annual Dinner.,Jimmy Carter,1978-09-30,also answer him saying lord when saw we thee hungry or athirst or a stranger or naked or sick or imprisoned and did not minister unto thee then shall he answer them saying verily i say unto you inasmuch as ye did it not unto one of the least of these ye did it not to me and these shall go away unto everlasting punishment but the righteous into life eternal the black caucus who serve in congress still in,Matthew 25:45,"Then shall he answer them, saying, Verily I say unto you, Inasmuch as ye did it not to one of the least of these, ye did it not to me.",0.950554345980982,TRUE,,0.95
210,3875211438328987129,Congressional Black Caucus Remarks at the Caucus' Annual Dinner.,Jimmy Carter,1978-09-30,say unto you inasmuch as ye did it not unto one of the least of these ye did it not to me and these shall go away unto everlasting punishment but the righteous into life eternal the black caucus who serve in congress still in the minority have been inspired to courageous action unity in the face of pressure tenacity,Matthew 25:46,And these shall go away into everlasting punishment: but the righteous into life eternal.,0.8546335903973994,TRUE,,0.95
222,3892370846828595333,"Remarks at the Annual Convention of the National Association of Evangelicals in Orlando, Florida",Ronald Reagan,1983-03-08,the powerful standing of your churches to denounce and isolate these hate groups in our midst the commandment given us is clear and simple thou shalt love thy neighbor as thyself but whatever sad episodes exist in our past any objective observer must hold a positive view of american history a history that has been,Mark 12:31,"And the second is like, namely this, Thou shalt love thy neighbour as thyself. There is none other commandment greater than these.",0.1663376138445689,TRUE,,0.9
223,3892370846828595333,"Remarks at the Annual Convention of the National Association of Evangelicals in Orlando, Florida",Ronald Reagan,1983-03-08,the powerful standing of your churches to denounce and isolate these hate groups in our midst the commandment given us is clear and simple thou shalt love thy neighbor as thyself but whatever sad episodes exist in our past any objective observer must hold a positive view of american history a history that has been,Matthew 19:19,"Honour thy father and thy mother: and, Thou shalt love thy neighbour as thyself.",0.1106838039871223,TRUE,,0.9
224,3892370846828595333,"Remarks at the Annual Convention of the National Association of Evangelicals in Orlando, Florida",Ronald Reagan,1983-03-08,the powerful standing of your churches to denounce and isolate these hate groups in our midst the commandment given us is clear and simple thou shalt love thy neighbor as thyself but whatever sad episodes exist in our past any objective observer must hold a positive view of american history a history that has been,Matthew 22:39,"And the second is like unto it, Thou shalt love thy neighbour as thyself.",0.1123675507101913,TRUE,,0.9
227,3892370846828595333,"Remarks at the Annual Convention of the National Association of Evangelicals in Orlando, Florida",Ronald Reagan,1983-03-08,spiritual and because it knows no limitation it must terrify and ultimately triumph over those who would enslave their fellow man for in the words of isaiah he giveth power to the faint and to them that have no might he increased strength but they that wait upon the lord shall renew their strength they shall mount up with wings as eagles they shall run,Isaiah 40:29,He giveth power to the faint; and to them that have no might he increaseth strength.,0.9646568405058136,TRUE,,0.9
228,3892370846828595333,"Remarks at the Annual Convention of the National Association of Evangelicals in Orlando, Florida",Ronald Reagan,1983-03-08,man for in the words of isaiah he giveth power to the faint and to them that have no might he increased strength but they that wait upon the lord shall renew their strength they shall mount up with wings as eagles they shall run and not be weary yes change your world one of our founding fathers thomas paine said we have it within our power to begin the world over again we can,Isaiah 40:31,"But they that wait upon the LORD shall renew their strength; they shall mount up with wings as eagles; they shall run, and not be weary; and they shall walk, and not faint.",0.9647749562529084,TRUE,,0.95
248,3905182250565969089,Remarks at an Easter Prayer Breakfast,Barack Obama,2013-04-05,walked and see what he saw are blessed moments and while i had been to jerusalem before where jesus healed the sick and cured the blind and embraced the least of these i also had a chance to go to the church of the nativity in bethlehem and those of,Matthew 21:14,And the blind and the lame came to him in the temple; and he healed them.,0.7908890877692077,TRUE,,0.9
254,3905182250565969089,Remarks at an Easter Prayer Breakfast,Barack Obama,2013-04-05,"who for 2,000 years have done the same thing giving thanks for the fact that as the book of romans tells us just as christ was raised from the dead through the glory of the father we too may live a new life i thought of the poor and the sick who seek comfort and the marginalized and the forsaken",Romans 6:4,"Therefore we are buried with him by baptism into death: that like as Christ was raised up from the dead by the glory of the Father, even so we also should walk in newness of life.",0.834181294679237,TRUE,,0.9
289,392710391430892602,Remarks to the National Association of Counties,William J. Clinton,1995-03-07,work must no longer be forgotten these dark days will be worth all they cost us if they teach us that our true destiny is not to be ministered unto but to minister to ourselves and our fellow men today we face different challenges but our job is much the same we have to keep the american dream alive for,Mark 10:45,"For even the Son of man came not to be ministered unto, but to minister, and to give his life a ransom for many.",0.3692192537805598,TRUE,,0.8
310,3943988087854082772,The President's Radio Address,George W. Bush,2008-03-22,given their lives for the cause of freedom these brave individuals have lived out the words of the gospel greater love has no man than this that a man lay down his life for his friends and our nation's fallen heroes live on in the memory of the nation they helped defend on easter we also honor americans who give,John 15:13,"Greater love hath no man than this, that a man lay down his life for his friends.",0.9526511636903492,TRUE,,0.95
318,3948922045898621993,Remarks at the Ethics and Public Policy Center Anniversary Dinner,Ronald Reagan,1986-11-18,reductions in intermediate-range missiles a ban on chemical weapons addressing conventional force imbalances america will go into those talks with the support of our allies and i hope the support of congress as well this should be a pillar of our new bipartisan consensus we will not give away in washington what we're negotiating over in geneva the hopes of too many ride with us to do that my friends it's written that three things abide faith hope and love faith hope and love are lamps that illuminate our civilization and may i say that i believe that their light particularly the light of hope is the greatest gift we can offer to those who live,1 Corinthians 13:13,"And now abideth faith, hope, charity, these three; but the greatest of these is charity.",0.8513704903084243,TRUE,,0.9
352,398250990785886466,Address by the President at a Luncheon Given in His Honor by President Lopez Matcos,John F. Kennedy,1962-06-29,has made us friends economics has made us partners and necessity has made us allies--in a vast alianza para el progreso those whom nature has so joined together let no man put asunder two great and independent nations united by hope instead of fear are bound to have matters on which we must consult together and we are equally bound,Mark 10:9,"What therefore God hath joined together, let not man put asunder.",0.9465867302032402,TRUE,,0.95
354,3984788192768287151,Remarks in Boca Raton at the Dedication of Florida Atlantic University,Lyndon B. Johnson,1964-10-25,for your colleagues for this community and for florida and for me it is always exciting to dedicate a new university the good book tells us that one generation passeth away and another generation cometh and if i speak with special feeling about this it is partly because i was a teacher once i like to think sometimes that i,Ecclesiastes 1:4,"One generation passeth away, and another generation cometh: but the earth abideth for ever.",0.8987509976936776,TRUE,,0.9
355,3984788192768287151,Remarks in Boca Raton at the Dedication of Florida Atlantic University,Lyndon B. Johnson,1964-10-25,gives you infinite opportunity the road ahead is as i must have implied not easy for a new university but i urge you to remember the admonition let us not be weary in well doing for in due season we shall reap the past is your teacher but it holds you in no bondage so i join you this evening in dedicating florida atlantic university,Galatians 6:9,"And let us not be weary in well doing: for in due season we shall reap, if we faint not.",0.5491995233027546,TRUE,,0.95
356,3984788192768287151,Remarks in Boca Raton at the Dedication of Florida Atlantic University,Lyndon B. Johnson,1964-10-25,road ahead is as i must have implied not easy for a new university but i urge you to remember the admonition let us not be weary in well doing for in due season we shall reap the past is your teacher but it holds you in no bondage so i join you this evening,2 Thessalonians 3:13,"But ye, brethren, be not weary in well doing.",0.8134979056276885,TRUE,,0.9
396,4021180539693460767,Remarks on Meeting the National Collegiate Athletic Association Men's and Women's Basketball Champions,George Bush,1991-04-22,under pressure that depth and quickness shooting intelligence poise and yes strength of character which embodies a champion in the good book it reads and a little child shall lead them well here the little child was tyler pat's kid a 6-month-old son and before the title game against virginia pat put him in a,Isaiah 11:6,"The wolf also shall dwell with the lamb, and the leopard shall lie down with the kid; and the calf and the young lion and the fatling together; and a little child shall lead them.",0.3060782451497536,TRUE,,0.8
420,4038407898584355144,Remarks at the Welcoming Ceremony for Prime Minister Menahem Begin of Israel,Ronald Reagan,1981-09-09,she will remain strong and secure and her special character of spirit genius and faith will prevail the prophet ezekiel spoke of a new age-when land that was desolate has become like the garden of eden and waste and ruined cities are now inhabited we saw how miraculously you transformed and made the desert bloom we see how despite dangers every day your families continue,Ezekiel 36:35,"And they shall say, This land that was desolate is become like the garden of Eden; and the waste and desolate and ruined cities are become fenced, and are inhabited.",0.2847569806970052,TRUE,,0.9
423,4038407898584355144,Remarks at the Welcoming Ceremony for Prime Minister Menahem Begin of Israel,Ronald Reagan,1981-09-09,together perhaps one day for all the people in the middle east there will be no more tears of grief only tears of salvation shalom shalom to him that is far off and to him that is near and again mr prime minister welcome to america the prime minister mr president my colleagues and i are grateful to you and to mrs reagan for your,Isaiah 57:19,"I create the fruit of the lips; Peace, peace to him that is far off, and to him that is near, saith the LORD; and I will heal him.",0.2558729120229126,TRUE,,0.8
429,4045057254507490605,Remarks in South Dakota Conceding the Presidential Election,George McGovern,1972-11-07,so let us play the proper role of the loyal opposition and let us play it in those familiar words from isaiah that i've quoted so frequently they that wait upon the lord shall renew their strength they shall mount up with wings as eagles they shall run and not be weary they shall walk and not fade god bless you george mcgovern remarks in south dakota conceding the presidential election,Isaiah 40:31,"But they that wait upon the LORD shall renew their strength; they shall mount up with wings as eagles; they shall run, and not be weary; and they shall walk, and not faint.",0.9294822313921296,TRUE,,0.9
455,4061904296190933765,"Remarks at a Memorial Service for Victims of the Shootings in Tucson, Arizona",Barack Obama,2011-01-12,our faith to yours that representative gabrielle giffords and the other living victims of this tragedy will pull through scripture tells us there is a river whose streams make glad the city of god the holy place where the most high dwells god is within her she will not fall god will help her at break of day on saturday,Psalms 46:4,"There is a river, the streams whereof shall make glad the city of God, the holy place of the tabernacles of the most High.",0.9792600632244144,TRUE,,0.95
455,4061904296190933765,"Remarks at a Memorial Service for Victims of the Shootings in Tucson, Arizona",Barack Obama,2011-01-12,our faith to yours that representative gabrielle giffords and the other living victims of this tragedy will pull through scripture tells us there is a river whose streams make glad the city of god the holy place where the most high dwells god is within her she will not fall god will help her at break of day on saturday,Psalms 46:5,"God is in the midst of her; she shall not be moved: God shall help her, and that right early.",0.9792600632244144,TRUE,,0.95
456,4061904296190933765,"Remarks at a Memorial Service for Victims of the Shootings in Tucson, Arizona",Barack Obama,2011-01-12,scripture tells us that there is evil in the world and that terrible things happen for reasons that defy human understanding in the words of job when i looked for light then came darkness bad things happen and we have to guard against simple explanations in the aftermath for the truth is none of us,Job 30:26,"When I looked for good, then evil came unto me: and when I waited for light, there came darkness.",0.9539250637871456,TRUE,,0.95
463,4071159776763063658,Remarks Upon Viewing New Mariner 4 Pictures From Mars.,Lyndon B. Johnson,1965-07-29,now because of what you have done our nation must live by its vision must live by its faith or we won't live at all and where there is no vision the people perish for 189 years generations of americans have had a vision and a faith that the world could somehow someday live in peace from 1776 to 1965,Proverbs 29:18,"Where there is no vision, the people perish: but he that keepeth the law, happy is he.",0.9236857153624658,TRUE,,0.9
490,4081121811171908845,World Jewish Congress Remarks at the Meeting of the General Council.,Jimmy Carter,1977-11-02,of my favorites--lines and words which no summary or paraphrase could possibly do justice it's from the fourth chapter and the first five verses but in the last days it shall come to pass that the mountain of the house of the lord shall be established in the top of the mountains and it shall be exalted above the hills and people shall flow into it and many nations shall come and say come and let us go up to the mountain of the lord and to the house of,Micah 4:1,"But in the last days it shall come to pass, that the mountain of the house of the LORD shall be established in the top of the mountains, and it shall be exalted above the hills; and people shall flow unto it.",0.9096119835767482,TRUE,,0.95
505,4081121811171908845,World Jewish Congress Remarks at the Meeting of the General Council.,Jimmy Carter,1977-11-02,established in the top of the mountains and it shall be exalted above the hills and people shall flow into it and many nations shall come and say come and let us go up to the mountain of the lord and to the house of the god of jacob and he will teach us of his ways and we will walk in his paths and the law shall go forth from zion and the word of the lord from jerusalem and he shall judge among many people and rebuke strong nations afar off and they shall beat their swords into plowshares and their spears into,Micah 4:2,"And many nations shall come, and say, Come, and let us go up to the mountain of the LORD, and to the house of the God of Jacob; and he will teach us of his ways, and we will walk in his paths: for the law shall go forth of Zion, and the word of the LORD from Jerusalem.",0.9511841448182952,TRUE,,0.95
519,4081121811171908845,World Jewish Congress Remarks at the Meeting of the General Council.,Jimmy Carter,1977-11-02,walk in his paths and the law shall go forth from zion and the word of the lord from jerusalem and he shall judge among many people and rebuke strong nations afar off and they shall beat their swords into plowshares and their spears into pruning hooks nation shall not lift up a sword against nation neither shall they learn war any more but they shall sit every man under his vine and under his fig tree and none shall make them afraid for the,Micah 4:3,"And he shall judge among many people, and rebuke strong nations afar off; and they shall beat their swords into plowshares, and their spears into pruninghooks: nation shall not lift up a sword against nation, neither shall they learn war any more.",0.8233806292161523,TRUE,,0.9
524,4081121811171908845,World Jewish Congress Remarks at the Meeting of the General Council.,Jimmy Carter,1977-11-02,plowshares and their spears into pruning hooks nation shall not lift up a sword against nation neither shall they learn war any more but they shall sit every man under his vine and under his fig tree and none shall make them afraid for the mouth of the lord of hosts hath spoken it for all people will walk every one in the name of his god but we will walk in the name of,Micah 4:4,But they shall sit every man under his vine and under his fig tree; and none shall make them afraid: for the mouth of the LORD of hosts hath spoken it.,0.978963861945331,TRUE,,0.95
527,4081121811171908845,World Jewish Congress Remarks at the Meeting of the General Council.,Jimmy Carter,1977-11-02,his vine and under his fig tree and none shall make them afraid for the mouth of the lord of hosts hath spoken it for all people will walk every one in the name of his god but we will walk in the name of the lord our god for ever and ever however we may falter however difficult the path it is our duty to walk together toward the fulfillment of this majestic prophesy,Micah 4:5,"For all people will walk every one in the name of his god, and we will walk in the name of the LORD our God for ever and ever.",0.6764081465278213,TRUE,,0.9
544,4103221725429317534,Remarks at the National Defense University on Signing the Department of Veterans Affairs Act,Ronald Reagan,1988-10-25,small nation and let us pray that for the cause of freedom it shall always be said in the words of the psalms the lord shall preserve thy going out and coming in from this time forth and even forever more well i thank you and god bless you but i have a few words i have to say?something else near and dear to my,Psalms 121:8,"The LORD shall preserve thy going out and thy coming in from this time forth, and even for evermore.",0.9725792375854432,TRUE,,1.0
554,4105861451822160524,Remarks Celebrating the 160th Anniversary of the Metropolitan African Methodist Episcopal Church,William J. Clinton,1998-10-23,people they are the victories we win for our common humanity as children of god so this was a victory for the peace exodus says that if thou shalt do as god command thee the people shall go to their place in peace the koran says they shall not hear therein any vain discourse but only peace a couple of years ago i almost gave a sermon at one of,Exodus 18:23,"If thou shalt do this thing, and God command thee so, then thou shalt be able to endure, and all this people shall also go to their place in peace.",0.909440274859206,TRUE,,0.95
555,4105861451822160524,Remarks Celebrating the 160th Anniversary of the Metropolitan African Methodist Episcopal Church,William J. Clinton,1998-10-23,a sermon at one of my state of the unions because i took the theme from the 12th verse of the 58th chapter of isaiah they that shall be of thee shall build up the old waste places thou shalt raise up the foundations of many generations thou shalt be called the repairer of the breach the restorer of paths to dwell in that is the work in which we have been involved but every good work is that kind of work i thank god,Isaiah 58:12,"And they that shall be of thee shall build the old waste places: thou shalt raise up the foundations of many generations; and thou shalt be called, The repairer of the breach, The restorer of paths to dwell in.",0.8664850932672742,TRUE,,0.9
558,4105861451822160524,Remarks Celebrating the 160th Anniversary of the Metropolitan African Methodist Episcopal Church,William J. Clinton,1998-10-23,verse of the sixth chapter of st paul's letter to the galatians and he mentioned it to me tonight because of the middle east peace talks let us not grow weary in doing good for in due season we shall reap if we do not lose heart after about 30 hours i was beginning to lose the admonition of the scripture laughter but what is it that gives people the,Galatians 6:9,"And let us not be weary in well doing: for in due season we shall reap, if we faint not.",0.9550921910439388,TRUE,,1.0
565,4105861451822160524,Remarks Celebrating the 160th Anniversary of the Metropolitan African Methodist Episcopal Church,William J. Clinton,1998-10-23,not only in our god but in what our country is and what it can become we walk by faith and not by sight the assurance of things hoped for the conviction of things unseen what a dreary world it would be if we had only to live with what was before us if we,Hebrews 11:1,"Now faith is the substance of things hoped for, the evidence of things not seen.",0.1227673139624966,TRUE,,0.9
566,4105861451822160524,Remarks Celebrating the 160th Anniversary of the Metropolitan African Methodist Episcopal Church,William J. Clinton,1998-10-23,wouldn't have happened because it wasn't rational when we started or when we are defeated but we do not quit even more importantly we walk by faith not by sight and so i came here to thank you for 160 years of that gift of faith that without regard to the color of our skin,2 Corinthians 5:7,"(For we walk by faith, not by sight:)",0.8052493522212927,TRUE,,1.0
567,4105861451822160524,Remarks Celebrating the 160th Anniversary of the Metropolitan African Methodist Episcopal Church,William J. Clinton,1998-10-23,are all children of god one of my favorite verses is the first verse in isaiah 43 because it is the promise of faith fear not for i have redeemed thee i have called thee by thy name thou art mine when you believe that there's nothing you can't do and if you don't do what you want to do then you know god may,Isaiah 43:1,"But now thus saith the LORD that created thee, O Jacob, and he that formed thee, O Israel, Fear not: for I have redeemed thee, I have called thee by thy name; thou art mine.",0.905412710734736,TRUE,,1.0
614,4143325704718955722,"Remarks at the National Reactor Testing Station, Arco, Idaho.",Lyndon B. Johnson,1966-08-26,of panama charles consulted his advisers and then rejected the recommendation because as he later explained it would be a violation of the biblical injunction what god hath joined together let no man put asunder i have often wondered what king charles would have said if faced with the decision to split the atom for in that act was not,Mark 10:9,"What therefore God hath joined together, let not man put asunder.",0.9069958997873148,TRUE,,0.9
628,4159329495723145060,Address in Philadelphia at the Dedication of the Chapel of the Four Chaplains.,Harry S Truman,1951-02-03,saved those four chaplains actually carried out the moral code which we are all supposed to live by they obeyed the divine commandment that men should love one another they really lived up to the moral standard that declares greater love hath no man than this that a man lay down his life for his,1 John 3:11,"For this is the message that ye heard from the beginning, that we should love one another.",0.6675171195910944,TRUE,,0.9
629,4159329495723145060,Address in Philadelphia at the Dedication of the Chapel of the Four Chaplains.,Harry S Truman,1951-02-03,saved those four chaplains actually carried out the moral code which we are all supposed to live by they obeyed the divine commandment that men should love one another they really lived up to the moral standard that declares greater love hath no man than this that a man lay down his life for his,John 15:17,"These things I command you, that ye love one another.",0.5151966227335812,TRUE,,0.8
631,4159329495723145060,Address in Philadelphia at the Dedication of the Chapel of the Four Chaplains.,Harry S Truman,1951-02-03,to live by they obeyed the divine commandment that men should love one another they really lived up to the moral standard that declares greater love hath no man than this that a man lay down his life for his friends they were not afraid of death because they knew that the word of god is stronger than death their belief their faith in his,John 15:13,"Greater love hath no man than this, that a man lay down his life for his friends.",0.9868563848155598,TRUE,,1.0
709,4237906429602862266,"Remarks at the Simon Wiesenthal Center Dinner in Los Angeles, California",George Bush,1991-06-16,cup of elijah is filled as he just said with wine and with the promise of redemption i know the verse that says elijah shall turn the heart of the parents to the children and the heart of the children to their parents i really hope that this symbolic gift can challenge us to do the same to reclaim our soul through the love of,Malachi 4:6,"And he shall turn the heart of the fathers to the children, and the heart of the children to their fathers, lest I come and smite the earth with a curse.",0.2755908750960907,TRUE,,0.9
715,4238821993671774660,Address at the University of Maine,John F. Kennedy,1963-10-19,the soviets and ourselves can be quickly and satisfactorily settled and that we shall now have in the words of the psalmist an abundance of peace so long as the moon endureth the fact of the matter is of course that neither view is correct we have it is true made some progress on a,Psalms 72:7,In his days shall the righteous flourish; and abundance of peace so long as the moon endureth.,0.917438428425003,TRUE,,0.9
729,4267255301237163912,"Remarks at a Spirit of America Rally in Atlanta, Georgia",Ronald Reagan,1984-01-26,them feeling worse off than before but we're seeing a new dawn of hope for our people as the passage says in psalms weeping may endure for a night but joy cometh in the morning from solid growth in housing to new frontiers in high technology from a healthy recovery in real wages to a big improvement in productivity and,Psalms 30:5,"For his anger endureth but a moment; in his favour is life: weeping may endure for a night, but joy cometh in the morning.",0.975126002400408,TRUE,,0.95
738,4272684556113502381,Remarks at the Annual Congressional Breakfast of the National Religious Broadcasters.,Gerald R. Ford,1975-01-28,have stuck with me all my life when i took the oath of office as president the bible was opened at this passage trust in the lord with all thine heart and lean not unto thine own understanding in all thy ways acknowledge him and he shall direct thy paths that is what i have tried to do and will try to do as your,Proverbs 3:5,Trust in the LORD with all thine heart; and lean not unto thine own understanding.,0.9281068309862568,TRUE,,1.0
741,4272684556113502381,Remarks at the Annual Congressional Breakfast of the National Religious Broadcasters.,Gerald R. Ford,1975-01-28,president the bible was opened at this passage trust in the lord with all thine heart and lean not unto thine own understanding in all thy ways acknowledge him and he shall direct thy paths that is what i have tried to do and will try to do as your president i think it does no violence to the separation,Proverbs 3:6,"In all thy ways acknowledge him, and he shall direct thy paths.",0.9964338219716692,TRUE,,1.0
761,4302085505878712599,National Religious Broadcasters Remarks at the Association's Annual Convention.,Jimmy Carter,1980-01-21,the tremendous responsibilities that i had in 1976 this year i'm going to let you spend your full time explaining what it means to be born again laughter almost exactly 3 years ago i took the oath of office as president of the united states of america it was a,John 3:7,"Marvel not that I said unto thee, Ye must be born again.",0.2635124802038769,TRUE,,0.9
764,4302085505878712599,National Religious Broadcasters Remarks at the Association's Annual Convention.,Jimmy Carter,1980-01-21,and to turn aside from our principles and ideals when the pressures of everyday life bear heavy on us we often are like the children of israel who were delivered from egypt and provided manna every day by god but who complained about the discipline and who coveted the fish and the melons that they had left behind in egypt while forgetting the slavery like the children of israel we cannot always know where the road will lead god does give us guidance but he does not provide roadmaps with a sure and certain destination,Exodus 16:15,"And when the children of Israel saw it, they said one to another, It is manna: for they wist not what it was. And Moses said unto them, This is the bread which the Lord hath given you to eat.",0.6945809303940782,TRUE,,0.9
768,4302085505878712599,National Religious Broadcasters Remarks at the Association's Annual Convention.,Jimmy Carter,1980-01-21,true message since i've been in washington i've come to learn much more clearly what paul meant when he said that we should pray without ceasing i do pray a lot every day as i move from one event to another as i wait for a new foreign leader or,1 Thessalonians 5:17,Pray without ceasing.,0.9252003932785836,TRUE,,1.0
773,4302085505878712599,National Religious Broadcasters Remarks at the Association's Annual Convention.,Jimmy Carter,1980-01-21,as president i often think about the story of moses at rephaim which you know very well the children of israel were murmuring against moses and as soon as he would solve one problem another one would arise then as you know amalek attacked and while joshua led israel's soldiers,Exodus 16:2,And the whole congregation of the children of Israel murmured against Moses and Aaron in the wilderness:,0.1823702108416425,TRUE,,0.9
774,4302085505878712599,National Religious Broadcasters Remarks at the Association's Annual Convention.,Jimmy Carter,1980-01-21,you know amalek attacked and while joshua led israel's soldiers moses stood on a high hill and under god's direction as long as moses held up his hands the israelites prevailed and when he let his hands down amalek prevailed against them they fought on all through the day and moses arms grew weary and then late in the afternoon aaron and hur got stones and they came and one stood on each side and they held up his arms and moses hands were steady until sundown and the israelites prevailed no matter how strong his will no matter how strong his desire a president,Exodus 17:11,"And it came to pass, when Moses held up his hand, that Israel prevailed: and when he let down his hand, Amalek prevailed.",0.9952705867507666,TRUE,,1.0
775,4302085505878712599,National Religious Broadcasters Remarks at the Association's Annual Convention.,Jimmy Carter,1980-01-21,you know amalek attacked and while joshua led israel's soldiers moses stood on a high hill and under god's direction as long as moses held up his hands the israelites prevailed and when he let his hands down amalek prevailed against them they fought on all through the day and moses arms grew weary and then late in the afternoon aaron and hur got stones and they came and one stood on each side and they held up his arms and moses hands were steady until sundown and the israelites prevailed no matter how strong his will no matter how strong his desire a president cannot carry out his responsibilities,Exodus 17:12,"But Moses' hands were heavy; and they took a stone, and put it under him, and he sat thereon; and Aaron and Hur stayed up his hands, the one on the one side, and the other on the other side; and his hands were steady until the going down of the sun.",0.9372899993121504,TRUE,,0.95
807,4328933742198834021,Remarks on Presenting Posthumously the Congressional Medal of Honor to Captain Emil J. Kapaun,Barack Obama,2013-04-11,of honor to father kapaun's nephew ray i want to leave you with the words of that psalm which sustained these men all those years ago even though i walk in the valley of the shadow of death i will fear no evil for you are with me your rod and your staff they comfort me you prepare a table for me in the presence of my enemies you anoint my head with oil my cup overflows surely your goodness,Psalms 23:4,"Yea, though I walk through the valley of the shadow of death, I will fear no evil: for thou art with me; thy rod and thy staff they comfort me.",0.9925294848357792,TRUE,,1.0
809,4328933742198834021,Remarks on Presenting Posthumously the Congressional Medal of Honor to Captain Emil J. Kapaun,Barack Obama,2013-04-11,shadow of death i will fear no evil for you are with me your rod and your staff they comfort me you prepare a table for me in the presence of my enemies you anoint my head with oil my cup overflows surely your goodness and love will follow me all the days of my life and i will dwell in the house of the,Psalms 23:5,Thou preparest a table before me in the presence of mine enemies: thou anointest my head with oil; my cup runneth over.,0.9212079814354304,TRUE,,0.9
810,4328933742198834021,Remarks on Presenting Posthumously the Congressional Medal of Honor to Captain Emil J. Kapaun,Barack Obama,2013-04-11,for me in the presence of my enemies you anoint my head with oil my cup overflows surely your goodness and love will follow me all the days of my life and i will dwell in the house of the lord forever ray would you please join me on stage for the reading of the citation at this point lt cmdr tiffany hill usn navy,Psalms 23:6,Surely goodness and mercy shall follow me all the days of my life: and I will dwell in the house of the LORD for ever.,0.8672232964194553,TRUE,,0.9
831,4352390752970120775,"Remarks to the Progressive National Baptist Convention in Charlotte, North Carolina",William J. Clinton,1995-08-09,countless hours of my life in baptist church choirs i do know what i am talking about laughter i can't believe i said that laughter a happy heart doeth good like medicine laughter i do believe as strongly as i can say that we have to fight for common ground instead of fight to tear,Proverbs 17:22,A merry heart doeth good like a medicine: but a broken spirit drieth the bones.,0.1316063283315766,TRUE,,1.0
832,4352390752970120775,"Remarks to the Progressive National Baptist Convention in Charlotte, North Carolina",William J. Clinton,1995-08-09,ever come up with an appropriate adequate substitute jesus said let the little children come to me and do not hinder them for to such belongs the kingdom of heaven when they come what do you do luke 11 if a child asks for bread would you give him a stone if he asks for,Matthew 19:14,"But Jesus said, Suffer little children, and forbid them not, to come unto me: for of such is the kingdom of heaven.",0.9270732659007426,TRUE,,1.0
838,4352390752970120775,"Remarks to the Progressive National Baptist Convention in Charlotte, North Carolina",William J. Clinton,1995-08-09,belongs the kingdom of heaven when they come what do you do luke 11 if a child asks for bread would you give him a stone if he asks for a fish would you give him a serpent if he asks for an egg would you give him a scorpion that's what the kids of this country are being given a whole lot of them look at violence every 2 hours in this country a,Matthew 7:9,"Or what man is there of you, whom if his son ask bread, will he give him a stone?",0.9530884032904088,TRUE,,0.9
839,4352390752970120775,"Remarks to the Progressive National Baptist Convention in Charlotte, North Carolina",William J. Clinton,1995-08-09,when they come what do you do luke 11 if a child asks for bread would you give him a stone if he asks for a fish would you give him a serpent if he asks for an egg would you give him a scorpion that's what the kids of this country are being given a whole lot of them look at violence every 2 hours in this country a,Matthew 7:10,"Or if he ask a fish, will he give him a serpent?",0.9075938696639422,TRUE,,0.95
854,4358545777510762750,Remarks at the Swearing In of Walter J. Hickel as Secretary of the Interior.,Richard Nixon,1969-01-24,than i has been the subject of the herblock cartoons i am grateful for that so if i may present him now with the biblical scripture the last shall be first as far as this administration is concerned secretary hickel note the president spoke at 10 a.m in the east room at the white house,Matthew 19:30,But many that are first shall be last; and the last shall be first.,0.8829208394210483,TRUE,,1.0
855,4362930774373436987,Remarks at the Opening Session of the Ministerial Meeting of the North Atlantic Council.,Dwight D. Eisenhower,1959-04-02,of the strength that could realize a particular passage of the bible that comes to mind was still to be realized that passage in st luke says when a strong man armed keepeth his palace his goods are in peace that was what we had to do to the members of the armed services and to the governments then i had one simple message it,Luke 11:21,"When a strong man armed keepeth his palace, his goods are in peace:",0.9852309593593078,TRUE,,1.0
866,4371503162982472922,Remarks at the National Prayer Breakfast,William J. Clinton,1997-02-06,to anyone if possible so far as it depends upon you be at peace with all men never take your own vengeance if your enemy is hungry feed him if he is thirsty give him a drink do not be overcome by evil but overcome evil with good pray for the people in public office,Romans 12:20,"Therefore if thine enemy hunger, feed him; if he thirst, give him drink: for in so doing thou shalt heap coals of fire on his head.",0.6415073822865572,TRUE,,0.9
868,4371503162982472922,Remarks at the National Prayer Breakfast,William J. Clinton,1997-02-06,all men never take your own vengeance if your enemy is hungry feed him if he is thirsty give him a drink do not be overcome by evil but overcome evil with good pray for the people in public office that we can rid ourselves of this toxic atmosphere of cynicism and embrace with joy and gratitude this phenomenal opportunity,Romans 12:21,"Be not overcome of evil, but overcome evil with good.",0.9802770076154864,TRUE,,1.0
888,4389099524945842946,Videotaped Remarks on the Observance of Rosh Hashanah,Barack Obama,2010-09-07,the goal we share two states israel and palestine living side by side in peace and security the scripture teaches us that there is a time to love and a time to hate a time for war and a time for peace in this season of repentance and renewal let us commit ourselves to a more hopeful future michelle and i wish all who celebrate,Ecclesiastes 3:8,"A time to love, and a time to hate; a time of war, and a time of peace.",0.9600817371254192,TRUE,,0.95
896,4396882464986222304,Remarks on the National Economy,Barack Obama,2009-04-14,"his house on a pile of sand and it was soon destroyed when a storm hit but the second is known as the wise man for when the rain descended and the floods came and the winds blew and beat upon that house it fell not for it was founded upon a rock""--it was founded upon a rock we cannot rebuild this economy on the same pile of sand we must build our house upon a rock we must lay a new foundation for growth and prosperity a foundation that will move us from an era of borrow and spend",Matthew 7:25,"And the rain descended, and the floods came, and the winds blew, and beat upon that house; and it fell not: for it was founded upon a rock.",0.8998431839722668,TRUE,,1.0
898,4396882464986222304,Remarks on the National Economy,Barack Obama,2009-04-14,"hit but the second is known as the wise man for when the rain descended and the floods came and the winds blew and beat upon that house it fell not for it was founded upon a rock""--it was founded upon a rock we cannot rebuild this economy on the same pile of sand we must build our house upon a rock we must lay a new foundation for growth and prosperity a foundation that will move us from an era of borrow and spend",Luke 6:48,"He is like a man which built an house, and digged deep, and laid the foundation on a rock: and when the flood arose, the stream beat vehemently upon that house, and could not shake it: for it was founded upon a rock.",0.9293853042379616,TRUE,,1.0
908,4405343790896292048,Remarks at the Veterans Day Wreath-Laying Ceremony at Arlington National Cemetery,Ronald Reagan,1985-11-11,pray for god's help in broadening and deepening the peace we enjoy let us pray for freedom and justice and a more stable world and let us make a compact today with the dead a promise in the words for which general ridgeway listened i will not fail thee nor forsake thee in memory of,Joshua 1:5,"There shall not any man be able to stand before thee all the days of thy life: as I was with Moses, so I will be with thee: I will not fail thee, nor forsake thee.",0.6126427538700958,TRUE,,0.9
926,4423478679109651928,Remarks at the National Prayer Breakfast,Barack Obama,2012-02-02,know that far too many neighbors in our country have been hurt and treated unfairly over the last few years and i believe in god's command to love thy neighbor as thyself i know that a version of that golden rule is found in every major religion and every set of beliefs from hinduism to,Matthew 19:19,"Honour thy father and thy mother: and, Thou shalt love thy neighbour as thyself.",0.9194380726689864,TRUE,,0.95
928,4423478679109651928,Remarks at the National Prayer Breakfast,Barack Obama,2012-02-02,truly find voice in our politics and our policies unless they find a place in our hearts the bible teaches us to be doers of the word and not merely hearers we're required to have a living breathing active faith in our own lives and each of us is called on to give something of,James 1:22,"But be ye doers of the word, and not hearers only, deceiving your own selves.",0.9854469938981222,TRUE,,0.95
930,4423478679109651928,Remarks at the National Prayer Breakfast,Barack Obama,2012-02-02,important as government policy may be in shaping our world we are reminded that it's the cumulative acts of kindness and courage and charity and love it's the respect we show each other and the generosity that we share with each other that in our everyday lives will somehow sustain us during these challenging times john tells us that if anyone has material possessions and sees his brother in need but has no pity on him how can the love of god be in him dear children let us not love with words or tongue but with actions and in truth mark read a letter from billy graham and it took me back to one of the great honors of,1 John 3:17,"But whoso hath this world's good, and seeth his brother have need, and shutteth up his bowels of compassion from him, how dwelleth the love of God in him?",0.6548415629818419,TRUE,,0.9
931,4423478679109651928,Remarks at the National Prayer Breakfast,Barack Obama,2012-02-02,anyone has material possessions and sees his brother in need but has no pity on him how can the love of god be in him dear children let us not love with words or tongue but with actions and in truth mark read a letter from billy graham and it took me back to one of the great honors of my life which was visiting,1 John 3:18,"My little children, let us not love in word, neither in tongue; but in deed and in truth.",0.9449129954969872,TRUE,,1.0
968,4463166231152262066,Remarks at the Funeral Service for Admiral Jeremy M. Boorda,William J. Clinton,1996-05-21,is the great story of two warriors and friends david and jonathan when they prepared to part jonathan said tomorrow there is a new moon and thou shalt be missed because thy seat will be empty mike boorda's seat is empty and how we shall miss his warm smile his easy manner his wonderful voice his sharp wit what a,1 Samuel 20:18,"Then Jonathan said to David, To morrow is the new moon: and thou shalt be missed, because thy seat will be empty.",0.9868316946912418,TRUE,,1.0
994,448510003344004645,"Remarks to the United States Conference of Mayors in Detroit, Michigan",George W. Bush,2001-06-25,soul one conscience at a time the pastor of rosedale dennis talbert is fond of quoting a passage from the book of romans when i want to do good evil is right there with me that accurately describes the situation of many of our children in america evil is what his church is fighting against,Romans 7:21,"I find then a law, that, when I would do good, evil is present with me.",0.7300384994743138,TRUE,,0.9
997,4485289614493152929,Remarks at the Social Security Administration Headquarters in Baltimore,Lyndon B. Johnson,1966-10-12,must set in motion in this country a truly national home construction program for our eider citizens the bible tells us to honor thy father and thy mother it enjoins us to honor the face of the old man we have not always been true to that trust too often,Ephesians 6:2,Honour thy father and mother; which is the first commandment with promise;,0.268036202140581,TRUE,,0.9
1005,4495158537338689302,Address Before the Canadian Parliament in Ottawa.,John F. Kennedy,1961-05-17,made us neighbors history has made us friends economics has made us partners and necessity has made us allies those whom nature hath so joined together let no man put asunder what unites us is far greater than what divides us the issues and irritants that inevitably affect all neighbors are small deed in comparison,Mark 10:9,"What therefore God hath joined together, let not man put asunder.",0.8719410684055285,TRUE,,0.9
1014,4506360502890893611,Radio Remarks on the Occasion of the Lighting of the Community Christmas Tree on the White House Grounds,Harry S Truman,1948-12-24,hallowed associations of christmas draw all hearts toward home with one accord we receive with joy and reverence the message of the first christmas glory to god in the highest and on earth peace good will to men this country big as it has grown has always been a close-knit community it has had to be strong too we needed,Luke 2:14,"Glory to God in the highest, and on earth peace, good will toward men.",0.9445504045620832,TRUE,,1.0
1017,4506360502890893611,Radio Remarks on the Occasion of the Lighting of the Community Christmas Tree on the White House Grounds,Harry S Truman,1948-12-24,peace if the world will accept its fundamental teaching that all men are brothers god that made the world and all things therein hath made of one blood all nations of man for to dwell on all the face of the earth in the spirit of that message from the acts of the apostles i wish all of you a merry christmas harry s truman,Acts 17:26,"And hath made of one blood all nations of men for to dwell on all the face of the earth, and hath determined the times before appointed, and the bounds of their habitation;",0.950480922092329,TRUE,,0.95
1043,4537160923450717634,Toasts at a Dinner Honoring Prime Minister Menahem Begin of Israel,Jimmy Carter,1980-04-15,know that in the bible scores of times it is written love a stranger don't do any wrong to a stranger because you were strangers in egypt-not in egypt of president sadat another egypt-much older one but this is written in the bible we don't want to do any wrong,Deuteronomy 10:19,Love ye therefore the stranger: for ye were strangers in the land of Egypt.,0.9964998520072428,TRUE,,1.0
1114,4587463593611608905,The President's Toast at a Dinner for Prime Minister Jens Otto Krag of Denmark,Lyndon B. Johnson,1966-04-27,language of peace and it calls for a world where men can say of every nation what they now say of yours and her ways are ways of pleasantness and all her paths are peace ladies and gentlemen i give you king frederik and queen ingrid note the president spoke in the state dining room at the white house as,Proverbs 3:17,"Her ways are ways of pleasantness, and all her paths are peace.",0.9498967208922132,TRUE,,1.0
1147,4628921479243629148,Remarks Honoring the 2018 College Football Playoff National Champion Clemson University Tigers,Donald J. Trump (1st Term),2019-01-14,our staff-and all of our staff is here-what an amazing job our staff did it says in proverbs that where there is no counsel the people fall but in the multitude of counselors there is safety and we've been so consistent at clemson because i've got a multitude of good counselors a lot of good people unbelievable staff great continuity,Proverbs 11:14,"Where no counsel is, the people fall: but in the multitude of counsellors there is safety.",0.8321317335076045,TRUE,,1.0
1159,4639493501675537140,Remarks at the Thurgood Marshall Extended Elementary School,George W. Bush,2001-10-25,to be friends with muslims and muslim children we're fighting evil people it's important for the boys and girls of thurgood marshall to know that we're fighting evil with good and one way to fight evil with good is you can help by writing letters to boys and girls your age you can let boys and girls know what you think are important you can,Romans 12:21,"Be not overcome of evil, but overcome evil with good.",0.245254768740166,TRUE,,0.9
1170,4645774666225766693,"Remarks at Big Cedar, Oklahoma, on the Opening of the Ouachita National Forest Road.",John F. Kennedy,1961-10-29,of the enemy the wall was built and the peace was preserved but it was written of them that built on the wall with one of his hands he did the work and with the other he held the sword we hold the sword and we are determined to maintain our strength and our commitments but we also hold in,Nehemiah 4:17,"They which builded on the wall, and they that bare burdens, with those that laded, every one with one of his hands wrought in the work, and with the other hand held a weapon.",0.9842997541036078,TRUE,,0.95
1199,467504459997222371,Radio Address to the Nation on Family Values,Ronald Reagan,1986-12-20,of one still night long ago and of a family-father mother and newborn child listen for a moment to the words of the scriptures and there were in the same country shepherds abiding in the field keeping watch over their flock by night and lo the angel of the lord came upon them and the glory of the lord shone round about them and they,Luke 2:8,"And there were in the same country shepherds abiding in the field, keeping watch over their flock by night.",0.8973956123018769,TRUE,,1.0
1200,467504459997222371,Radio Address to the Nation on Family Values,Ronald Reagan,1986-12-20,words of the scriptures and there were in the same country shepherds abiding in the field keeping watch over their flock by night and lo the angel of the lord came upon them and the glory of the lord shone round about them and they were sore afraid and the angel said unto them fear not for behold i bring you good tidings of great joy which shall be to all people for unto you,Luke 2:9,"And, lo, the angel of the Lord came upon them, and the glory of the Lord shone round about them: and they were sore afraid.",0.9920129730122956,TRUE,,0.99
1205,467504459997222371,Radio Address to the Nation on Family Values,Ronald Reagan,1986-12-20,the angel of the lord came upon them and the glory of the lord shone round about them and they were sore afraid and the angel said unto them fear not for behold i bring you good tidings of great joy which shall be to all people for unto you is born this day in the city of david a savior which is christ the lord and this shall be,Luke 2:10,"And the angel said unto them, Fear not: for, behold, I bring you good tidings of great joy, which shall be to all people.",0.9901871009874084,TRUE,,1.0
1207,467504459997222371,Radio Address to the Nation on Family Values,Ronald Reagan,1986-12-20,were sore afraid and the angel said unto them fear not for behold i bring you good tidings of great joy which shall be to all people for unto you is born this day in the city of david a savior which is christ the lord and this shall be a sign unto you ye shall find the babe wrapped in swaddling clothes lying in a manger and suddenly there,Luke 2:11,"For unto you is born this day in the city of David a Saviour, which is Christ the Lord.",0.964487123557714,TRUE,,1.0
1209,467504459997222371,Radio Address to the Nation on Family Values,Ronald Reagan,1986-12-20,joy which shall be to all people for unto you is born this day in the city of david a savior which is christ the lord and this shall be a sign unto you ye shall find the babe wrapped in swaddling clothes lying in a manger and suddenly there was with the angel a multitude of the heavenly host praising god and saying glory to god in the highest,Luke 2:12,"And this shall be a sign unto you; Ye shall find the babe wrapped in swaddling clothes, lying in a manger.",0.8621227459475997,TRUE,,0.9
1212,467504459997222371,Radio Address to the Nation on Family Values,Ronald Reagan,1986-12-20,lord and this shall be a sign unto you ye shall find the babe wrapped in swaddling clothes lying in a manger and suddenly there was with the angel a multitude of the heavenly host praising god and saying glory to god in the highest and on earth peace good will toward men now some revere christ as just a great prophet others worship him,Luke 2:13,"And suddenly there was with the angel a multitude of the heavenly host praising God, and saying,",0.9935458572484988,TRUE,,1.0
1214,467504459997222371,Radio Address to the Nation on Family Values,Ronald Reagan,1986-12-20,in swaddling clothes lying in a manger and suddenly there was with the angel a multitude of the heavenly host praising god and saying glory to god in the highest and on earth peace good will toward men now some revere christ as just a great prophet others worship him as the son of god but to all this season,Luke 2:14,"Glory to God in the highest, and on earth peace, good will toward men.",0.9788998416037076,TRUE,,0.98
1279,4737576964544667216,Remarks at the Annual Convention of the National Religious Broadcasters,Ronald Reagan,1982-02-09,a lot if we walk together down that one path that we know provides real hope the book of st john tells us that for god so loved the world that he gave his only begotten son that whosoever believeth in him should not perish but have everlasting life we have god's promise that what we give will be given back many times over and we also have his promise that we could take to,John 3:16,"For God so loved the world, that he gave his only begotten Son, that whosoever believeth in him should not perish, but have everlasting life.",0.6406238327692351,TRUE,,0.9
1282,4737576964544667216,Remarks at the Annual Convention of the National Religious Broadcasters,Ronald Reagan,1982-02-09,"we give will be given back many times over and we also have his promise that we could take to heart with regard to our country-""that if my people who are called by my name humble themselves and pray and seek my face and turn from their wicked ways then will i hear from heaven and will forgive their sins and heal their land maybe it's later than we think let us go forth from here and rekindle the fire of our faith let our wisdom be vindicated by our",2 Chronicles 7:14,"If my people, which are called by my name, shall humble themselves, and pray, and seek my face, and turn from their wicked ways; then will I hear from heaven, and will forgive their sin, and will heal their land.",0.6344484462299906,TRUE,,0.95
1286,4737576964544667216,Remarks at the Annual Convention of the National Religious Broadcasters,Ronald Reagan,1982-02-09,deeds and when our work is done we can say that we have fought the good fight we have finished the race we have kept the faith and we can say some day to our children's children we did all that could be done in the moment that was given,2 Timothy 4:7,"I have fought a good fight, I have finished my course, I have kept the faith:",0.9210139622118676,TRUE,,0.9
1289,4743985685118526134,Address Accepting the Presidential Nomination at the Democratic National Convention in Chicago,Adlai Stevenson,1952-07-26,let this cup pass from me but from such dreaded responsibility one does not shrink in fear in self-interest or in false humility so if this cup may not pass from me except i drink it thy will be done that my heart has been troubled that i have not sought this nomination that i could not seek it in good conscience that i would,Matthew 26:42,"He went away again the second time, and prayed, saying, O my Father, if this cup may not pass away from me, except I drink it, thy will be done.",0.8842546157287808,TRUE,,0.9
1301,475178926512058057,Remarks to the Prague Atlantic Student Summit in Prague,George W. Bush,2002-11-20,this of radio free europe and radio liberty the simplest and clearest charter in the world is what you have which is to tell the truth and for more than 50 years the charter has been faithfully executed and it's the truth that sets this continent free i'm honored to,John 8:32,"And ye shall know the truth, and the truth shall make you free.",0.7427860127249251,TRUE,,0.9
1306,4753787722705285790,"Address Before the Bundestag in Bonn, Federal Republic of Germany",Ronald Reagan,1982-06-09,unprecedented level of material and spiritual well-being and they're free to find their own personal peace we also seek peace among nations the psalmist said seek peace and pursue it well our foreign policies are based on this principle and directed toward this end the noblest objective of our diplomacy is the patient and difficult,Psalms 34:14,"Depart from evil, and do good; seek peace, and pursue it.",0.8525468931550045,TRUE,,0.95
1310,4754017479453994889,Excerpts from the Press Conference,Franklin D. Roosevelt,1941-09-30,well worked out by which that can be accomplished in other words we will reverse the old idea to him that hath shall be given and go to help the people that hath not q mr president will this cost a great deal in taxes the president it might be yes larger contributions q mr president at the time of,Mark 4:25,"For he that hath, to him shall be given: and he that hath not, from him shall be taken even that which he hath.",0.3063700837317784,TRUE,,0.9
1321,4774675422790831579,"Remarks at a Memorial Day Ceremony in Arlington, Virginia","Joseph R. Biden, Jr.",2021-05-31,image of your loved one will bring a smile to your lips before it brings a tear to your eyes the bible teaches blessed are they that mourn for they shall be comforted that comfort that reassurance can be a long time in coming but it will come-i promise you and my prayer for all of you is that that,Matthew 5:4,Blessed are they that mourn: for they shall be comforted.,0.9510363665986624,TRUE,,1.0
1351,4796304259431256649,Remarks of Welcome at the White House to Prime Minister Eshkol of Israel,Lyndon B. Johnson,1964-06-01,"prophet malachi almost 3,000 years ago delivered this eternal message and i will cite it in hebrew halo av echad lekulanu halo el echad bareinu have we not all one father hath not one god created us in face of the danger to human survival in our time this lasting truth and with it the sense of common destiny is",Malachi 2:10,"Have we not all one father? hath not one God created us? why do we deal treacherously every man against his brother, by profaning the covenant of our fathers?",0.7246371833585827,TRUE,,0.9
1376,4827827214751761356,"Remarks at a Rally in Hemming Park, Jacksonville, Fla",Lyndon B. Johnson,1964-10-26,peace in the world and peace at home we must stop this business of talking about each other and quarreling with each other we must love thy neighbor as thyself we must preach love and not hate we must preach unity and not division we must preach equal opportunity for all americans and special privilege for no americans we are,Matthew 19:19,"Honour thy father and thy mother: and, Thou shalt love thy neighbour as thyself.",0.5467742389382299,TRUE,,0.9
1427,4878134148175392782,"Remarks Conceding the Presidential Election in Chicago, Illinois",Adlai Stevenson,1956-11-07,"often again in the liberals everlasting battle against ignorance poverty misery and war be of good cheer and remember my dear friends what a wise man said-""a merry heart doeth good like a medicine but a broken spirit dryeth the bones as for me let there be no tears i lost an election but won a grandchild adlai stevenson remarks conceding the presidential election in",Proverbs 17:22,A merry heart doeth good like a medicine: but a broken spirit drieth the bones.,0.9805947769411756,TRUE,,0.95
1432,4882257021266682350,Commencement Address at Warner Pacific College in Portland.,Gerald R. Ford,1976-05-23,the bible as a prayer i am sure that many of you are familiar with it it comes from the book of proverbs and it says trust in the lord with all thine heart and lean not unto thine own understanding in all thy ways acknowledge him and he shall direct thy paths that was the verse that i placed my hand upon when i,Proverbs 3:5,Trust in the LORD with all thine heart; and lean not unto thine own understanding.,0.9877662798774748,TRUE,,1.0
1435,4882257021266682350,Commencement Address at Warner Pacific College in Portland.,Gerald R. Ford,1976-05-23,it it comes from the book of proverbs and it says trust in the lord with all thine heart and lean not unto thine own understanding in all thy ways acknowledge him and he shall direct thy paths that was the verse that i placed my hand upon when i took the oath of office administered to every president since george washington these words have,Proverbs 3:6,"In all thy ways acknowledge him, and he shall direct thy paths.",0.9687020973153704,TRUE,,1.0
1449,4901361349566053449,"Remarks at a Memorial Service for the Bombing Victims in Oklahoma City, Oklahoma",William J. Clinton,1995-04-23,stand up and talk against it in the face of death let us honor life as st paul admonished us let us not be overcome by evil but overcome evil with good yesterday hillary and i had the privilege of speaking with some children of other federal employees children like those who were lost here,Romans 12:21,"Be not overcome of evil, but overcome evil with good.",0.988850744506946,TRUE,,1.0
1471,4922923325704354890,Remarks on Presenting the Presidential Medal of Freedom and an Exchange With Reporters,"Joseph R. Biden, Jr.",2022-07-07,for the nation sister simone campbell is a gift from god and for the past 50 years she's embodied the belief in our church that faith without works is dead and will know me for what-you will know me for what i do and what you do the least of thee you do unto to,James 2:20,"But wilt thou know, O vain man, that faith without works is dead?",0.8774014498894126,TRUE,,0.9
1481,4924122288718376571,Remarks at the National Prayer Breakfast,Barack Obama,2009-02-05,our differences there is one law that binds all great religions together and tony and i did not coordinate here--there's a little serendipity--jesus told us to love thy neighbor as thyself the torah commands that which is hateful to you do not do to your fellow in islam there is the hadith that reads none,Matthew 19:19,"Honour thy father and thy mother: and, Thou shalt love thy neighbour as thyself.",0.4087911934626943,TRUE,,0.9
1518,4945883493481441828,Remarks on Signing the COVID-19 Hate Crimes Act,"Joseph R. Biden, Jr.",2021-05-20,consequence we should do what is required by the obligations of this democracy by our faith in god and our faith in each other to do justice to love mercy to walk humbly and as fellow human beings and fellow americans remember we're unique in all of history as a nation this is the united,Micah 6:8,"He hath shewed thee, O man, what is good; and what doth the Lord require of thee, but to do justly, and to love mercy, and to walk humbly with thy God?",,0.871163028271244,TRUE,,0.9
1523,4955035639504921749,The President's News Conference Held on the South Lawn at the White House,Lyndon B. Johnson,1964-05-06,do everything we could in that direction i told him that i thought the best way to do that was to follow the golden rule to do unto others as you would have them do unto you and to try to find ways and means of finding areas of agreement 6 an interview held at the white house on april,Matthew 7:12," Therefore all things whatsoever ye would that men should do to you, do ye even so to them: for this is the law and the prophets.",0.5083249950741293,TRUE,,0.8
1530,4962128786059726227,Remarks at an Easter Prayer Breakfast,Barack Obama,2014-04-14,tragedy in this world but we're also overwhelmed by the grace of an awesome god we're reminded how he loves us so deeply that he gave his only begotten son so that we might live through him and in these holy days we recall all that jesus endured for us the scorn of the crowds and the pain of the,1 John 4:9,"In this was manifested the love of God toward us, because that God sent his only begotten Son into the world, that we might live through him.",0.7076117760501353,TRUE,,0.9
1534,4962128786059726227,Remarks at an Easter Prayer Breakfast,Barack Obama,2014-04-14,us still we are drawn to his timeless teachings challenged to be worthy of his sacrifice to emulate as best we can his eternal example to love one another just as he loves us and of course we're always reminded each and every day that we fall short of that example and none of us are free from sin but we can look to his life and strive knowing that if we love one another god lives in us and his love is perfected in us i'll tell you i felt this spirit when i had the great honor of meeting his holiness pope francis recently i think it's fair,1 John 4:12,"No man hath seen God at any time. If we love one another, God dwelleth in us, and his love is perfected in us.",0.98127759660339,TRUE,,0.95
1536,4962128786059726227,Remarks at an Easter Prayer Breakfast,Barack Obama,2014-04-14,us still we are drawn to his timeless teachings challenged to be worthy of his sacrifice to emulate as best we can his eternal example to love one another just as he loves us and of course we're always reminded each and every day that we fall short of that example and none of us are free from sin but we can look to his life and strive knowing that if we love one another god lives in us and his love is perfected in us i'll tell you i felt this spirit when i had the great honor of,1 John 4:7,"Beloved, let us love one another: for love is of God; and every one that loveth is born of God, and knoweth God.",0.8254887203040195,TRUE,,0.9
1590,5010572618753421588,"Remarks to the Congregation of Alfred Street Baptist Church in Alexandria, Virginia",William J. Clinton,2000-10-29,health to this habitat project that your pastor just told you how much you were giving to today laughter the scripture says while we have time let us do good unto all men and a week from tuesday it will be time for us to vote i am grateful that your representative in congress jim moran came with me today,Galatians 6:10,"As we have therefore opportunity, let us do good unto all men, especially unto them who are of the household of faith.",0.458714934406887,TRUE,,0.9
1600,5015679743424185511,Remarks to Representatives of the Future Farmers of America,Ronald Reagan,1988-07-28,remarks on a more personal note though we want to also remind you that in the good book of matthew book 22 verse 14 it says for many are called but few are chosen to be chosen is a rare honor and in this case we feel that the rarity was well done there is a riddle that asks about,Matthew 22:14,"For many are called, but few are chosen.",0.8850142666860434,TRUE,,1.0
1603,5015685504400992653,Radio Christmas Greeting to the Nation,Franklin D. Roosevelt,1939-12-24,and inwardly digest these deathless words may their import reach into the hearts of all men and of all nations i offer them as my christmas message blessed are the poor in spirit for theirs is the kingdom of heaven blessed are they that mourn for they shall be comforted blessed are the meek for they shall inherit the earth blessed are they which do hunger and thirst after righteousness for they shall be filled blessed are the merciful for they shall obtain mercy blessed are the pure in heart for they shall see god blessed are the peacemakers for they shall be called the children of god blessed are they which are persecuted for righteousness sake for theirs is the kingdom of heaven franklin d roosevelt radio christmas greeting to the nation,Matthew 5:3,Blessed are the poor in spirit: for theirs is the kingdom of heaven.,0.9214724344089996,TRUE,,1.0
1604,5015685504400992653,Radio Christmas Greeting to the Nation,Franklin D. Roosevelt,1939-12-24,and inwardly digest these deathless words may their import reach into the hearts of all men and of all nations i offer them as my christmas message blessed are the poor in spirit for theirs is the kingdom of heaven blessed are they that mourn for they shall be comforted blessed are the meek for they shall inherit the earth blessed are they which do hunger and thirst after righteousness for they shall be filled blessed are the merciful for they shall obtain mercy blessed are the pure in heart for they shall see god blessed are the peacemakers for they shall be called the children of god blessed are they which are persecuted for righteousness sake for theirs is the kingdom of heaven franklin,Matthew 5:5,Blessed are the meek: for they shall inherit the earth.,0.9556495443983178,TRUE,,1.0
1605,5015685504400992653,Radio Christmas Greeting to the Nation,Franklin D. Roosevelt,1939-12-24,and inwardly digest these deathless words may their import reach into the hearts of all men and of all nations i offer them as my christmas message blessed are the poor in spirit for theirs is the kingdom of heaven blessed are they that mourn for they shall be comforted blessed are the meek for they shall inherit the earth blessed are they which do hunger and thirst after righteousness for they shall be filled blessed are the merciful for they shall obtain mercy blessed are the pure in heart for they shall see god blessed are the peacemakers for they shall be called the children of god blessed are they which are persecuted for righteousness sake for theirs is the kingdom of heaven franklin,Matthew 5:7,Blessed are the merciful: for they shall obtain mercy.,0.969208638796799,TRUE,,1.0
1605,5015685504400992653,Radio Christmas Greeting to the Nation,Franklin D. Roosevelt,1939-12-24,and inwardly digest these deathless words may their import reach into the hearts of all men and of all nations i offer them as my christmas message blessed are the poor in spirit for theirs is the kingdom of heaven blessed are they that mourn for they shall be comforted blessed are the meek for they shall inherit the earth blessed are they which do hunger and thirst after righteousness for they shall be filled blessed are the merciful for they shall obtain mercy blessed are the pure in heart for they shall see god blessed are the peacemakers for they shall be called the children of god blessed are they which are persecuted for righteousness sake for theirs is the kingdom of heaven franklin,Matthew 5:8,Blessed are the pure in heart: for they shall see God.,0.969208638796799,TRUE,,1.0
1606,5015685504400992653,Radio Christmas Greeting to the Nation,Franklin D. Roosevelt,1939-12-24,and inwardly digest these deathless words may their import reach into the hearts of all men and of all nations i offer them as my christmas message blessed are the poor in spirit for theirs is the kingdom of heaven blessed are they that mourn for they shall be comforted blessed are the meek for they shall inherit the earth blessed are they which do hunger and thirst after righteousness for they shall be filled blessed are the merciful for they shall obtain mercy blessed are the pure in heart for they shall see god blessed are the peacemakers for they shall be called the children of god blessed are they which are persecuted for righteousness sake for theirs is the kingdom of heaven franklin d roosevelt radio christmas greeting,Matthew 5:9,Blessed are the peacemakers: for they shall be called the children of God.,0.941686262977094,TRUE,,1.0
1608,5015685504400992653,Radio Christmas Greeting to the Nation,Franklin D. Roosevelt,1939-12-24,into the hearts of all men and of all nations i offer them as my christmas message blessed are the poor in spirit for theirs is the kingdom of heaven blessed are they that mourn for they shall be comforted blessed are the meek for they shall inherit the earth blessed are they which do hunger and thirst after righteousness for they shall be filled blessed are the merciful for they shall obtain mercy blessed are the pure in heart for they shall see god blessed are the peacemakers for they shall be called the children of god blessed are they which are persecuted for righteousness sake for theirs is the kingdom of heaven franklin d roosevelt radio christmas greeting to the nation,Matthew 5:10,Blessed are they which are persecuted for righteousness' sake: for theirs is the kingdom of heaven.,0.5938072379622633,TRUE,,1.0
1609,5015685504400992653,Radio Christmas Greeting to the Nation,Franklin D. Roosevelt,1939-12-24,men and of all nations i offer them as my christmas message blessed are the poor in spirit for theirs is the kingdom of heaven blessed are they that mourn for they shall be comforted blessed are the meek for they shall inherit the earth blessed are they which do hunger and thirst after righteousness for they shall be filled blessed are the merciful for they shall obtain mercy blessed are the pure in heart for they shall see god blessed are the peacemakers for they shall be called the children of god blessed are they which are persecuted for righteousness sake for theirs is the kingdom of heaven franklin d roosevelt radio christmas greeting,Matthew 5:4,Blessed are they that mourn: for they shall be comforted.,0.7205148355526655,TRUE,,1.0
1612,5015685504400992653,Radio Christmas Greeting to the Nation,Franklin D. Roosevelt,1939-12-24,i offer them as my christmas message blessed are the poor in spirit for theirs is the kingdom of heaven blessed are they that mourn for they shall be comforted blessed are the meek for they shall inherit the earth blessed are they which do hunger and thirst after righteousness for they shall be filled blessed are the merciful for they shall obtain mercy blessed are the pure in heart for they shall see god blessed are the peacemakers for they shall be called the children of god blessed are they which are persecuted for righteousness sake for theirs is the kingdom of heaven franklin d roosevelt radio christmas greeting to the nation,Matthew 5:6,Blessed are they which do hunger and thirst after righteousness: for they shall be filled.,0.5654638888651596,TRUE,,1.0
1616,5015685504400992653,Radio Christmas Greeting to the Nation,Franklin D. Roosevelt,1939-12-24,blessed are the meek for they shall inherit the earth blessed are they which do hunger and thirst after righteousness for they shall be filled blessed are the merciful for they shall obtain mercy blessed are the pure in heart for they shall see god blessed are the peacemakers for,Luke 6:21,Blessed are ye that hunger now: for ye shall be filled. Blessed are ye that weep now: for ye shall laugh.,0.9992925400901352,TRUE,,1.0
1622,5018934911133301283,"Remarks at the Annual Convention of the Lions Club International in Dallas, Texas",Ronald Reagan,1985-06-21,giving of themselves freely that they receive the blessings of the soul which god has promised this is an important part of freedom the shining light which is a beacon to all who live in the darkness in tyranny-the fundamental truth that free people do indeed love and care for,Proverbs 4:18,"But the path of the just is as the shining light, that shineth more and more unto the perfect day.",0.2120081688427645,TRUE,,0.9
1629,5028374291146681093,Remarks at the 10th Annual National Vigil for All Victims of Gun Violence,"Joseph R. Biden, Jr.",2022-12-07,mass murders reduced were significant a lot of people's lives were saved you know-and we can do it again scripture says the light shines in darkness and darkness has not overcome it to all of you here tonight you are the light you are literally the light and your loved,John 1:5,And the light shineth in darkness; and the darkness comprehended it not.,0.8998100279529445,TRUE,,0.9
1651,503837074424552722,"Remarks on the Steps of the State Capitol, Columbia, South Carolina",Lyndon B. Johnson,1964-10-26,tolerance and understanding in a spirit of the golden rule do unto others as you would have them do unto you in the spirit of the good book love thy neighbor as thyself we think that we can do more united than we can divided we think we can do more with love than we can with hate we must always be prepared and have the arms and the strength to defend america we must always keep our guard up,Matthew 7:12,"Therefore all things whatsoever ye would that men should do to you, do ye even so to them: for this is the law and the prophets.",0.6571135648808306,TRUE,,0.9
1651,503837074424552722,"Remarks on the Steps of the State Capitol, Columbia, South Carolina",Lyndon B. Johnson,1964-10-26,tolerance and understanding in a spirit of the golden rule do unto others as you would have them do unto you in the spirit of the good book love thy neighbor as thyself we think that we can do more united than we can divided we think we can do more with love than we can with hate we must always be prepared and have the arms and the strength to defend america we must always keep our guard up,Matthew 22:39,"And the second is like unto it, Thou shalt love thy neighbour as thyself.",0.6571135648808306,TRUE,,0.9
1670,505660039978373563,"Remarks at a ""Make America Great Again"" Rally in Pensacola, Florida",Donald J. Trump (1st Term),2018-11-03,and when you do you'll be doing your part to protect florida's future for a generation and as governor i promise you i will fight the good fight i will finish the race and i will keep the faith on behalf of the people of florida thank you god bless you thank you so much,2 Timothy 4:7,"I have fought a good fight, I have finished my course, I have kept the faith:",0.4890132895462309,TRUE,,0.9
1694,5078281600365691198,Remarks on Signing the Flag Day Proclamation,William J. Clinton,1993-06-14,god the reminder that self-government is a sacred trust indivisible through a tragic civil war we learned the wisdom of president lincoln's lesson that a house divided against itself cannot stand it is not enough for our house to stand however we must remember that a house stands strongest when it stands together with liberty,Mark 3:25,"And if a house be divided against itself, that house cannot stand.",0.960219102486308,TRUE,,0.95
3,5089888485768223961,Remarks at a North Carolina Republican Party Rally in Raleigh,Ronald Reagan,1982-10-26,i urge you when you're in that voting booth next tuesday vote for your hopes not your fears there's a passage in the psalms which says weeping may endure for a night but joy cometh in the morning america has endured a long terrible night of economic hardship but now we're seeing the first welcome burst of sunshine the dawn,Psalms 30:5,"For his anger endureth but a moment; in his favour is life: weeping may endure for a night, but joy cometh in the morning.",0.9849247383999707,TRUE,,1.0
12,5107490027506816801,Remarks at a White House Reception for the Kennedy Center Honorees,Ronald Reagan,1986-12-07,ourselves deeply in debt others in the life of our nation have seen to our material needs-built our roads constructed our cities given us our daily bread still others have seen to the life of the mind-founding our universities and expanding knowledge in every field but these six-these six are,Luke 11:3,Give us day by day our daily bread.,0.6893882350486906,TRUE,,0.8
13,5107490027506816801,Remarks at a White House Reception for the Kennedy Center Honorees,Ronald Reagan,1986-12-07,ourselves deeply in debt others in the life of our nation have seen to our material needs-built our roads constructed our cities given us our daily bread still others have seen to the life of the mind-founding our universities and expanding knowledge in every field but these six-these six are,Matthew 6:11,Give us this day our daily bread.,0.9624556128394582,TRUE,,0.9
17,510966305736181591,Remarks at a White House Luncheon for Black Clergymen,Ronald Reagan,1982-03-26,happy to have this opportunity to speak together with you in mark chapter three there's a verse that's associated with abraham lincoln-that a house divided against itself cannot stand divisions among the american people have been a concern of many presidents not just president lincoln understanding there's some concern in,Mark 3:25,"And if a house be divided against itself, that house cannot stand.",0.982321354334788,TRUE,,1.0
19,510966305736181591,Remarks at a White House Luncheon for Black Clergymen,Ronald Reagan,1982-03-26,i believe that america's churches white and black have an important role to play in the life of this nation our savior said inasmuch as ye have done it unto one of the least of these my brethren you have done it unto me well too many churches are sunday morning churches and not seven day-a-week churches guests amen the president i believe the black clergy can lead the way,Matthew 25:40,"And the King shall answer and say unto them, Verily I say unto you, Inasmuch as ye have done it unto one of the least of these my brethren, ye have done it unto me.",0.1106034262011616,TRUE,,1.0
39,5121364337393656726,Address Before a Joint Session of the Congress,Harry S Truman,1945-04-16,in my heart a prayer as i have assumed my heavy duties i humbly pray almighty god in the words of king solomon give therefore thy servant an understanding heart to judge thy people that i may discern between good and bad for who is able to judge this thy so great a people i ask only to be a good and faithful servant of my lord and my people note the president spoke in the house chamber shortly after,1 Kings 3:9,"Give therefore thy servant an understanding heart to judge thy people, that I may discern between good and bad: for who is able to judge this thy so great a people?",0.8770338682024397,TRUE,,0.9
45,5123499053628979539,Remarks to Commerce Department Employees on the Aircraft Tragedy in Croatia,William J. Clinton,1996-04-03,at the democratic committee and they've been friends a long time told me that his favorite scripture verse was that wonderful verse from isaiah they who wait upon the lord shall have their strength renewed they shall mount up with wings as eagles they will run and not grow weary they will walk and faint not well ron brown walked and ran and flew through life and he was a magnificent life force and those,Isaiah 40:31,"But they that wait upon the LORD shall renew their strength; they shall mount up with wings as eagles; they shall run, and not be weary; and they shall walk, and not faint.",0.929077486889504,TRUE,,0.95
109,5197869121781982466,"Remarks Commemorating the National Days of Thanksgiving in Houston, Texas",George Bush,1991-04-07,for our enemies that a just peace may come to their troubled land we are not an arrogant nation a gloating nation for we know blessed are the meek for they shall inherit the earth on this special day this grateful nation says thank you god note the president spoke at 9:50 a.m in the main sanctuary of st martin's,Matthew 5:5,Blessed are the meek: for they shall inherit the earth.,0.8367086817830416,TRUE,,1.0
131,5202093665604047713,Remarks at the National Day of Prayer and Remembrance Service,George W. Bush,2001-09-14,now walk in sorrow we thank him for each life we now must mourn and the promise of a life to come as we have been assured neither death nor life nor angels nor principalities nor powers nor things present nor things to come nor height nor depth can separate us from god's love may he bless the souls of the departed may he comfort our own and may he,Romans 8:38,"For I am persuaded, that neither death, nor life, nor angels, nor principalities, nor powers, nor things present, nor things to come,",0.9989984658112054,TRUE,,0.95
144,5209613757695350174,"Address at the Green Pastures Rally, Charlotte, N.C.",Franklin D. Roosevelt,1936-09-10,women and children than any other poem in the english language and in this great lyric what do we best remember two lines he maketh me to lie down in green pastures he leadeth me beside the still waters it does not greatly matter whether that symbol of an ideal of human physical and spiritual happiness was written in its original three thousand or five,Psalms 23:2,He maketh me to lie down in green pastures: he leadeth me beside the still waters.,0.9916649756947016,TRUE,,1.0
153,5219996056965700322,Remarks at the National Hispanic Prayer Breakfast,George W. Bush,2003-05-15,you care for the sick house the homeless feed the hungry and preach the word la palabra in the book of james we are reminded that faith without works is dead by loving a neighbor as you'd like to be loved yourself you prove every day that faith is alive by your work and prayers,James 2:20,"But wilt thou know, O vain man, that faith without works is dead?",0.8930045475002666,TRUE,,0.9
154,5219996056965700322,Remarks at the National Hispanic Prayer Breakfast,George W. Bush,2003-05-15,you care for the sick house the homeless feed the hungry and preach the word la palabra in the book of james we are reminded that faith without works is dead by loving a neighbor as you'd like to be loved yourself you prove every day that faith is alive by your work and prayers,James 2:26,"For as the body without the spirit is dead, so faith without works is dead also.",0.9067400595642284,TRUE,,0.9
154,5219996056965700322,Remarks at the National Hispanic Prayer Breakfast,George W. Bush,2003-05-15,you care for the sick house the homeless feed the hungry and preach the word la palabra in the book of james we are reminded that faith without works is dead by loving a neighbor as you'd like to be loved yourself you prove every day that faith is alive by your work and prayers,Matthew 22:39,"And the second is like unto it, Thou shalt love thy neighbour as thyself.",0.9067400595642284,TRUE,,0.9
169,5233454563798320547,Address at the Lighting of the National Community Christmas Tree on the White House Grounds,Harry S Truman,1945-12-24,more we light the national community christmas tree we meet in the spirit of the first christmas when the midnight choir sang the hymn of joy glory to god in the highest and on earth peace good will toward men let us not forget that the coming of the saviour brought a time of long peace to the roman world it is therefore fitting for,Luke 2:14,"Glory to God in the highest, and on earth peace, good will toward men.",0.9929551514991696,TRUE,,0.95
170,5233454563798320547,Address at the Lighting of the National Community Christmas Tree on the White House Grounds,Harry S Truman,1945-12-24,spirit of peace of love of charity to all men from the manger of bethlehem came a new appeal to the minds and hearts of men a new commandment i give unto you that ye love one another in love which is the very essence of the message of the prince of peace the world would find a solution for all its ills i do,John 13:34,"A new commandment I give unto you, That ye love one another; as I have loved you, that ye also love one another.",0.9654689388880489,TRUE,,0.95
173,5233454563798320547,Address at the Lighting of the National Community Christmas Tree on the White House Grounds,Harry S Truman,1945-12-24,from the manger of bethlehem came a new appeal to the minds and hearts of men a new commandment i give unto you that ye love one another in love which is the very essence of the message of the prince of peace the world would find a solution for all its ills i do,John 15:12,"This is my commandment, That ye love one another, as I have loved you.",0.9509388859576996,TRUE,,0.95
180,5233454563798320547,Address at the Lighting of the National Community Christmas Tree on the White House Grounds,Harry S Truman,1945-12-24,things which have gone into the making of our nation you will remember that saint paul the apostle of the gentiles and his companions suffering shipwreck cast four anchors out of the stern and wished for the day happily for us whenever the american ship of state has been storm-tossed we have always had an anchor to the windward we are met on the south,Acts 27:29,"Then fearing lest we should have fallen upon rocks, they cast four anchors out of the stern, and wished for the day.",0.9340242408972164,TRUE,,0.95
181,5233454563798320547,Address at the Lighting of the National Community Christmas Tree on the White House Grounds,Harry S Truman,1945-12-24,victories no less hard won than success at arms we must not fail or falter we must strive without ceasing to make real the prophecy of isaiah they shall beat their swords into plowshares and their spears into pruning-hooks nation shall not lift up sword against nation neither shall they learn war any more in this day whether it be far or near the kingdoms of this world shall become indeed the kingdom of god,Isaiah 2:4,"And he shall judge among the nations, and shall rebuke many people: and they shall beat their swords into plowshares, and their spears into pruninghooks: nation shall not lift up sword against nation, neither shall they learn war any more.",0.9745449741401636,TRUE,,0.98
226,5279155800601209041,"Remarks in a Discussion on Strengthening Social Security and a Question-and-Answer Session in Great Falls, Montana",George W. Bush,2005-02-03,q can you quote proverbs 17:17 for me the president no laughter that's an easy one can you quote it q a friend loves at all times and a brother is born for adversity the president thank you very good i thought you were going to ask me if i knew how to get to livingston laughter it's like that,Proverbs 17:17,"A friend loveth at all times, and a brother is born for adversity.",0.9463068256314509,TRUE,,0.95
232,5286532083085988946,Remarks on Signing the National POW/MIA Recognition Day Proclamation,George Bush,1989-07-28,working together we can resolve the anguish of many families in two lands and we can do something more we can build a new spirit of peace in ecclesiastes it is written that there is a time for war a time for peace and a time to heal we will never forget those who served our country and when we receive final answers about their fate then this will truly be a time for healing,Ecclesiastes 3:3,"A time to kill, and a time to heal; a time to break down, and a time to build up;",0.9514024930162918,TRUE,,0.95
233,5286532083085988946,Remarks on Signing the National POW/MIA Recognition Day Proclamation,George Bush,1989-07-28,can build a new spirit of peace in ecclesiastes it is written that there is a time for war a time for peace and a time to heal we will never forget those who served our country and when we receive final answers about their fate then this will truly,Ecclesiastes 3:8,"A time to love, and a time to hate; a time of war, and a time of peace.",0.8438222818093727,TRUE,,0.9
262,5324071596171362309,"Remarks at the Dedication of the John F. Kennedy Cultural Center at Mitchel Field, New York.",Lyndon B. Johnson,1964-05-09,of building a citizenship that would banish fear and would drive hate from the earth and would stop our name-calling and would end our mud-slinging and permit us to love thy neighbor as thyself i am honored that you asked me to come i hope i can come back to this center when your work,Matthew 19:19,"Honour thy father and thy mother: and, Thou shalt love thy neighbour as thyself.",0.1217204240949298,TRUE,,0.9
290,5363319343802998127,"Address at Madison Square Garden, New York City",Franklin D. Roosevelt,1936-10-31,to go on instead to work for and to sacrifice for each other that is why we need to say with the prophet what doth the lord require of thee-but to do justly to love mercy and to walk humbly with thy god that is why the recovery we seek the recovery we are winning is more than economic in it are included justice and love and humility not for,Micah 6:8,"He hath shewed thee, O man, what is good; and what doth the LORD require of thee, but to do justly, and to love mercy, and to walk humbly with thy God?",0.8036993965140427,TRUE,,0.95
297,5368767878107446019,Remarks at the Annual Convention of the National Religious Broadcasters,Ronald Reagan,1983-01-31,within the covers of that single book are all the answers to all the problems that face us today if we'd only look there the grass withereth the flower fadeth but the word of our god shall stand forever i hope americans will read and study the bible in 1983 it's my firm belief that the enduring values as i say presented in its pages,Isaiah 40:8,"The grass withereth, the flower fadeth: but the word of our God shall stand for ever.",0.963228378431806,TRUE,,0.95
298,5368767878107446019,Remarks at the Annual Convention of the National Religious Broadcasters,Ronald Reagan,1983-01-31,before or after class it ruled wrong too our only hope for tomorrow is in the faces of our children and we know jesus said suffer the little children to come unto me and forbid them not for such is the kingdom of god well last year we tried to pass an amendment that would allow communities to determine for themselves whether voluntary prayer should,Luke 18:16,"But Jesus called them unto him, and said, Suffer little children to come unto me, and forbid them not: for of such is the kingdom of God.",0.8760244485289354,TRUE,,0.9
299,5368767878107446019,Remarks at the Annual Convention of the National Religious Broadcasters,Ronald Reagan,1983-01-31,before or after class it ruled wrong too our only hope for tomorrow is in the faces of our children and we know jesus said suffer the little children to come unto me and forbid them not for such is the kingdom of god well last year we tried to pass an amendment that would allow communities to determine for themselves whether voluntary prayer should,Mark 10:14,"But when Jesus saw it, he was much displeased, and said unto them, Suffer the little children to come unto me, and forbid them not: for of such is the kingdom of God.",0.9231867682534842,TRUE,,0.95
300,5368767878107446019,Remarks at the Annual Convention of the National Religious Broadcasters,Ronald Reagan,1983-01-31,before or after class it ruled wrong too our only hope for tomorrow is in the faces of our children and we know jesus said suffer the little children to come unto me and forbid them not for such is the kingdom of god well last year we tried to pass an amendment that would allow communities to determine for themselves whether voluntary prayer should,Matthew 19:14,"But Jesus said, Suffer little children, and forbid them not, to come unto me: for of such is the kingdom of heaven.",0.7058938731522788,TRUE,,0.9
301,5368767878107446019,Remarks at the Annual Convention of the National Religious Broadcasters,Ronald Reagan,1983-01-31,for good and it's thanks to the conviction and commitment of people like those who are helping victoria they're living the meaning of the two great commandments thou shalt love the lord thy god with all thy heart and with all thy soul and with all thy might and thou shalt love thy neighbour as thyself each year government bureaucracies spend bills billions for problems related to drugs and alcoholism and disease has anyone stopped,Deuteronomy 6:5,"And thou shalt love the LORD thy God with all thine heart, and with all thy soul, and with all thy might.",0.5632209264251783,TRUE,,0.9
302,5368767878107446019,Remarks at the Annual Convention of the National Religious Broadcasters,Ronald Reagan,1983-01-31,for good and it's thanks to the conviction and commitment of people like those who are helping victoria they're living the meaning of the two great commandments thou shalt love the lord thy god with all thy heart and with all thy soul and with all thy might and thou shalt love thy neighbour as thyself each year government bureaucracies spend bills billions for problems related to drugs and alcoholism and disease has anyone stopped to consider that we might,Galatians 5:14,"For all the law is fulfilled in one word, even in this; Thou shalt love thy neighbour as thyself.",0.9392872670428164,TRUE,,1.0
303,5368767878107446019,Remarks at the Annual Convention of the National Religious Broadcasters,Ronald Reagan,1983-01-31,for good and it's thanks to the conviction and commitment of people like those who are helping victoria they're living the meaning of the two great commandments thou shalt love the lord thy god with all thy heart and with all thy soul and with all thy might and thou shalt love thy neighbour as thyself each year government bureaucracies spend bills billions for problems related to drugs and alcoholism and disease has anyone stopped to consider that we might,James 2:8,"If ye fulfil the royal law according to the scripture, Thou shalt love thy neighbour as thyself, ye do well:",0.9631757572664804,TRUE,,1.0
304,5368767878107446019,Remarks at the Annual Convention of the National Religious Broadcasters,Ronald Reagan,1983-01-31,for good and it's thanks to the conviction and commitment of people like those who are helping victoria they're living the meaning of the two great commandments thou shalt love the lord thy god with all thy heart and with all thy soul and with all thy might and thou shalt love thy neighbour as thyself each year government bureaucracies spend bills billions for problems related to drugs and alcoholism and disease has anyone stopped to consider that we might,Leviticus 19:18,"Thou shalt not avenge, nor bear any grudge against the children of thy people, but thou shalt love thy neighbour as thyself: I am the LORD.",0.8600363178368102,TRUE,,0.9
305,5368767878107446019,Remarks at the Annual Convention of the National Religious Broadcasters,Ronald Reagan,1983-01-31,for good and it's thanks to the conviction and commitment of people like those who are helping victoria they're living the meaning of the two great commandments thou shalt love the lord thy god with all thy heart and with all thy soul and with all thy might and thou shalt love thy neighbour as thyself each year government bureaucracies spend bills billions for problems related to drugs and alcoholism and disease has anyone stopped to consider that we might,Luke 10:27,"And he answering said, Thou shalt love the Lord thy God with all thy heart, and with all thy soul, and with all thy strength, and with all thy mind; and thy neighbour as thyself.",0.582446702374618,TRUE,,0.9
306,5368767878107446019,Remarks at the Annual Convention of the National Religious Broadcasters,Ronald Reagan,1983-01-31,for good and it's thanks to the conviction and commitment of people like those who are helping victoria they're living the meaning of the two great commandments thou shalt love the lord thy god with all thy heart and with all thy soul and with all thy might and thou shalt love thy neighbour as thyself each year government bureaucracies spend bills billions for problems related to drugs and alcoholism and disease has anyone stopped,Mark 12:30,"And thou shalt love the Lord thy God with all thy heart, and with all thy soul, and with all thy mind, and with all thy strength: this is the first commandment.",0.5254646892083986,TRUE,,0.9
310,5368767878107446019,Remarks at the Annual Convention of the National Religious Broadcasters,Ronald Reagan,1983-01-31,for good and it's thanks to the conviction and commitment of people like those who are helping victoria they're living the meaning of the two great commandments thou shalt love the lord thy god with all thy heart and with all thy soul and with all thy might and thou shalt love thy neighbour as thyself each year government bureaucracies spend bills billions for problems related to drugs and alcoholism and disease has anyone stopped to consider that we might,Matthew 22:39,"And the second is like unto it, Thou shalt love thy neighbour as thyself.",0.302587646380247,TRUE,,1.0
312,5368767878107446019,Remarks at the Annual Convention of the National Religious Broadcasters,Ronald Reagan,1983-01-31,to the conviction and commitment of people like those who are helping victoria they're living the meaning of the two great commandments thou shalt love the lord thy god with all thy heart and with all thy soul and with all thy might and thou shalt love thy neighbour as thyself each year government bureaucracies spend bills billions for problems related to drugs and alcoholism,Deuteronomy 10:12,"And now, Israel, what doth the LORD thy God require of thee, but to fear the LORD thy God, to walk in all his ways, and to love him, and to serve the LORD thy God with all thy heart and with all thy soul,",0.8428197013423409,TRUE,,1.0
317,5368767878107446019,Remarks at the Annual Convention of the National Religious Broadcasters,Ronald Reagan,1983-01-31,are helping victoria they're living the meaning of the two great commandments thou shalt love the lord thy god with all thy heart and with all thy soul and with all thy might and thou shalt love thy neighbour as thyself each year government bureaucracies spend bills billions for problems related to drugs and alcoholism,Mark 12:33,"And to love him with all the heart, and with all the understanding, and with all the soul, and with all the strength, and to love his neighbour as himself, is more than all whole burnt offerings and sacrifices.",0.3589822560479834,TRUE,,0.8
320,5368767878107446019,Remarks at the Annual Convention of the National Religious Broadcasters,Ronald Reagan,1983-01-31,and forgiveness he taught us truth and left us hope in the book of john is the promise that we all go by-tells us that for god so loved the world that he gave his only begotten son that whosoever believeth in him should not perish but have everlasting life with his message and with your conviction and commitment we can still move mountains we can work to reach our dreams and to make america,John 3:16,"For God so loved the world, that he gave his only begotten Son, that whosoever believeth in him should not perish, but have everlasting life.",0.9540748517287764,TRUE,,0.95
341,5384896501900858307,"Remarks at Parkrose High School in Portland, Oregon",George W. Bush,2002-01-05,it's so important for moms and dads to know that the most important job they will ever have is to love their children with all their heart and all their soul i'm so pleased to report to you that the great fabric of the country in terms of helping people exists because of faith-based institutions,Deuteronomy 6:5,"And thou shalt love the LORD thy God with all thine heart, and with all thy soul, and with all thy might.",0.5682516089884846,TRUE,,0.9
371,5418930846551255304,Remarks at the Annual Convention of the Congressional Medal of Honor Society in New York City,Ronald Reagan,1983-12-12,eight fine young americans had added their names to the long list of those who have given their lives for their country there was a need greater love hath no man than this that he lay down his life for his friends god bless all of you here today and yes god bless those who never lived to know that what they had done was,John 15:13,"Greater love hath no man than this, that a man lay down his life for his friends.",0.9804975708634062,TRUE,,1.0
386,5422674690603289980,"Remarks at a Reagan-Bush Rally in Brownsville, Texas",Ronald Reagan,1984-10-02,nation but let me say in closing that even though economic matters are important-well the old old saying is true man does not live by bread alone man lives by belief by faith in things that are larger than himself we really almost diminish all the things we are when,Matthew 4:4,"But he answered and said, It is written, Man shall not live by bread alone, but by every word that proceedeth out of the mouth of God.",0.1188348846663133,TRUE,,0.9
398,5433636065750989285,Remarks to the Congregation of Shiloh Baptist Church,William J. Clinton,2000-10-29,this possible and all the others who have been mentioned i want to thank this church for your outreach-to love not in word but in deed in truth i want to say a special word of appreciation to my friend your delegate in congress eleanor holmes norton for being here,1 John 3:18,"My little children, let us not love in word, neither in tongue; but in deed and in truth.",0.1276509833723304,TRUE,,0.9
429,5466983076252956146,Remarks on Lighting the National Christmas Tree,William J. Clinton,1994-12-07,celebrate the birth of jesus christ the prince of peace let us not forget his lesson that one day we will be asked whether we lived out his love in ways that treated all of our brothers and sisters as we would have treated him even the least of them he taught us all to seek peace and to treat all people with love in this holiday season as we gather our families and often go back to the places where we grew up this is a time to rededicate,Matthew 25:40,"And the King shall answer and say unto them, Verily I say unto you, Inasmuch as ye have done it unto one of the least of these my brethren, ye have done it unto me.",0.7721495723197774,TRUE,,0.9
463,5495827832068982809,Address at a University of Notre Dame Convocation,Gerald R. Ford,1975-03-17,do not share all of the father's views but he is following one nonconformist viewpoint to which i fully subscribe and i quote be not conformed to this world but be ye transformed by the renewing of your mind that ye may prove what is that good and acceptable and perfect will of god to conform to apathy and pessimism is to drop out and to cop out in that sense i fully reject conformity in that sense i am,Romans 12:2,"And be not conformed to this world: but be ye transformed by the renewing of your mind, that ye may prove what is that good, and acceptable, and perfect, will of God.",0.7547041999519867,TRUE,,0.9
470,5498706482026885624,"Remarks to the Clergy in Jamaica, New York",William J. Clinton,1998-10-30,39 hours i didn't do that in college i'm too old to do it now laughter i kept thinking of all those scripture verses you know let us not grow weary in doing good for in due season we shall reap if we do not lose heart i kept thinking well they who wait upon the lord will mount up with wings laughter run and not grow weary walk and,Galatians 6:9,"And let us not be weary in well doing: for in due season we shall reap, if we faint not.",0.931676172465756,TRUE,,0.95
471,5498706482026885624,"Remarks to the Clergy in Jamaica, New York",William J. Clinton,1998-10-30,weary in doing good for in due season we shall reap if we do not lose heart i kept thinking well they who wait upon the lord will mount up with wings laughter run and not grow weary walk and faint not i almost got to the end of that verse before we got peace the other day laughter now,Isaiah 40:31,"But they that wait upon the LORD shall renew their strength; they shall mount up with wings as eagles; they shall run, and not be weary; and they shall walk, and not faint.",0.9552311968693662,TRUE,,0.98
492,5517518532580902173,Toasts at a Dinner Honoring Prime Minister Yitzhak Shamir of Israel,George Bush,1989-04-06,had no choice therefore in the absence of peace we must be strong as you are in one of our prayers we use the words the lord will give his people strength the lord will bless his people with peace first strength then peace we are grateful to the united states for its great contribution to enable our small nation to develop a deterrent capacity,Psalms 29:11,The LORD will give strength unto his people; the LORD will bless his people with peace.,0.9676706906287716,TRUE,,0.95
503,5536236312117999268,Remarks on Lighting the National Christmas Tree,Barack Obama,2009-12-03,"message that has endured for more than 2,000 years that no matter who we are or where we are from we are each called to love one another as brother and sister while this story may be a christian one its lesson is universal it speaks to the hope we share as a people and",1 John 3:11,"For this is the message that ye heard from the beginning, that we should love one another.",0.8600919256660126,TRUE,,0.9
513,5541912282290630002,Remarks at the National Prayer Breakfast,"Joseph R. Biden, Jr.",2022-02-03,democracy to work together to right wrongs that's why we all came here to make the most of our time on earth for if a house divided cannot stand surely a house united can do anything and if we do that i think we'll have done our duty with history,Mark 3:25,"And if a house be divided against itself, that house cannot stand.",0.8920009893347676,TRUE,,0.9
561,5587905432693010654,Remarks at a Welcoming Ceremony for Pope Francis,Barack Obama,2015-09-23,society is not determined by wealth or power or station or celebrity but by how well we hew to scripture's call to lift up the poor and the marginalized to stand up for justice and against inequality and to ensure that every human being is able to live in dignity,Psalms 82:3,Defend the poor and fatherless: do justice to the afflicted and needy.,0.497216544690917,TRUE,,0.9
579,5615517915758464789,"Remarks to the Illinois General Assembly in Springfield, Illinois",Barack Obama,2016-02-10,arguments with douglas and others shaped the national debate that's when he uttered those brilliant words on the steps of the old state capitol that a house divided against itself cannot stand that this government cannot endure permanently half slave and half free he became the first republican president and i believe our greatest president,Mark 3:25,"And if a house be divided against itself, that house cannot stand.",0.9880510953046492,TRUE,,1.0
661,5700113321454193996,The President's Weekly Address,Donald J. Trump (1st Term),2017-10-06,men and women who risked their lives to save their fellow citizens give proof to the words of this scripture the light shines in the darkness and the darkness has not overcome it americans defied death and hatred with love and courage this week our nation remembers all the wonderful people we have lost and,John 1:5,And the light shineth in darkness; and the darkness comprehended it not.,0.8661363970494719,TRUE,,0.9
673,5715281593632321455,Address at the Lighting of the National Community Christmas Tree on the White House Grounds,Harry S Truman,1946-12-24,of isaiah was fulfilled shepherds keeping the watch by night over their flock heard the glad tidings of great joy from the angels of the lord singing glory to god in the highest and on earth peace good will toward men the message of bethlehem best sums up our hopes tonight if we as a nation and the other nations of the world will accept,Luke 2:14,"Glory to God in the highest, and on earth peace, good will toward men.",0.9884237361118956,TRUE,,1.0
677,5715281593632321455,Address at the Lighting of the National Community Christmas Tree on the White House Grounds,Harry S Truman,1946-12-24,war any more selfishness and greed individual or national cause most of our troubles he whose birth we celebrate tonight was the world's greatest teacher he said therefore all things whatsoever ye would that men should do to you do ye even so to them for this is the law and the prophets through all the centuries since he spoke history has vindicated his teaching in this great country of ours has been demonstrated the fundamental unity of christianity and,Matthew 7:12,"Therefore all things whatsoever ye would that men should do to you, do ye even so to them: for this is the law and the prophets.",0.9741404647524764,TRUE,,1.0
683,5715281593632321455,Address at the Lighting of the National Community Christmas Tree on the White House Grounds,Harry S Truman,1946-12-24,made gives hope that in the coming year we shall reach our goal may 1947 entitle us to the benediction of the master blessed are the peacemakers for they shall be called the children of god because of what we have achieved for peace because of all the promise our future holds i say to all my countrymen merry christmas,Matthew 5:9,Blessed are the peacemakers: for they shall be called the children of God.,0.98941663140172,TRUE,,1.0
699,5733396703532595498,"Address at University of Georgia, Athens, Georgia",Franklin D. Roosevelt,1938-08-11,immunity apparently a law or a clause in the constitution was not enough what is law without enforcement apparently the biblical method the divine method let there be light-and there was light did not work as mere man's dictum then i began to analyze was it due to lack of interest no not at all,Genesis 1:3,"And God said, Let there be light: and there was light.",0.5718402560852498,TRUE,,0.9
711,5749337796633812552,Remarks in Buffalo on Beginning a 3-Day Trip in New York and New England.,Lyndon B. Johnson,1966-08-19,states but i want to talk to you this afternoon about a program that has touched the lives of millions of americans the psalms say cast me not off in the time of old age and we are taking that literally a few years ago almost one in two older americans had little or no financial protection against the high,Psalms 71:9,Cast me not off in the time of old age; forsake me not when my strength faileth.,0.5776261409947294,TRUE,,0.9
715,5751246420525767019,"Remarks at the Brookland Baptist Church Banquet and Conference Center in West Columbia, South Carolina","Joseph R. Biden, Jr.",2024-01-28,aside there's a great deal at stake i'm not going to take a lot of your time but you know the bible teaches that we shall know the truth and the truth shall set us free well i think we do know the truth we do know the truth we do know what the choice is here it's pretty stark and it's about dignity respect it's about whether we believe you know we're the-i'll get,John 8:32,"And ye shall know the truth, and the truth shall make you free.",0.9295085879403998,TRUE,,0.95
726,5763677887977110190,Remarks to Members of the National Citizens Committee for Community Relations,Lyndon B. Johnson,1964-08-18,ever be other than it is today but we would do well always to recall the words spoken in another time by another president a house divided against itself cannot stand that was true a century ago it is no less true today across our national house a long shadow is being cast at the,Mark 3:25,"And if a house be divided against itself, that house cannot stand.",0.949668557458404,TRUE,,0.9
769,5788796782536196149,"Remarks at a Rally in Augusta, Georgia",Lyndon B. Johnson,1964-10-26,and when they were rude and when they didn't show good manners to turn your other cheek and say dear lord please forgive them for they know not what they do and i think that is the way that the people of the 50 states are feeling we don't feel hurt and we don't feel,Luke 23:34,"Then said Jesus, Father, forgive them; for they know not what they do. And they parted his raiment, and cast lots.",0.7434738279168561,TRUE,,0.9
782,5798529025948029202,Radio and Television Remarks Opening the Nation's Community Chest Campaign,Harry S Truman,1952-09-27,to meet the needs of others we are at our best in this great land of ours we live together as neighbors over nineteen hundred years ago jesus christ was asked the question who is my neighbor he replied with the immortal story of the good samaritan--how he helped a stranger he found by the roadside a man who had been robbed and beaten and left for dead our duty to our neighbors is the same today as it was in the time of jesus when we contribute to the community chest we are doing as he taught us to do we are helping those who need our help these,Luke 10:30,"And Jesus answering said, A certain man went down from Jerusalem to Jericho, and fell among thieves, which stripped him of his raiment, and wounded him, and departed, leaving him half dead.",0.5249557499612094,TRUE,,0.9
828,5847144290863721597,"Remarks to the Community in Atlanta, Georgia",George W. Bush,2002-01-31,best way-people say well what can i do to help well there's ways you can help by being alert but i'm asking people to fight evil with good as you can probably tell from my speeches i don't see any shades of gray in the war against terror it's either evil applause i also believe,Romans 12:21,"Be not overcome of evil, but overcome evil with good.",0.6801584734634191,TRUE,,0.9
864,5901101649676065630,Remarks on Presenting the Presidential Medal of Freedom to Mother Teresa,Ronald Reagan,1985-06-20,tender love for the poorest of the poor but this love begins at home in your own family and it begins by praying together prayer gives a clean heart and a clean heart can see god and if you see god in each other you will have love peace joy together and works of love are works of peace and,Psalms 51:10,"Create in me a clean heart, O God; and renew a right spirit within me.",0.7425092680705849,TRUE,,0.9
865,5901101649676065630,Remarks on Presenting the Presidential Medal of Freedom to Mother Teresa,Ronald Reagan,1985-06-20,wonderful opportunity for each one of us to be 24 hours with jesus and in doing what we are doing as he said if you receive a little child in my name you receive me if you give a glass of water in my name you give it to me what a wonderful and beautiful tenderness and love of christ for each one of us so once more i want,Matthew 18:5,And whoso shall receive one such little child in my name receiveth me.,0.9649371560547344,TRUE,,0.95
876,5909433813615402840,Address at a Memorial to William Jennings Bryan.,Franklin D. Roosevelt,1934-05-03,of wealth but i thank god for the democracy of the heart many years ago he also said you may dispute over whether i have fought a good fight you may dispute over whether i have finished my course but you cannot deny that i have kept the faith we who are assembled here today to accept this memorial in the capital of the republic can well agree that he fought a good fight that he finished his course and that he kept the faith franklin d roosevelt address at a memorial to william jennings bryan,2 Timothy 4:7,"I have fought a good fight, I have finished my course, I have kept the faith:",0.9247877465655604,TRUE,,1.0
908,595228473538960539,Commencement Address at Holy Cross College.,Lyndon B. Johnson,1964-06-10,realize in our time the ancient hope of a world which is a fit home for mail the new testament enjoins us to go ye therefore and teach all nations go forth then--in that spirit--to put your hands in the service of man and to put your hearts in the service of god thank you,Matthew 28:19,"Go ye therefore, and teach all nations, baptizing them in the name of the Father, and of the Son, and of the Holy Ghost:",0.693715783587119,TRUE,,0.9
969,6012591309157596170,Address at the Laying of the Cornerstone of the New U.S. Courts Building for the District of Columbia.,Harry S Truman,1950-06-27,ability as a nation we must devote ourselves to that struggle and in the words of the ancient hebrew prophet we should say let judgment run down as waters and righteousness as a mighty stream in no other way can the nations of the earth endure note the president spoke at 3:43 p.m in his opening words he referred to,Amos 5:24,"But let judgment run down as waters, and righteousness as a mighty stream.",0.9980785402512174,TRUE,,1.0
977,602889210074953832,Toasts of the President and President Zalman Shazar of Israel,Lyndon B. Johnson,1966-08-02,above all mr president we share in common the vision of peace you call shalom the prophet micah described it in this way that every man sit under his vine and fig tree and none shall make him afraid as our beloved great late president john f kennedy said on may 8 1963 as a declaration of the leader of,Micah 4:4,But they shall sit every man under his vine and under his fig tree; and none shall make them afraid: for the mouth of the LORD of hosts hath spoken it.,0.98650921101223,TRUE,,1.0
1006,6067564752658493582,"Remarks and a Question-and-Answer Session With the American Society of Newspaper Editors in San Francisco, California",William J. Clinton,1999-04-15,is a zero-sum game you kick me out of my village i'll kick you out of your village the bible says wisely where there is no vision the people perish we need to have an alternative vision they need to be brought into the vision of a prosperous europe they need to have more to,Proverbs 29:18,"Where there is no vision, the people perish: but he that keepeth the law, happy is he.",0.9513142251154324,TRUE,,1.0
1033,6094143361563315119,"Transcript of Broadcast on NBC's ""Huntley-Brinkley Report.""",John F. Kennedy,1963-09-09,think it is very important that the senate pass it you know the old story that who prepares for battle that the trumpet blows an uncertain sound well i think that if the united states senate rejected that treaty after the government has committed itself to it the sound from,1 Corinthians 14:8,"For if the trumpet give an uncertain sound, who shall prepare himself to the battle?",0.7820584445657078,TRUE,,0.9
1048,6111046538334522684,Remarks to Firefighters and Law Enforcement Personnel in Los Angeles,George Bush,1992-05-08,heroic job well done you know at a time like this you think of your faith and you remember that the bible talked about blessed are the peacemakers well i must say when i think of the firefighters and the highway patrol i think of what you have done and frankly do all the time,Matthew 5:9,Blessed are the peacemakers: for they shall be called the children of God.,0.6633392856082116,TRUE,,0.9
1053,6119859876185870732,Remarks at the Commencement Exercises of the National Cathedral School.,Lyndon B. Johnson,1965-06-01,so by testing ideas in the forum of the nation we discover their strength as well as their wisdom as the bible says where no counsel is the people fall but in the multitude of counselors there is safety therefore we welcome and we ask for new ideas from serious and concerned men and women from universities and journals and public platforms all across this,Proverbs 11:14,"Where no counsel is, the people fall: but in the multitude of counsellors there is safety.",0.8908084476465745,TRUE,,1.0
1059,6119859876185870732,Remarks at the Commencement Exercises of the National Cathedral School.,Lyndon B. Johnson,1965-06-01,the substance of your home to those in need in every continent of the earth you must in the words of the bible let your light so shine before men that they may seek your good works then only will you have earned what you have so abundantly received as is in evidence here this morning then only will you,Matthew 5:16,"Let your light so shine before men, that they may see your good works, and glorify your Father which is in heaven.",0.9974028218451672,TRUE,,0.99
1065,6122903513322710478,"Remarks at the Coliseum, Knoxville, Tennessee",Lyndon B. Johnson,1964-05-07,fight this war and help us win this victory and let us not wait for the day when the prophet will say that the harvest is past and the summer is ended and we are not yet saved let us instead work together so that one day we may hear the benediction well done thou good and faithful servant i,Jeremiah 8:20,"The harvest is past, the summer is ended, and we are not saved.",0.9955959311646004,TRUE,,0.95
1144,6179775502098614897,"Remarks at the Annual Swedish Day Picnic, Minnehaha Park, Minneapolis",Lyndon B. Johnson,1964-06-28,the chairman of today's event mr johnson and all the other johnsons in the crowd ladies and gentlemen the bible counsels us to everything there is a season and a time to every purpose under the heaven a time of war and a time of peace so i come today to speak to you in the hope that after decades of war and threats of war we may be nearing,Ecclesiastes 3:1,"To every thing there is a season, and a time to every purpose under the heaven:",0.8435761404308697,TRUE,,0.9
1153,6179775502098614897,"Remarks at the Annual Swedish Day Picnic, Minnehaha Park, Minneapolis",Lyndon B. Johnson,1964-06-28,generations if you can do this if you do do this then our children's children will gladly remember us in the ancient phrase blessed are the peacemakers for they shall be called the children of god please take care of things out here in minnesota for gene mccarthy so he can help me take care of things in the nation,Matthew 5:9,Blessed are the peacemakers: for they shall be called the children of God.,0.976546132742106,TRUE,,0.9
1173,6205211228570530613,"Remarks at a Memorial Service for Victims of the Shootings at Fort Hood, Texas",Barack Obama,2014-04-09,in our lives-in our joys and in our sorrows-we've learned that there is a time for every matter under heaven we laugh and we weep we celebrate and we mourn we serve in war and we pray for peace but,Ecclesiastes 3:1,"To every thing there is a season, and a time to every purpose under the heaven:",0.3766544629342421,TRUE,,0.8
1202,6224361122146870948,Remarks at a Town Hall Meeting and Question-and-Answer Session in Costa Mesa,Barack Obama,2009-03-18,create the jobs of the future and we're trying to get this economy moving again fix the banking system so that you start seeing more economic activity i have confidence that you will find a job i have confidence in you but in the meantime the most that i can do is to make sure that you've got unemployment insurance that you can rely on,2 Corinthians 7:16,I rejoice therefore that I have confidence in you in all things.,0.9147230014550152,TRUE,,0.9
1218,6246375340041571429,Remarks at a National Coalition of Minority Business Award Dinner,William J. Clinton,1999-11-10,too which is why all these businesses are here tonight so we have come a long way by following the admonition of the scriptures to be doers of the word and not hearers only twelve years ago or in the 12 years before the vice president and i came here we had a very different view i think of ourselves,James 1:22,"But be ye doers of the word, and not hearers only, deceiving your own selves.",0.8671035331942705,TRUE,,0.9
1235,6281024338714468353,Eulogy Delivered at Funeral Services for J. Edgar Hoover,Richard Nixon,1972-05-04,which edgar hoover called his guide to daily life we find the words which best pronounce a benediction on his death they are from the psalms great peace have they which love thy law j edgar hoover loved the law of his god he loved the law of his country and he richly earned peace through all eternity note the,Psalms 119:165,Great peace have they which love thy law: and nothing shall offend them.,0.9887130748186502,TRUE,,0.95
1335,637775446808365100,Remarks at the 20th Washington Conference of the Advertising Council,Lyndon B. Johnson,1964-05-06,in the balance and the future of our land is at stake let us not wait for the day when the prophet will say that the harvest is past and the summer is ended and we are not saved let us instead work together so that one day we may hear the benediction well done thou good and faithful servants so i ask you this,Jeremiah 8:20,"The harvest is past, the summer is ended, and we are not saved.",0.9890940105464376,TRUE,,0.95
1343,638780048479302895,Remarks Following Discussions With Pope John Paul II in Vatican City,Ronald Reagan,1987-06-06,same ideals and values you so eloquently champion a striving for peace and justice human rights and above all our duty as fellow creatures of god to love one another not long ago your holiness you visited canada where you spoke passionately of the moral obligation of the wealthier nations to share with those less,John 15:17,"These things I command you, that ye love one another.",0.3418574463408223,TRUE,,0.9
1350,6389034078209415442,"Remarks at a Martin Luther King, Jr., Holiday Celebration",George W. Bush,2002-01-21,my life to something eternal and absolute not to these little gods that are here today and gone tomorrow but to god who is the same yesterday today and forever that faith gave dr king the grace to forgive and the strength to love he refused to answer hatred with,Hebrews 13:8,"Jesus Christ the same yesterday, and to day, and for ever.",0.7422657048405701,TRUE,,0.9
1374,6409003739636393512,Remarks Prepared for Delivery at the Trade Mart in Dallas,John F. Kennedy,1963-11-22,our strength with wisdom and restraint and that we may achieve in our time and for all time the ancient vision of peace on earth good will toward men that must always be our goal and the righteousness of our cause must always underlie our strength for as was written long ago except the lord,Luke 2:14,"Glory to God in the highest, and on earth peace, good will toward men.",0.8598723666424548,TRUE,,0.9
1375,6409003739636393512,Remarks Prepared for Delivery at the Trade Mart in Dallas,John F. Kennedy,1963-11-22,good will toward men that must always be our goal and the righteousness of our cause must always underlie our strength for as was written long ago except the lord keep the city the watchman waketh but in vain john f kennedy remarks prepared for delivery at the trade mart in dallas,Psalms 127:1,"Except the LORD build the house, they labour in vain that build it: except the LORD keep the city, the watchman waketh but in vain.",0.7375373551939991,TRUE,,0.9
1379,6417722873395600504,"Remarks on the 50th Anniversary of the Central Intelligence Agency in Langley, Virginia",William J. Clinton,1997-09-16,and the intelligence community thank you for your presence in the walls here at langley there is inscribed that magnificent verse of scripture and ye shall know the truth and the truth shall make you free for five decades the men and women of the cia have made it their mission to bring that truth to light often at tremendous,John 8:32,"And ye shall know the truth, and the truth shall make you free.",0.962682436311606,TRUE,,1.0
1408,6436264786797909818,Remarks at the Annual Convention of the National Religious Broadcasters,George Bush,1992-01-27,soviet union where those once oppressed crowd reopened churches and synagogues look to eastern europe where christmas carols warm the bright winter chill it is written in the beginning was the word here is the word for 1992 today the times are on the side of peace because the world increasingly is on the side,John 1:1,"In the beginning was the Word, and the Word was with God, and the Word was God.",0.1877734090625575,TRUE,,0.9
1457,6482601802671849194,Remarks on Lighting the National Christmas Tree,George W. Bush,2007-12-06,disappoint anyone we're proud you're here and thank you for your beautiful music christmas is a time of rejoicing and reflection each year at this time we rejoice in the proclamation of good news that in bethlehem of judea a savior was born and we rejoice in the christmas promise of peace to men of good will we also reflect on the mystery of christmas the story of the almighty who entered history in the,Luke 2:11," For unto you is born this day in the city of David a Saviour, which is Christ the Lord.",0.1612792776358232,TRUE,,0.9
1472,6493258336946938644,Inaugural Address,George W. Bush,2005-01-20,day of our founding we have proclaimed that every man and woman on this earth has rights and dignity and matchless value because they bear the image of the maker of heaven and earth across the generations we have proclaimed the imperative of self-government because no one is fit to be a master and no,1 Corinthians 15:49,"And as we have borne the image of the earthy, we shall also bear the image of the heavenly.",0.4091683932344376,TRUE,,0.9
79,6630099578260734594,"Remarks at a Memorial Service for Victims of the Shootings in Dallas, Texas",Barack Obama,2016-07-12,in bringing about lasting change i've seen how inadequate my own words have been and so i'm reminded of a passage in john's gospel first john white house correction let us love not with words or speech but with actions and in truth if we're to sustain the unity we need to get through these difficult times if we are to honor these five outstanding officers who we've lost then,1 John 3:18,"My little children, let us not love in word, neither in tongue; but in deed and in truth.",0.2817764693022029,TRUE,,0.9
80,6630099578260734594,"Remarks at a Memorial Service for Victims of the Shootings in Dallas, Texas",Barack Obama,2016-07-12,of these things i've seen too many families go through this but then i am reminded of what the lord tells ezekiel i will give you a new heart the lord says and put a new spirit in you i will remove from you your heart of stone and give you a heart of flesh that's what we must pray for each of us a new heart not a heart of stone but a heart open to the fears and hopes and challenges of our fellow citizens that's what we've,Ezekiel 36:26,"A new heart also will I give you, and a new spirit will I put within you: and I will take away the stony heart out of your flesh, and I will give you an heart of flesh.",0.8905766172964725,TRUE,,0.9
83,6630099578260734594,"Remarks at a Memorial Service for Victims of the Shootings in Dallas, Texas",Barack Obama,2016-07-12,i believe our sorrow can make us a better country i believe our righteous anger can be transformed into more justice and more peace weeping may endure for a night but i'm convinced joy comes in the morning we cannot match the sacrifices made by officers zamarripa and ahrens krol smith and thompson but surely,Psalms 30:5,"For his anger endureth but a moment; in his favour is life: weeping may endure for a night, but joy cometh in the morning.",0.8909656686185076,TRUE,,0.9
136,6680097966714006683,Remarks on Signing the 1987 National Day of Prayer Proclamation,Ronald Reagan,1986-12-22,praise and most especially our love all turned toward a loving god the talmud calls prayer the service of the heart and st paul urged us to pray without ceasing of course it's important to remember that prayer doesn't always mean asking god to give us something prayer can also be a vehicle for worship-for,1 Thessalonians 5:17,Pray without ceasing.,0.979668726289306,TRUE,,1.0
138,6680097966714006683,Remarks on Signing the 1987 National Day of Prayer Proclamation,Ronald Reagan,1986-12-22,a great and holy prophet and others adore as the son of god listen if you will for a moment to the words of the scriptures and there were in the same country shepherds abiding in the field keeping watch over their flock by night and lo the angel of the lord came upon them and the glory of the lord shone round about them and suddenly there was with,Luke 2:8,"And there were in the same country shepherds abiding in the field, keeping watch over their flock by night.",0.8567468410511833,TRUE,,0.9
139,6680097966714006683,Remarks on Signing the 1987 National Day of Prayer Proclamation,Ronald Reagan,1986-12-22,to the words of the scriptures and there were in the same country shepherds abiding in the field keeping watch over their flock by night and lo the angel of the lord came upon them and the glory of the lord shone round about them and suddenly there was with the angel a multitude of the heavenly host praising god and saying glory to god in the highest and on,Luke 2:9,"And, lo, the angel of the Lord came upon them, and the glory of the Lord shone round about them: and they were sore afraid.",0.9947624540167882,TRUE,,1.0
142,6680097966714006683,Remarks on Signing the 1987 National Day of Prayer Proclamation,Ronald Reagan,1986-12-22,over their flock by night and lo the angel of the lord came upon them and the glory of the lord shone round about them and suddenly there was with the angel a multitude of the heavenly host praising god and saying glory to god in the highest and on earth peace good will toward men perhaps in our own prayers we would do well to remember the words of the heavenly host on that one still night so long ago each of us in our own way giving glory to god and asking in all earnestness for peace on,Luke 2:13,"And suddenly there was with the angel a multitude of the heavenly host praising God, and saying,",0.9286103501902712,TRUE,,0.9
143,6680097966714006683,Remarks on Signing the 1987 National Day of Prayer Proclamation,Ronald Reagan,1986-12-22,lord shone round about them and suddenly there was with the angel a multitude of the heavenly host praising god and saying glory to god in the highest and on earth peace good will toward men perhaps in our own prayers we would do well to remember the words of the heavenly host on that one still night so long ago each of us in our own way giving glory to god and asking in all earnestness for peace on earth and good will toward men so thank you and god bless you all and now i shall sign the proclamation and of course you don't have to wait until,Luke 2:14,"Glory to God in the highest, and on earth peace, good will toward men.",0.9652050032178754,TRUE,,0.95
185,672555301851758638,Remarks at a Fundraising Dinner in Detroit,Lyndon B. Johnson,1964-06-26,prosperity we must first turn it toward relief of the oppressed the underprivileged and the helpless we must in the words of the bible learn to do well seek judgment relieve the oppressed judge the fatherless plead for the widow in this pursuit we will turn special attention to the problems of older americans retirement should be a time of serenity and fulfillment not deprivation,Isaiah 1:17,"Learn to do well; seek judgment, relieve the oppressed, judge the fatherless, plead for the widow.",0.9643500345198484,TRUE,,1.0
214,6750455881443246774,Remarks at the Lincoln Memorial.,Lyndon B. Johnson,1964-02-12,to us calling for union saying from its rivers and ranges from the alleghenies to the rockies that this is one nation a house divided against itself cannot stand--this was what the winds were saying we stand with lincoln for union and for the freedom of all men but the,Mark 3:25,"And if a house be divided against itself, that house cannot stand.",0.9272686641104034,TRUE,,0.9
241,6769116008332678972,"Remarks to the National Campers and Hikers Association in Bowling Green, Kentucky",Ronald Reagan,1984-07-12,on these principles we have proceeded and we shall continue to act as long as we hold office three thousand years ago the psalmist wrote i will lift up mine eyes unto the hills from whence cometh my help the american writer and naturalist henry david thoreau whose 167th birthday we celebrate today expressed a similar belief in wildness he wrote is the preservation of,Psalms 121:1,"I will lift up mine eyes unto the hills, from whence cometh my help.",0.895435000519954,TRUE,,1.0
244,6775362257312429574,Remarks in Philadelphia at a Dinner Sponsored by the Democratic County Executive Committee,John F. Kennedy,1963-10-30,construction providing housing for our older citizens through loans and mortgage insurance and public housing at a rate several times higher than ever before in our history cast me not off in the time of old age says the psalmist in the bible and we intend to see to it that in modern times no american is forgotten or ill-treated or cast off by this country in his time of old age finally i said 3 years ago that i believe in an america where the rights that i have described are enjoyed by all,Psalms 71:9,Cast me not off in the time of old age; forsake me not when my strength faileth.,0.8281656828884919,TRUE,,1.0
247,6781603495026415957,Remarks at a Meeting of the Washington Press Club,Gerald R. Ford,1974-09-18,lord had made the world today he would have spent 6 days creating the heavens and the earth and all the living creatures upon it but on the seventh day he would not have rested he would have justified it to helen thomas laughter i also want to say a special hello to all my,Exodus 16:30,So the people rested on the seventh day.,0.9641788541212706,TRUE,,0.9
255,6793859339444218340,Remarks at the Honor America Program.,Gerald R. Ford,1976-07-03,be many reverent thanksgivings all over america this week and next but we americans are uncomfortable with too much solemnity we like to make a joyful noise unto the lord to sing our country's praise with grateful hearts laughter and liberty go well together ragtime and jazz marches as well as hymns and spirituals set,Psalms 100:1,"Make a joyful noise unto the LORD, all ye lands.",0.8352664553877484,TRUE,,0.9
360,6868116418581616535,Remarks at the Easter Prayer Breakfast,Barack Obama,2012-04-04,like us jesus knew fear in the garden of gethsamane with attackers closing in around him jesus told his disciples my soul is overwhelmed with sorrow to the point of death he fell to his knees pleading with his father saying if it is possible may this cup be taken from me and yet in the end,Matthew 26:38,"Then saith he unto them, My soul is exceeding sorrowful, even unto death: tarry ye here, and watch with me.",0.3049385362004512,TRUE,,0.9
360,6868116418581616535,Remarks at the Easter Prayer Breakfast,Barack Obama,2012-04-04,like us jesus knew fear in the garden of gethsamane with attackers closing in around him jesus told his disciples my soul is overwhelmed with sorrow to the point of death he fell to his knees pleading with his father saying if it is possible may this cup be taken from me and yet in the end,Matthew 26:39,"And he went a little farther, and fell on his face, and prayed, saying, O my Father, if it be possible, let this cup pass from me: nevertheless not as I will, but as thou wilt.",0.3049385362004512,TRUE,,0.9
360,6868116418581616535,Remarks at the Easter Prayer Breakfast,Barack Obama,2012-04-04,end he confronted his fear with words of humble surrender saying if it is not possible for this cup to be taken away unless i drink it may your will be done so it is only because jesus conquered his own anguish conquered his fear that we're able to celebrate the resurrection it's only because,Matthew 26:42,"He went away again the second time, and prayed, saying, O my Father, if this cup may not pass away from me, except I drink it, thy will be done.",0.3049385362004512,TRUE,,0.9
360,6868116418581616535,Remarks at the Easter Prayer Breakfast,Barack Obama,2012-04-04,and we will know in the words of the apostle paul christ jesus and him crucified it's an opportunity for us to reflect on the triumph of the resurrection and to give thanks for the all-important gift of grace and for me and i'm sure for some of you it's also a chance to remember the tremendous sacrifice that led up to that day and all that christ endured,1 Corinthians 2:2,"For I determined not to know any thing among you, save Jesus Christ, and him crucified.",0.3049385362004512,TRUE,,0.9
360,6868116418581616535,Remarks at the Easter Prayer Breakfast,Barack Obama,2012-04-04,we should remember christ's own doubts and eventually his own triumph jesus told us as much in the book of john when he said in this world you will have trouble i heard an amen laughter let me repeat in this world you will have trouble audience amen but take heart laughter i have overcome the world applause we are here today to celebrate that glorious overcoming the sacrifice of a risen savior who died so that we might live,John 16:33,"These things I have spoken unto you, that in me ye might have peace. In the world ye shall have tribulation: but be of good cheer; I have overcome the world.",0.3049385362004512,TRUE,,0.9
468,6956568896755860101,Radio Address to the Nation on the Congressional Agenda and the Economy,Ronald Reagan,1982-11-06,and the return of millions of americans to our country's work force that wonderful old testament book of ecclesiastes teaches us that to everything there is a season well my fellow citizens i've never believed more strongly that america is beginning a season of hope a genuine hope that springs from the vitality of the,Ecclesiastes 3:1,"To every thing there is a season, and a time to every purpose under the heaven:",0.8900938601425389,TRUE,,0.9
571,7035821857422929712,Remarks on Signing the King Holiday and Service Act of 1994,William J. Clinton,1994-08-23,we would be able to walk hand in hand together into a brighter tomorrow he said and i quote every man must decide whether he will walk in the light of creative altruism or the darkness of destructive selfishness life's most persistent and urgent question is what are you doing for others today we can,Proverbs 2:13,"Who leave the paths of uprightness, to walk in the ways of darkness;",0.9514132902750846,TRUE,,0.95
585,7056240941558746207,"Remarks at a Memorial Service in Fort Campbell, Kentucky, for the Members of the 101st Airborne Division Who Died in the Airplane Crash in Gander, Newfoundland",Ronald Reagan,1985-12-16,meet their work was a perfect expression of the best of the judeo-christian tradition they were the ones of whom christ spoke when he said blessed are the peacemakers for they shall be called the children of god tragedy is nothing new to mankind but somehow it's always a surprise never loses its power to astonish those of us who did not lose a brother,Matthew 5:9,Blessed are the peacemakers: for they shall be called the children of God.,0.8709031328811794,TRUE,,0.95
607,7082543862497323169,Remarks at the Fifth Millennium Evening at the White House,William J. Clinton,1999-01-25,way to get there i thank them both for ending on a note of hope and for recognizing that you cannot have hope without faith-for believers faith in god and in the end you cannot practice hope without charity or love one of the dilemmas i constantly confront as president is the necessity of believing,1 Corinthians 13:13,"And now abideth faith, hope, charity, these three; but the greatest of these is charity.",0.6691245086892386,TRUE,,0.7
621,7092650389551530043,Address before the Federal Council of Churches of Christ in America,Franklin D. Roosevelt,1933-12-06,collective murder-lynch law-which has broken out in our midst anew we know that it is murder and a deliberate and definite disobedience of the commandment thou shalt not kill we do not excuse those in high places or in low who condone lynch law but a thinking america goes farther it seeks a government of,Deuteronomy 5:17,Thou shalt not kill.,0.3268028666360371,TRUE,,1.0
622,7092650389551530043,Address before the Federal Council of Churches of Christ in America,Franklin D. Roosevelt,1933-12-06,collective murder-lynch law-which has broken out in our midst anew we know that it is murder and a deliberate and definite disobedience of the commandment thou shalt not kill we do not excuse those in high places or in low who condone lynch law but a thinking america goes farther it seeks a government of,Exodus 20:13,Thou shalt not kill.,0.5750056816338612,TRUE,,1.0
630,7104061560598308182,"Remarks at the Dedication Ceremony for the Police Memorial in Portland, Oregon",George Bush,1990-05-20,just plain courage qualities that define the essence of law enforcement officers and of the united states of america as well in the bible we read greater love hath no man than this that a man lay down his life for his friends the men we salute today laid down their lives for us we meet today to thank them on behalf of every american there will be 21 names,John 15:13,"Greater love hath no man than this, that a man lay down his life for his friends.",0.8372389630050359,TRUE,,0.95
648,7136633486394252334,Remarks at the University of Texas at Austin,William J. Clinton,1995-10-16,the national mirror and were brave enough to say this is not who we are we're better than that abraham lincoln reminded us that a house divided against itself cannot stand when divisions have threatened to bring our house down somehow we have always moved together to shore it up my fellow americans our house,Mark 3:25,"And if a house be divided against itself, that house cannot stand.",0.9941974387099026,TRUE,,1.0
662,7141966336859340471,Remarks on the Proposed Crime Victims' Rights Amendment to the Constitution,George W. Bush,2002-04-16,to congratulate them publicly for loving your neighbor just like you'd like to be loved yourself you've chosen to live out the words of saint paul be not overcome of evil but overcome evil with good and our nation struggles-as our nation struggles to overcome the evil of september the 11th your lives the example you set stand out as,Romans 12:21,"Be not overcome of evil, but overcome evil with good.",0.894714570637602,TRUE,,1.0
713,7186320184641810777,"Remarks at Xavier University in New Orleans, Louisiana",Barack Obama,2010-08-29,striking was all the greenery that had begun to come back and i was reminded of a passage from the book of job there is hope for a tree if it be cut down that it will sprout again and that its tender branch will not cease the work ahead will not be easy and there will be setbacks there will be challenges along the way but thanks to you,Job 14:7,"For there is hope of a tree, if it be cut down, that it will sprout again, and that the tender branch thereof will not cease.",0.9508972469874868,TRUE,,1.0
716,7189147797564651538,Radio Address to the Nation on Christmas,Ronald Reagan,1983-12-24,celebrate christmas as the birthday of a great teacher and philosopher but to other millions of us jesus is much more he is divine living assurance that god so loved the world he gave us his only begotten son so that by believing in him and learning to love each other we could one day be together in paradise it's been said that all the,John 3:16,"For God so loved the world, that he gave his only begotten Son, that whosoever believeth in him should not perish, but have everlasting life.",0.905216668822341,TRUE,,1.0
720,7189147797564651538,Radio Address to the Nation on Christmas,Ronald Reagan,1983-12-24,sat have not done as much to advance the cause of peace on earth and good will to men as the man from galilee jesus of nazareth christmas is also a time to remember the treasures of our own history we remember one christmas in particular 1776 our first year,Luke 2:14,"Glory to God in the highest, and on earth peace, good will toward men.",0.130935037792828,TRUE,,0.9
744,7217347906929110324,Prayer at Christmas II: Holy Eucharist Services,William J. Clinton,2000-01-02,the first lady we pray also for the world for the leaders of the nations and for those who strive and work for peace that all swords may be turned into plowshares and none may hurt or destroy,Isaiah 2:4,"And he shall judge among the nations, and shall rebuke many people: and they shall beat their swords into plowshares, and their spears into pruninghooks: nation shall not lift up sword against nation, neither shall they learn war any more.",0.7576914942125273,TRUE,,0.9
746,7217347906929110324,Prayer at Christmas II: Holy Eucharist Services,William J. Clinton,2000-01-02,"to this second morning of a new millennium help us to remember that all we are and all we do begins with you for whom a thousand years are but as yesterday when it is past and as a watch in the night so we begin this jubilee year in humility with profound thanks for the divine light first revealed 2,000 years ago that has brought us now to this",Psalms 90:4,"For a thousand years in thy sight are but as yesterday when it is past, and as a watch in the night.",0.9946028166143822,TRUE,,1.0
748,7217347906929110324,Prayer at Christmas II: Holy Eucharist Services,William J. Clinton,2000-01-02,unto all men as you wish to have done to you and reject for others what you would reject for yourself the talmud instructs us should anyone turn aside the right of the stranger it is as though he were to turn aside the right of the most high god by your grace we have survived in spite of our blindness to this your truth help us now to accept at long last the enduring,Lamentations 3:35,"To turn aside the right of a man before the face of the most High,",0.9068178952724474,TRUE,,0.9
748,7217347906929110324,Prayer at Christmas II: Holy Eucharist Services,William J. Clinton,2000-01-02,our constitution tells us you created us all equal jesus told us to love our neighbors as ourselves the koran says we must do unto all men as you wish to have done to you and reject for others what you would reject for yourself,Matthew 22:39,"And the second is like unto it, Thou shalt love thy neighbour as thyself.",0.9068178952724474,TRUE,,0.9
768,723246867703178168,Remarks at a Democratic National Committee Dinner,William J. Clinton,1997-03-11,the role of government in our lives and i think the election pretty much resolved that and we decided we would no longer try to have our daily bread by demonizing our government in a democratic free society i can say that this administration has done more to reduce the size of government and the,Matthew 6:11,Give us this day our daily bread.,0.1625336153562707,TRUE,,0.9
774,7239844580217001944,Remarks Announcing Guidelines on Religious Exercise and Religious Expression in the Federal Workplace,William J. Clinton,1997-08-14,done to protect religious freedom within the bounds of our constitution when people of good will and faith come together my own faith rooted in the assurance of things hoped for and the convictions of things unseen calls those of us who share it to a lifelong effort not only to deepen the understanding of,Hebrews 11:1,"Now faith is the substance of things hoped for, the evidence of things not seen.",0.3625557193742438,TRUE,,0.9
817,727940936017725921,"Address to the 43d Session of the United Nations General Assembly in New York, New York",Ronald Reagan,1988-09-26,i cannot help but think this morning of other beginnings of where and when i first read those words and they shall beat their swords into plowshares and your young men shall see visions and your old men shall dream dreams this morning my thoughts go to her who gave me many things in life but her most important gift was the knowledge of happiness,Isaiah 2:4,"And he shall judge among the nations, and shall rebuke many people: and they shall beat their swords into plowshares, and their spears into pruninghooks: nation shall not lift up sword against nation, neither shall they learn war any more.",0.9022183718138082,TRUE,,0.9
817,727940936017725921,"Address to the 43d Session of the United Nations General Assembly in New York, New York",Ronald Reagan,1988-09-26,i cannot help but think this morning of other beginnings of where and when i first read those words and they shall beat their swords into plowshares and your young men shall see visions and your old men shall dream dreams this morning my thoughts go to her who gave me many things in life but her most important gift was the knowledge of happiness,Acts 2:17,"And it shall come to pass in the last days, saith God, I will pour out of my Spirit upon all flesh: and your sons and your daughters shall prophesy, and your young men shall see visions, and your old men shall dream dreams:",0.9022183718138082,TRUE,,0.9
823,7279884456813561434,Address in Connection With the Lighting of the National Community Christmas Tree on the White House Grounds,Harry S Truman,1951-12-24,words of the bible the day is not yet here when the bow shall be broken and the lance cut off and the chariot burned but we have faith that that day will come we will be strong so long,Psalms 46:9,"He maketh wars to cease unto the end of the earth; he breaketh the bow, and cutteth the spear in sunder; he burneth the chariot in the fire.",0.6161492161595542,TRUE,,0.9
825,7279884456813561434,Address in Connection With the Lighting of the National Community Christmas Tree on the White House Grounds,Harry S Truman,1951-12-24,that day will come we will be strong so long as we keep that faith--the faith that can move mountains the faith which as st paul says is the substance of things hoped for the evidence of things not seen let us ask god to bless our efforts and redeem our faults let us resolve to follow his commandments--to carry the gospel to the poor,Hebrews 11:1,"Now faith is the substance of things hoped for, the evidence of things not seen.",0.9560573008024896,TRUE,,0.95
826,7279884456813561434,Address in Connection With the Lighting of the National Community Christmas Tree on the White House Grounds,Harry S Truman,1951-12-24,of peace that victory is promised to us it was promised to us long ago in the words of the angel choir that sang over bethlehem glory to god in the highest and on earth peace good will toward men to all my countrymen merry christmas harry s truman address in connection with the lighting of the national community christmas tree on the white house,Luke 2:14,"Glory to God in the highest, and on earth peace, good will toward men.",0.9878384697436892,TRUE,,0.99
862,7303797702197196299,Remarks in Texarkana at the Dedication of John F. Kennedy Square,Lyndon B. Johnson,1964-09-25,wrong but the truth says this is right so my fellow countrymen i have faith in the truth the truth made us free and the truth shall keep us free sometimes in the late of night when all the capital city has gone to sleep i sit by myself behind,John 8:32,"And ye shall know the truth, and the truth shall make you free.",0.512434429850749,TRUE,,0.9
864,730666710377375611,Remarks at the Eastern Regional Meeting of the National Council on Aging.,Lyndon B. Johnson,1968-03-06,who would not want to trade with us no one is more deserving of a share of that praise than these people the bible tells us honor thy father and thy mother that is the goal of our activity for the aged in this administration an elderly parent has the right to dignity and independence,Matthew 19:19,"Honour thy father and thy mother: and, Thou shalt love thy neighbour as thyself.",0.8904610079182685,TRUE,,0.9
881,7319690292912616373,"Atlanta, Georgia Remarks Accepting the Martin Luther King, Jr. Nonviolent Peace Prize.",Jimmy Carter,1979-01-14,sometimes humiliation and if we are always ready to come back and fight again and try again martin remembered the words of jesus blessed are they which are persecuted for righteousness sake for theirs is the kingdom of heaven and he was able to inspire the quiet and the timid folks by the truth of these words proven by his own courageous actions we remember,Matthew 5:10,Blessed are they which are persecuted for righteousness' sake: for theirs is the kingdom of heaven.,0.9281135212444616,TRUE,,1.0
942,7367757755393498137,Remarks in Chicago at a Fundraising Dinner of the Democratic Club of Cook County,Lyndon B. Johnson,1964-04-23,an america that always keeps its guard up but always has its hand out we want an america that is seeking diligently the day when nation shall not lift up sword against nation neither shall they learn war any more this week we took a specific step in that direction when we decided to reduce the production of fissionable material for atomic bombs with that,Isaiah 2:4,"And he shall judge among the nations, and shall rebuke many people: and they shall beat their swords into plowshares, and their spears into pruninghooks: nation shall not lift up sword against nation, neither shall they learn war any more.",0.3193361930376845,TRUE,,0.9
945,7374541561385575224,The President's Radio Address,William J. Clinton,2000-12-23,this christmas they can find warmth inside a home not from the top of a steam grate it is said in the scripture i will appoint a place for my people so they may dwell in a place of their own and move no more today in this season of hope and giving we should redouble our efforts to ensure that every american can have a place of his or her own the steps we're taking now will create new opportunity for the homeless for hard-pressed working families and for those struggling to buy their,2 Samuel 7:10,"Moreover I will appoint a place for my people Israel, and will plant them, that they may dwell in a place of their own, and move no more; neither shall the children of wickedness afflict them any more, as beforetime,",0.9762956332194438,TRUE,,0.95
958,7380388679374771590,Address at the Cornerstone Laying of the New York Avenue Presbyterian Church.,Harry S Truman,1951-04-03,we are told in the scriptures that if we build our house on a rock it will stand even if we have to manufacture that rock,Matthew 7:24,"Therefore whosoever heareth these sayings of mine, and doeth them, I will liken him unto a wise man, which built his house upon a rock:",0.8776661414137473,TRUE,,0.9
960,7380388679374771590,Address at the Cornerstone Laying of the New York Avenue Presbyterian Church.,Harry S Truman,1951-04-03,we are responding to the divine command to the golden rule which requires us to do unto others as we would be done by,Matthew 7:12,"Therefore all things whatsoever ye would that men should do to you, do ye even so to them: for this is the law and the prophets.",0.825890442604846,TRUE,,0.9
961,7380388679374771590,Address at the Cornerstone Laying of the New York Avenue Presbyterian Church.,Harry S Truman,1951-04-03,their faith had prevailed and so they were too deeply moved to shout they wept for joy they gave thanks to god because he is good for his mercy endureth forever if we hold true to our faith as they did i am sure that we will be able to offer on some future day,Psalms 118:29,O give thanks unto the LORD; for he is good: for his mercy endureth for ever.,0.8253360944827063,TRUE,,0.9
968,7380388679374771590,Address at the Cornerstone Laying of the New York Avenue Presbyterian Church.,Harry S Truman,1951-04-03,the part of the book of ezra describes the rebuilding of the temple in jerusalem after the long captivity in babylon you remember how the writer describes the people shouting with a great shout when the foundation of the new temple was laid and then the author goes on to tell us that some of those in the crows particularly the old men did not shout they wept when they saw the foundation stones set in place,Ezra 3:11,"And they sang together by course in praising and giving thanks unto the Lord; because he is good, for his mercy endureth for ever toward Israel. And all the people shouted with a great shout, when they praised the Lord, because the foundation of the house of the Lord was laid.",0.6002229757327208,TRUE,,0.9
968,7380388679374771590,Address at the Cornerstone Laying of the New York Avenue Presbyterian Church.,Harry S Truman,1951-04-03,the part of the book of ezra describes the rebuilding of the temple in jerusalem after the long captivity in babylon you remember how the writer describes the people shouting with a great shout when the foundation of the new temple was laid and then the author goes on to tell us that some of those in the crows particularly the old men did not shout they wept when they saw the foundation stones set in place,Ezra 3:12,"But many of the priests and Levites and chief of the fathers, who were ancient men, that had seen the first house, when the foundation of this house was laid before their eyes, wept with a loud voice; and many shouted aloud for joy:",0.6002229757327208,TRUE,,0.9
974,7382249107307082640,Remarks Upon Receiving the Anti-Defamation League Award,Lyndon B. Johnson,1965-02-03,devotion to agreement keep us from those tasks that are disagreeable tonight for myself i want to turn back to the ancient scriptures for the answer he that observeth the wind shall not sow and he that regardeth the clouds shall not reap if we were to try this restless and stirring and striving nation would never live as the captive of a comfortable consensus so we must know that,Ecclesiastes 11:4,He that observeth the wind shall not sow; and he that regardeth the clouds shall not reap.,0.9866856111941535,TRUE,,1.0
1099,7515015993392462269,Toasts of the President and Emperor Haile Selassie I of Ethiopia,Richard Nixon,1969-07-08,many of the official guests who are honored in this room i can think of the fact that his majesty of course is a descendant of solomon if i can recall the biblical phrase correctly when king david died and the lord asked solomon what he wanted most solomon said lord give me an understanding heart and because he asked for that he received great wisdom a long life and of course he had an,1 Kings 3:10,"And the speech pleased the LORD, that Solomon had asked this thing.",0.3751701891308864,TRUE,,0.8
1142,7549937987400047216,Remarks on Presenting the Presidential Medal of Freedom to Former Representative James R. Ryun,Donald J. Trump (1st Term),2020-07-24,and mr president thank you for having us here today i want to leave you with my favorite verses from numbers it's may the lord bless you and keep you may he make his face to shine upon you and give you peace thank you the president thank you very,Numbers 6:24,"The LORD bless thee, and keep thee:",0.8769162045442026,TRUE,,1.0
1143,7549937987400047216,Remarks on Presenting the Presidential Medal of Freedom to Former Representative James R. Ryun,Donald J. Trump (1st Term),2020-07-24,for having us here today i want to leave you with my favorite verses from numbers it's may the lord bless you and keep you may he make his face to shine upon you and give you peace thank you the president thank you very much that's so nice thank you catharine ned ryun mr,Numbers 6:25,"The LORD make his face shine upon thee, and be gracious unto thee:",0.7586827496124806,TRUE,,0.9
1146,7549937987400047216,Remarks on Presenting the Presidential Medal of Freedom to Former Representative James R. Ryun,Donald J. Trump (1st Term),2020-07-24,you mr president-i will close by saying this to god be the glory great things he has done this day my life and all of these achievements this is the lord's doing and it's marvelous in his eyes mr president thank you for your loving and serving this great republican country may god continue to,Psalms 118:23,This is the LORD's doing; it is marvellous in our eyes.,0.4694516465698499,TRUE,,0.9
1165,7569481340088633408,Remarks at the Peace Officers Memorial Service,George W. Bush,2001-05-15,suffer it this loss can never be measured but long ago we were told how to measure the men and women who make this sacrifice greater love hath no man than this that a man lay down his life for his friends each one of you chose your profession understanding the risks this memorial stands as a reminder of those dangers and of how men,John 15:13,"Greater love hath no man than this, that a man lay down his life for his friends.",0.9663750923722532,TRUE,,0.95
1234,7649019592700837648,Remarks at the Unveiling of the President's Portrait in the Texas State Capitol.,Lyndon B. Johnson,1965-05-28,"progress may seek to impose their will on free men near and far but in the words of the scripture we as a nation shall be instant in season and out of season""--prepared alert ready and willing to make certain that aggression does not pay that subversion does not succeed where we have given our word in other corners of",2 Timothy 4:2,"Preach the word; be instant in season, out of season; reprove, rebuke, exhort with all longsuffering and doctrine.",0.9528933515444922,TRUE,,0.95
1285,7693457543109811323,Address to the Nation on Immigration Reform,Barack Obama,2014-11-20,hopeful immigrant like astrid or are we a nation that finds a way to welcome her in scripture tells us that we shall not oppress a stranger for we know the heart of a stranger we were strangers once too my fellow americans we are and always will be a nation of immigrants we were strangers once too and whether,Exodus 23:9,"Also thou shalt not oppress a stranger: for ye know the heart of a stranger, seeing ye were strangers in the land of Egypt.",0.8261330958025086,TRUE,,0.9
1310,7704431264317024159,"Remarks at the Annual Convention of the National Association of Evangelicals in Columbus, Ohio",Ronald Reagan,1984-03-06,young people who are intensely interested in moral issues in religious history and beliefs one of my favorite bible quotations comes from second chronicles if my people who are called by my name humble themselves and pray and seek my face and turn from their wicked ways then will i hear from heaven and forgive their sin and heal their land today americans from maine to california are seeking his face and i do believe that he has begun to heal our blessed land as,2 Chronicles 7:14,"If my people, which are called by my name, shall humble themselves, and pray, and seek my face, and turn from their wicked ways; then will I hear from heaven, and will forgive their sin, and will heal their land.",0.7775537165203175,TRUE,,0.95
1311,7704431264317024159,"Remarks at the Annual Convention of the National Association of Evangelicals in Columbus, Ohio",Ronald Reagan,1984-03-06,the world that america is still one nation under god saint paul wrote a verse that i've always cherished now abide faith hope love these three but the greatest of these is love may we have faith in our god and in all the good that we can do with his help may we stand,1 Corinthians 13:13,"And now abideth faith, hope, charity, these three; but the greatest of these is charity.",0.6747429837640411,TRUE,,0.9
1331,771883776421249608,Remarks on Arrival at Guam International Airport in Agana,Ronald Reagan,1984-04-25,say that that is one of the reasons for war let it be said here and now that those who wear the uniform are the peacemakers and blessed are the peacemakers and the better they perform their tasks the greater is our chance of not seeing war again there have been four wars in my,Matthew 5:9,Blessed are the peacemakers: for they shall be called the children of God.,0.8218836112361337,TRUE,,0.95
1349,7740984688354410411,Radio Address to the Nation on American International Broadcasting,Ronald Reagan,1983-09-10,mistake as kal 007 the soviets are terrified of the truth they understand well and they dread the meaning of st john's words you will know the truth and the truth will set you free the truth is mankind's best hope for a better world that's why in times like this few assets are more,John 8:32,"And ye shall know the truth, and the truth shall make you free.",0.7312533132901463,TRUE,,0.9
1406,7795108017145145105,"Address on Lighting the Community Christmas Tree, Washington, D.C.",Franklin D. Roosevelt,1938-12-24,all the world on this glad christmas eve that i shall do whatever lies within my own power to hasten the day foretold by isaiah when men shall beat their swords into plowshares and their spears into pruning hooks nation shall not lift up sword against nation neither shall they learn war any more franklin d roosevelt address on lighting the community christmas tree washington d.c,Isaiah 2:4,"And he shall judge among the nations, and shall rebuke many people: and they shall beat their swords into plowshares, and their spears into pruninghooks: nation shall not lift up sword against nation, neither shall they learn war any more.",0.2875099655216903,TRUE,,0.9
1407,7795108017145145105,"Address on Lighting the Community Christmas Tree, Washington, D.C.",Franklin D. Roosevelt,1938-12-24,all the world on this glad christmas eve that i shall do whatever lies within my own power to hasten the day foretold by isaiah when men shall beat their swords into plowshares and their spears into pruning hooks nation shall not lift up sword against nation neither shall they learn war any more franklin d roosevelt address on lighting the community christmas tree washington d.c,Micah 4:3,"And he shall judge among many people, and rebuke strong nations afar off; and they shall beat their swords into plowshares, and their spears into pruninghooks: nation shall not lift up a sword against nation, neither shall they learn war any more.",0.4508673709015914,TRUE,,0.9
1425,7812256673485115534,Remarks During a Thanksgiving Day Service on Board the U.S.S. Nassau in the Persian Gulf,George Bush,1990-11-22,nation under god amidst this threat of war help us find the will to search for peace as was said upon the mount blessed are the peacemakers for they shall be called the children of god amen thank you all very much for inviting these four congressional leaders for inviting barbara and me to share this very special day with,Matthew 5:9,Blessed are the peacemakers: for they shall be called the children of God.,0.971767064199985,TRUE,,0.95
1427,7813454958072055713,Remarks at the State Dinner Honoring President Eduardo Frei of Chile,William J. Clinton,1997-02-26,then all the rest we will make you see an earth we will make you perform miracles because inside us inside our struggle is our daily bread our fish and our miracle mr president you have put big things first democracy justice freedom the future in so doing you have,Matthew 6:11,Give us this day our daily bread.,0.8355789839034953,TRUE,,0.9
1442,7829970776018431791,Remarks at the Dedication Ceremony for the Khalil Gibran Memorial Garden,George Bush,1991-05-24,bill just quoted that we are all children of the same supreme being and that's why we must strive to turn this bitter cycle of demanding an eye for an eye into one of offering a hand for a hand we shall continue our efforts to help bring peace back home to this vital and,Matthew 5:38,"Ye have heard that it hath been said, An eye for an eye, and a tooth for a tooth:",0.7642364879067534,TRUE,,0.9
4,7889268386509243252,Remarks at the Annual Convention of the National Religious Broadcasters,George Bush,1991-01-28,and injustice and i'm very grateful for that resolution that has just been read prior to my speaking here matthew also reminds us in these times that the meek shall inherit the earth at home these values imbue the policies which you and i support like me you endorse adoption not abortion and last year you helped ensure that the,Psalms 37:11,But the meek shall inherit the earth; and shall delight themselves in the abundance of peace.,0.7156479792001861,TRUE,,0.9
5,7889268386509243252,Remarks at the Annual Convention of the National Religious Broadcasters,George Bush,1991-01-28,grateful for that resolution that has just been read prior to my speaking here matthew also reminds us in these times that the meek shall inherit the earth at home these values imbue the policies which you and i support like me you endorse adoption not abortion and last year you helped ensure that the,Matthew 5:5,Blessed are the meek: for they shall inherit the earth.,0.9297241722413936,TRUE,,0.95
18,7901446509349782765,Remarks at Mayer Sulzberger Middle School in Philadelphia,William J. Clinton,2000-05-19,lighting fires of excitement in children's minds and so she can imagine what a wonderful thing it would be to be a good teacher the bible says where there is no vision the people perish i wish it were written in positive terms where there is vision the people flourish i want you to be able to imagine your dreams and that's another big part of this program i want to thank all the educators,Proverbs 29:18,"Where there is no vision, the people perish: but he that keepeth the law, happy is he.",0.3952995661535304,TRUE,,0.9
46,7930649463284013722,Keynote Address at the 2004 Democratic National Convention,Barack Obama,2004-07-27,us defending the united states of america in the end that's what this election is about do we participate in a politics of cynicism or a politics of hope john kerry calls on us to hope john edwards calls on us to hope i'm not talking about blind optimism here the almost willful ignorance that thinks unemployment will go away if we just don't talk about it or the health care crisis will solve itself if we just ignore it no i'm talking about something more substantial it's the hope of slaves sitting around a fire singing freedom songs the hope of immigrants setting out for distant shores the hope of a young naval lieutenant bravely patrolling the mekong delta the hope of a millworker's son who dares to defy the odds the hope of a skinny kid with a funny name who believes that america has a place for him too the audacity of hope in the end that is god's greatest gift to us the bedrock of this nation the belief in things not seen the belief that there are better days ahead,Hebrews 11:1,"Now faith is the substance of things hoped for, the evidence of things not seen",0.2519554242182246,TRUE,,0.9
82,7975669873028877860,Remarks to the Democratic Leadership Council,William J. Clinton,1995-11-13,true and lasting prosperity rests on equal opportunity for all and special privileges for none the wisdom of abraham lincoln that a house divided against itself cannot stand the wisdom of theodore roosevelt that the heritage of america is in no small measure the heritage of the natural resources and,Mark 3:25,"And if a house be divided against itself, that house cannot stand.",0.9108232246872258,TRUE,,0.9
93,7988554987604844400,"Address Accepting the Presidential Nomination at the Democratic National Convention in Miami Beach, Florida",George McGovern,1972-07-14,not expect special favors for themselves but a better land for us all in the literature and music of our children we are told to everything there is a season and a time to every purpose under heaven and for america the time has come at last this is the time for truth not falsehood in a democratic nation no,Ecclesiastes 3:1,"To every thing there is a season, and a time to every purpose under the heaven:",0.987655351024313,TRUE,,1.0
105,8003041462906907953,Remarks at the 125th Anniversary Meeting of B'nai B'rith.,Lyndon B. Johnson,1968-09-10,a time of troubles i am glad to be with those who have known trouble and who still treasure the spirit of man the proverb says a friend loveth at all times and a brother is born for adversity you have been my friends and some of you have been like brothers to me so in the words of the proverb we were born for,Proverbs 17:17,"A friend loveth at all times, and a brother is born for adversity.",0.993885656058851,TRUE,,1.0
108,8003041462906907953,Remarks at the 125th Anniversary Meeting of B'nai B'rith.,Lyndon B. Johnson,1968-09-10,"through very grievous trials your forefathers clung to their jewish identity and clung to their ties with the land of israel as the prophet isaiah foretold--""and he shall set up an ensign for the nations and he shall assemble the outcasts of israel and gather together the dispersed of judah from all the four corners of the earth history knows no more moving example of persistence against the cruelest odds but conflict has surrounded the modern state of israel since",Isaiah 11:12,"And he shall set up an ensign for the nations, and shall assemble the outcasts of Israel, and gather together the dispersed of Judah from the four corners of the earth.",0.5487339223803656,TRUE,,1.0
111,8003041462906907953,Remarks at the 125th Anniversary Meeting of B'nai B'rith.,Lyndon B. Johnson,1968-09-10,more i believe most of you here know what i mean may it be said of each of us in the ancient hebrew words how beautiful upon the mountains are the feet of him that bringeth good tidings that proclaimeth peace that publishes salvation god be with you thank you note the president spoke at 9:40 p.m at the shoreham hotel in washington in his,Isaiah 52:7,"How beautiful upon the mountains are the feet of him that bringeth good tidings, that publisheth peace; that bringeth good tidings of good, that publisheth salvation; that saith unto Zion, Thy God reigneth!",0.9463024390276852,TRUE,,1.0
117,8004343623786532814,Remarks at the Family Research Council's Values Voter Summit,Donald J. Trump (1st Term),2017-10-13,women who risked their lives to save their fellow citizens gave proof to the words of this scripture the light shines in the darkness and the darkness has not overcome it all of america is praying for the wounded and the grieving and we will be with them today and,John 1:5,And the light shineth in darkness; and the darkness comprehended it not.,0.9403355129279132,TRUE,,0.95
167,8043068104836877346,Remarks at an Easter Prayer Breakfast,Barack Obama,2016-03-30,injustice of his death and carrying the sins of the world and it's difficult to fathom the full meaning of that act now scripture tells us for god so loved the world that he gave his only son that whoever believes in him should not perish but have eternal life because of god's love we can proclaim christ is risen audience members yes the president because of god's love we have been given this gift,John 3:16,"For God so loved the world, that he gave his only begotten Son, that whosoever believeth in him should not perish, but have everlasting life.",0.8633930812003688,TRUE,,1.0
194,8061275430336879602,Remarks at the Annual National Prayer Breakfast,Ronald Reagan,1982-02-04,carried and now we've seen in general dozier's life such a moment well god is with us we need only to believe the psalmist says weeping may endure for a night but joy cometh in the morning speaking for nancy and myself we thank you for your faith and for all your prayers on our behalf and it is true,Psalms 30:5,"For his anger endureth but a moment; in his favour is life: weeping may endure for a night, but joy cometh in the morning.",0.9959494783279208,TRUE,,1.0
198,8061275430336879602,Remarks at the Annual National Prayer Breakfast,Ronald Reagan,1982-02-04,told in ii timothy that when our work is done we can say we have fought the good fight we have finished the race we have kept the faith this is an evidence of it i hope that on down through the centuries not only is this great land preserved but this great tradition is,2 Timothy 4:7,"I have fought a good fight, I have finished my course, I have kept the faith:",0.9080545483321336,TRUE,,0.95
201,8065018471799271045,Remarks in New York City Conceding the 2016 Presidential Election,Hillary Clinton,2016-11-09,know i believe we are stronger together and we will go forward together and you should never ever regret fighting for that you know scripture tells us let us not grow weary in doing good for in due season we shall reap if we do not lose heart so my friends let us have faith in each other let us not grow weary let us not lose heart for there are more seasons to come and there is more work to do i am incredibly honored and grateful to have,Galatians 6:9,"And let us not be weary in well doing: for in due season we shall reap, if we faint not.",0.9901615937903592,TRUE,,1.0
222,8078786764518547128,Remarks With President Truman at the Signing in Independence of the Medicare Bill,Lyndon B. Johnson,1965-07-30,not just our tradition--or the tradition of the democratic party--or even the tradition of the nation it is as old as the day it was first commanded thou shalt open thine hand wide unto thy brother to thy poor to thy needy in thy land and just think mr president because of this document--and the long years of struggle which so many have put into creating it--in this town and,Deuteronomy 15:11,"For the poor shall never cease out of the land: therefore I command thee, saying, Thou shalt open thine hand wide unto thy brother, to thy poor, and to thy needy, in thy land.",0.9422047250506826,TRUE,,1.0
249,8108601509450113269,Remarks to Members of Congress at a Reception Marking the Enactment of the Education Bill,Lyndon B. Johnson,1965-04-13,the statute books of this country but the celebration of this event could not be complete until i met and thanked each of you who fought the good fight i wish president kennedy my predecessor could be here today to see his dream come true of an education bill for all the people of this,2 Timothy 4:7,"I have fought a good fight, I have finished my course, I have kept the faith:",0.8285400675404663,TRUE,,0.9
252,8110865430458214944,Remarks to the 89th Annual International Meeting of the Knights of Columbus in New York City.,Richard Nixon,1971-08-17,"little boat was looking at massachusetts that the eyes of all people were on them he quoted to them the words of the bible you are the light of the world a city set upon a hill cannot be hidden think of how presumptuous that was to say then america not even settled a few colonists just about to arrive and here he said you are the light of the world a city set upon a hill cannot be hidden that was the spirit that made this country three centuries later america is like a city set upon a hill""--strong rich the question is do",Matthew 5:14,Ye are the light of the world. A city that is set on an hill cannot be hid.,0.981201820624163,TRUE,,1.0
266,8126741671255701776,Informal Exchange With Reporters on Foreign and Domestic Issues,Ronald Reagan,1984-12-27,that we're not doing enough aidwise for the afghan freedom fighters the president well there's a line in the scriptures that says-that explains that the assembly was confused and they knew not wherefore they were gathered together q senator humphrey says a lot of the military aid for the afghan resistance is getting lost in the pipeline the president we,Acts 19:32,"Some therefore cried one thing, and some another: for the assembly was confused; and the more part knew not wherefore they were come together.",0.1629380962942676,TRUE,,0.9
275,8134474983641205308,"Remarks at a Housing and Urban Development Grant Announcement in Baltimore, Maryland",William J. Clinton,1998-12-23,book of matthew there is a great sermon where jesus says-and i won't go through the whole thing but basically even as you have done it unto the least of these you have done it unto me now what that really means is not what most people think it doesn't really mean go out and give a bunch of money,Matthew 25:40,"And the King shall answer and say unto them, Verily I say unto you, Inasmuch as ye have done it unto one of the least of these my brethren, ye have done it unto me.",0.5175659456484729,TRUE,,0.9
327,8168050995605300879,Remarks at the World Jewish Congress Dinner in New York City,William J. Clinton,1995-04-30,of abuse by organized evil and we must stand up against it in proverbs the scriptures say that there will someday come a time when the wicked are overthrown and there are no more but the house of righteousness will stand now in my baptist upbringing all the preachers used to tell us that that would only happen when the,Proverbs 12:7,"The wicked are overthrown, and are not: but the house of the righteous shall stand.",0.966086391780454,TRUE,,0.95
373,8207589595899884404,Remarks at a Naturalization Ceremony at the National Archives and Records Administration,Barack Obama,2015-12-15,each generation to honor the creed as old as our founding e pluribus unum that out of many we are one scripture tells us for we are strangers before you and sojourners as were all our fathers we are strangers before you in the mexican immigrant today we see the catholic immigrant of a century ago in the syrian seeking refuge today we should see,1 Chronicles 29:15,"For we are strangers before thee, and sojourners, as were all our fathers: our days on the earth are as a shadow, and there is none abiding.",0.9988423196208436,TRUE,,1.0
376,8213993521584612745,Remarks on Presenting the Arts and Humanities Awards,William J. Clinton,2000-12-20,thank you robert bellah for priceless gifts commander gilday read the citation and the president presented the medal the president scripture tells us to be doers of the word not hearers only william davis campbell is a doer he has devoted his life as a preacher and writer to breaking down racial barriers a member,James 1:22,"But be ye doers of the word, and not hearers only, deceiving your own selves.",0.961865086217816,TRUE,,1.0
389,8220854166154725526,Remarks at a National Day of Prayer Service,Donald J. Trump (1st Term),2020-05-07,people in every part of our country we've seen grace of god through the love and devotion of our fellow citizens as scripture assures us the lord your god is not in your midst a mighty one who will save and i think it's so true think of that the lord your god is in your midst a mighty one who will save we have been reminded once again that god has blessed our land with heroes of faith here,Zephaniah 3:17,"The Lord thy God in the midst of thee is mighty; he will save, he will rejoice over thee with joy; he will rest in his love, he will joy over thee with singing.",0.3421106583012001,TRUE,,0.9
393,8220854166154725526,Remarks at a National Day of Prayer Service,Donald J. Trump (1st Term),2020-05-07,love to just leave you with a scripture that has helped me so much through this time and it's galatians 6:9 and what it says is let us not become weary of doing good for at the proper time we will reap a harvest if we do not give up and the harvest that i'm,Galatians 6:9,"And let us not be weary in well doing: for in due season we shall reap, if we faint not.",0.6624450592898186,TRUE,,0.9
409,8220854166154725526,Remarks at a National Day of Prayer Service,Donald J. Trump (1st Term),2020-05-07,israel of america mid-atlantic region executive director rabbi ariel sadwin thank you mr president king solomon in his great wisdom writes in the second chapter of song of songs there he stands behind our wall gazing through the windows peering through the lattice the midrash commentary explains this to be referring to almighty god at,Song of Solomon 2:9,"My beloved is like a roe or a young hart: behold, he standeth behind our wall, he looketh forth at the windows, shewing himself through the lattice.",0.8672940038016181,TRUE,,0.9
437,822632477663136112,"Remarks to the Jordanian Parliament in Amman, Jordan",William J. Clinton,1994-10-26,was the message of moses farewell address to the children of israel as they gathered to cross the river jordan when he said i have set before you life and death blessings and curses choose life so that you and your descendants may live and it is the message the prophet mohammed brought to the,Deuteronomy 30:19,"I call heaven and earth to record this day against you, that I have set before you life and death, blessing and cursing: therefore choose life, that both thou and thy seed may live:",0.7825256505780257,TRUE,,0.95
485,8277235404105008212,Remarks at the Office of Faith-Based and Community Initiatives' National Conference,George W. Bush,2008-06-26,a next door case manager and i'd like to tell you what she said she used the words of saint paul old things have passed away behold all things are becoming new ramie is with us today with a vanderbilt sophomore her daughter dawn ramie where are you oh there they are ap plause so,2 Corinthians 5:17,"Therefore if any man be in Christ, he is a new creature: old things are passed away; behold, all things are become new.",0.2020583832365801,TRUE,,0.9
489,82773703100157581,"Remarks at the ""Let Freedom Ring"" Ceremony Commemorating the 50th Anniversary of the March on Washington for Jobs and Freedom",Barack Obama,2013-08-28,jewish americans who had survived the holocaust people who could have given up and given in but kept on keeping on knowing that weeping may endure for a night but joy cometh in the morning on the battlefield of justice men and women without rank or wealth or title or fame would liberate us all in ways that our children,Psalms 30:5,"For his anger endureth but a moment; in his favour is life: weeping may endure for a night, but joy cometh in the morning.",0.6295639595698773,TRUE,,0.9
490,82773703100157581,"Remarks at the ""Let Freedom Ring"" Ceremony Commemorating the 50th Anniversary of the March on Washington for Jobs and Freedom",Barack Obama,2013-08-28,millions of americans of every race and every region every faith and every station can join together in a spirit of brotherhood then those mountains will be made low and those rough places will be made plain and those crooked places they straighten out towards grace and we will vindicate the faith of those who,Isaiah 40:4,"Every valley shall be exalted, and every mountain and hill shall be made low: and the crooked shall be made straight, and the rough places plain:",0.954551288272746,TRUE,,0.95
498,8285126166696946342,Remarks at a Wyoming Republican Party Rally in Casper,Ronald Reagan,1982-10-28,the real hope of wyoming malcolm wallop dick cheney warren morton and your statewide candidates there's a passage in the psalms which says weeping may endure for a night but joy cometh in the morning well america's endured a long and terrible night of economic hardship but now we're entering a new season of hope-genuine hope which springs from the,Psalms 30:5,"For his anger endureth but a moment; in his favour is life: weeping may endure for a night, but joy cometh in the morning.",0.9876001321728238,TRUE,,1.0
508,8292784952381865170,"Remarks at the Antiochian Orthodox Christian Church Annual Convention in Arlington, Virginia",George Bush,1991-07-25,power of example of life lived in harmony with an ideal the image of the good shepherd was present in peter's mind when he wrote tend the flock of god that is your charge not by constraint but willingly not for shameful gain but eagerly not as domineering over those in your charge but being examples to the flock the same ethic governs not simply,1 Peter 5:2,"Feed the flock of God which is among you, taking the oversight thereof, not by constraint, but willingly; not for filthy lucre, but of a ready mind;",0.9250638584861208,TRUE,,0.9
511,8292784952381865170,"Remarks at the Antiochian Orthodox Christian Church Annual Convention in Arlington, Virginia",George Bush,1991-07-25,example so too we who would ask others to follow must begin by asking more of ourselves as paul wrote to the romans let us therefore follow after the things which make for peace once again let me tell you what a joy it is to be here let me give you the commitment i've given to the american people,Romans 14:19,"Let us therefore follow after the things which make for peace, and things wherewith one may edify another.",0.9787608111927492,TRUE,,1.0
520,829957488536932355,Remarks at the Gallaudet College Centennial Banquet,Lyndon B. Johnson,1964-06-06,in our purposes abroad and at home we have always heeded the injunction of the apostle who told us long ago be ye of one mind showing compassion one of another yet our wealthy society is tolerating a worrisome burden of wasted human lives tonight too many of our people are unschooled untrained and underemployed,1 Peter 3:8,"Finally, be ye all of one mind, having compassion one of another, love as brethren, be pitiful, be courteous:",0.8466663986769556,TRUE,,0.9
531,8309695125202265768,"Thanksgiving Address by President-elect Joe Biden in Wilmington, Delaware","Joseph R. Biden, Jr.",2020-11-25,our fists we can with god's help heal and if we do and i am sure we can we can proclaim with the psalmist who wrote the lord is my strength and my shield and with my song i give thanks to him and i give thanks now for you and for the trust you have placed in me together we will lift our voices,Psalms 28:7,"The LORD is my strength and my shield; my heart trusted in him, and I am helped: therefore my heart greatly rejoiceth; and with my song will I praise him.",0.743222452560878,TRUE,,0.9
544,8317856410980117759,"Remarks to the National Catholic Education Association in Chicago, Illinois",Ronald Reagan,1982-04-15,instruction of our children and it's time some people back in washington stopped acting as if family wishes were only getting in the way train up the child in the way he should go solomon wrote and when he's old he will not depart from it that is the godgiven responsibility of each parent the compact with each teacher and the trust of every child this city of chicago is,Proverbs 22:6,"Train up a child in the way he should go: and when he is old, he will not depart from it.",0.9843345940614786,TRUE,,0.95
546,8322376949685599794,Remarks to the Families of the Victims of the 1995 Bombing in Oklahoma City,William J. Clinton,1996-04-05,noting that there is a wonderful verse in the book of matthew which says that a person who follows the word of god will be likened unto a wise man who built his house on a rock and the rain descended and the floods came and the winds blew and beat upon the house and it fell not for it was founded upon a rock well your building was blown down and many lives were shattered but today i saw again that the spirit of oklahoma city fell not for it is founded upon a rock and i thank you for showing that to america from the early rescue efforts that so many engaged in to the scholarship funds for,Matthew 7:24,"Therefore whosoever heareth these sayings of mine, and doeth them, I will liken him unto a wise man, which built his house upon a rock:",0.9768529121265292,TRUE,,1.0
548,8322376949685599794,Remarks to the Families of the Victims of the 1995 Bombing in Oklahoma City,William J. Clinton,1996-04-05,a person who follows the word of god will be likened unto a wise man who built his house on a rock and the rain descended and the floods came and the winds blew and beat upon the house and it fell not for it was founded upon a rock well your building was blown down and many lives were shattered but today i saw again that the spirit of oklahoma city fell not for it is founded upon a rock and i thank you for showing that to america from the early rescue efforts that so many engaged in to the scholarship funds for,Matthew 7:25,"And the rain descended, and the floods came, and the winds blew, and beat upon that house; and it fell not: for it was founded upon a rock.",0.9506849413018787,TRUE,,1.0
550,8322376949685599794,Remarks to the Families of the Victims of the 1995 Bombing in Oklahoma City,William J. Clinton,1996-04-05,word of god will be likened unto a wise man who built his house on a rock and the rain descended and the floods came and the winds blew and beat upon the house and it fell not for it was founded upon a rock well your building was blown down and many lives were shattered but today i saw again that the spirit of oklahoma city fell not for it is founded upon a rock and i thank you for showing that to america from the early rescue efforts that so many engaged in to the scholarship funds for,Luke 6:48,"He is like a man which built an house, and digged deep, and laid the foundation on a rock: and when the flood arose, the stream beat vehemently upon that house, and could not shake it: for it was founded upon a rock.",0.9963088972503372,TRUE,,0.95
564,8337644777057568332,Remarks at the Presidential Prayer Breakfast,Lyndon B. Johnson,1965-02-04,think that we could find no more appropriate way to begin our day today and our duties in this hour than to pray--for as we are taught except the lord build this house they labor in vain that build it the president spoke first to the gentlemen in the hotel's regency room and then to the ladies in the blue room mrs humphrey ladies this,Psalms 127:1,"Except the LORD build the house, they labour in vain that build it: except the LORD keep the city, the watchman waketh but in vain.",0.9769159850844809,TRUE,,1.0
565,8337644777057568332,Remarks at the Presidential Prayer Breakfast,Lyndon B. Johnson,1965-02-04,can contribute to the betterment of life for us all surely the words from saint luke have lost none of their meaning for unto whosoever much is given of him shall be much required and to whom man have committed much of him they will ask the more as a people we live in a time that tests the best we are afflicted by burdens that we would gladly not bear and no leader of,Luke 12:48,"But he that knew not, and did commit things worthy of stripes, shall be beaten with few stripes. For unto whomsoever much is given, of him shall be much required: and to whom men have committed much, of him they will ask the more.",0.9387852888450096,TRUE,,0.95
589,8352703551227140854,"Commencement Address at the University of Notre Dame in South Bend, Indiana",Barack Obama,2009-05-17,but remember too that you can be a crossroads remember too that the ultimate irony of faith is that it necessarily admits doubt it's the belief in things not seen it's beyond our capacity as human beings to know with certainty what god has planned for us or what he asks of us and those,Hebrews 11:1,"Now faith is the substance of things hoped for, the evidence of things not seen.",0.6485044310305097,TRUE,,0.9
624,8398833661987775323,Remarks During a Panel Discussion at the Catholic-Evangelical Leadership Summit on Overcoming Poverty at Georgetown University,Barack Obama,2015-05-12,galen and so many others for creating this if i may close by simultaneously quoting amos and dr king let justice roll down like waters and righteousness like a mighty stream bless you all thank you mr president the president thank you note the president spoke at 11:39 a.m in gaston hall in his remarks,Amos 5:24,"But let judgment run down as waters, and righteousness as a mighty stream.",0.913913492507752,TRUE,,0.95
630,8409961184194406858,Remarks on the First Anniversary of the Insurrection at the United States Capitol,"Joseph R. Biden, Jr.",2022-01-06,today as she has for more than 200 years she recorded what took place the real history the real facts the real truth the facts and the truth that vice president harris just shared and that you and i and the whole world saw with our own eyes the bible tells us that we shall know the truth and the truth shall make us free we shall know the truth well here is the god's truth about january 6 2021 close your eyes go back to that day what do you see rioters rampaging waving,John 8:32,"And ye shall know the truth, and the truth shall make you free.",0.3308104499975018,TRUE,,0.95
636,8410401554470523974,Remarks to Representatives of the Future Farmers of America,Ronald Reagan,1982-07-27,as young people that you have visited with us today the last line of our motto is living to serve the bible says the greatest among you shall be the servant of all and we are here today to recognize a great servant of our country we as young people look to you for counsel,Matthew 23:11,But he that is greatest among you shall be your servant.,0.9923727043323196,TRUE,,1.0
651,8424057237922545830,"Remarks at the Keel Laying of the Submarine Pargo, Groton, Connecticut.",Lyndon B. Johnson,1964-06-03,sustain our pledge to work for the day when all people everywhere will know the vindication of that ancient vision peace on earth good will toward men thank you note the president spoke early in the afternoon at general dynamic's electric boat company in groton conn in his opening words,Luke 2:14,"Glory to God in the highest, and on earth peace, good will toward men.",0.9488209065599644,TRUE,,1.0
671,8447109046738453704,"Remarks on the 60th Anniversary of D-Day in Colleville-sur-Mer, France",George W. Bush,2004-06-06,many bibles mixed with the wreckage of war our boys had carried in their pockets the book that brought into the world this message greater love has no man than this that a man lay down his life for his friends america honors all the liberators who fought here in the noblest of causes and america would do it again for our friends may god,John 15:13,"Greater love hath no man than this, that a man lay down his life for his friends.",0.93476062258475,TRUE,,0.95
690,8466447017520585955,Remarks at an Easter Prayer Breakfast,Barack Obama,2015-04-07,the living to make them so through god's mercy peter the apostle said we are given an inheritance that is imperishable undefiled and unfading kept in heaven for you it's an inheritance that calls on us to be better to love more deeply to serve the least of these as an expression of christ's love,1 Peter 1:4,"To an inheritance incorruptible, and undefiled, and that fadeth not away, reserved in heaven for you,",0.8510972600785346,TRUE,,0.9
694,8466447017520585955,Remarks at an Easter Prayer Breakfast,Barack Obama,2015-04-07,our hearts and mind and soul and to love our neighbors-and all of our neighbors-as ourselves as it says in the first letter of john let us not love with words or speech but with actions and in truth on easter i do reflect on the fact that as a christian i am supposed to love and i have to say that sometimes when i,1 John 3:18,"My little children, let us not love in word, neither in tongue; but in deed and in truth.",0.3269622629446302,TRUE,,0.9
694,8466447017520585955,Remarks at an Easter Prayer Breakfast,Barack Obama,2015-04-07o,this is the example that we are called to follow-to love him with all our hearts and mind and soul and to love our neighbors-and all of our neighbors-as ourselves as it says in the first letter of john let us not love with words or speech but with actions and in truth on easter i do reflect on the fact that as a christian i am supposed to love,Matthew 22:37,"Jesus said unto him, Thou shalt love the Lord thy God with all thy heart, and with all thy soul, and with all thy mind.",0.3269622629446302,TRUE,,0.9
694,8466447017520585955,Remarks at an Easter Prayer Breakfast,Barack Obama,2015-04-07o,this is the example that we are called to follow-to love him with all our hearts and mind and soul and to love our neighbors-and all of our neighbors-as ourselves as it says in the first letter of john let us not love with words or speech but with actions and in truth on easter i do reflect on the fact that as a christian i am supposed to love,Matthew 22:39,"And the second is like unto it, Thou shalt love thy neighbour as thyself.",0.3269622629446302,TRUE,,0.9
713,8477341696051004723,Commencement Address at American University in Washington,John F. Kennedy,1963-06-10,economically and politically the european and other capitalist countries and to achieve world domination by means of aggressive wars truly as it was written long ago the wicked flee when no man pursueth yet it is sad to read these soviet statements--to realize the extent of the gulf between us but it is also a warning--a warning to the american,Proverbs 28:1,The wicked flee when no man pursueth: but the righteous are bold as a lion.,0.7720832760072155,TRUE,,0.9
715,8477341696051004723,Commencement Address at American University in Washington,John F. Kennedy,1963-06-10,of this country to respect the rights of all others and to respect the law of the land all this is not unrelated to world peace when a man's ways please the lord the scriptures tell us he maketh even his enemies to be at peace with him and is not peace in the last analysis basically a matter of human rights--the right to live out our lives without fear of devastation-the right to breathe,Proverbs 16:7,"When a man's ways please the LORD, he maketh even his enemies to be at peace with him.",0.9970175901765326,TRUE,,1.0
734,8486676525293352167,Remarks at a Memorial Service for Bob Squier,William J. Clinton,2000-02-04,prudy to the members of your family to all of us who were friends of bob squier the scripture summons us neglect not the gift that is in thee today we celebrate a man who did not neglect his gift but instead shared it we have heard it in the stories of his sons his,1 Timothy 4:14,"Neglect not the gift that is in thee, which was given thee by prophecy, with the laying on of the hands of the presbytery.",0.2202511721387441,TRUE,,0.9
746,8500231372216905483,Remarks at the Foundry United Methodist Church,William J. Clinton,2001-01-07,and me make this part of our life's journey with you for your constant reminder in ways large and small that though we have all fallen short of the glory we are all redeemed by faith in a loving god god bless you note the president spoke at 11:40 a.m in his remarks he referred,Romans 3:23,"For all have sinned, and come short of the glory of God;",0.4034099150292353,TRUE,,0.9
825,8574068585530082060,Address at the Jefferson-Jackson Day Dinner.,Harry S Truman,1951-04-14,share alike--the responsibilities and the sacrifices of our defense program on the battlefields of korea our men fight together for a common purpose black and white rich and poor share common hardships and often a common fate the laborer's son the farmer's son and the businessman's son are fighting shoulder-to-shoulder in korea we must have,Psalms 49:2,"Both low and high, rich and poor, together.",0.92058684227554,TRUE,,0.9
858,8618423978095641594,Remarks at a White House Luncheon Marking the 40th Anniversary of the Warsaw Uprising,Ronald Reagan,1984-08-17,the voice of america our radio programming is becoming the mighty force for good that it was intended to be as the scriptures say know the truth and the truth will make you free well our broadcast will carry the truth to captive people throughout the world the free peoples of the world are in ideological competition with the followers,John 8:32,"And ye shall know the truth, and the truth shall make you free.",0.9744099920139097,TRUE,,0.95
882,8641710477215830352,Remarks on Lighting the National Christmas Tree,William J. Clinton,1995-12-06,glory not for ourselves but for our families our nation and the world and for the future of our children merry christmas and blessed are the peacemakers note the president spoke at 5:45 p.m on the ellipse during the annual christmas pageant of peace in his remarks he referred to,Matthew 5:9,Blessed are the peacemakers: for they shall be called the children of God.,0.6352332819666792,TRUE,,0.9
902,8662164932968887269,Remarks at a Breakfast With Religious Leaders,William J. Clinton,1998-09-11,no life i thank my friend for that i thank you for being here i ask you to share my prayer that god will search me and know my heart try me and know my anxious thoughts see if there is any hurtfulness in me and lead me toward the life everlasting i ask that god give me a clean,Psalms 139:23,"Search me, O God, and know my heart: try me, and know my thoughts:",0.8127104968942673,TRUE,,0.9
905,8662164932968887269,Remarks at a Breakfast With Religious Leaders,William J. Clinton,1998-09-11,is any hurtfulness in me and lead me toward the life everlasting i ask that god give me a clean heart let me walk by faith and not sight i ask once again to be able to love my neighbor-all my neighbors-as myself to be an instrument of god's peace,2 Corinthians 5:7,"(For we walk by faith, not by sight:)",0.3185416937614324,TRUE,,0.9
907,8662164932968887269,Remarks at a Breakfast With Religious Leaders,William J. Clinton,1998-09-11,faith and not sight i ask once again to be able to love my neighbor-all my neighbors-as myself to be an instrument of god's peace to let the words of my mouth and the meditations of my heart and in the end the work of my hands be pleasing this is what i wanted to,Matthew 22:39,"And the second is like unto it, Thou shalt love thy neighbour as thyself.",0.3740142044089313,TRUE,,0.9
908,8662164932968887269,Remarks at a Breakfast With Religious Leaders,William J. Clinton,1998-09-11,faith and not sight i ask once again to be able to love my neighbor-all my neighbors-as myself to be an instrument of god's peace to let the words of my mouth and the meditations of my heart and in the end the work of my hands be pleasing this is what i wanted to say to you today thank,Psalms 19:14,"Let the words of my mouth, and the meditation of my heart, be acceptable in thy sight, O LORD, my strength, and my redeemer.",0.8977680631430303,TRUE,,1.0
926,8676580169589740635,Remarks to the Student Congress on Evangelism,Ronald Reagan,1988-07-28,million these problems are still with us but i believe there's been a change-a change that you young people here today are part of the bible says if my people who are called by my name humble themselves and pray and seek my face and turn from their wicked ways then i will hear from heaven and forgive their sins and heal their land many many years ago my mother had underlined that particular passage in the bible and i had her bible that i could place my hand on,2 Chronicles 7:14,"If my people, which are called by my name, shall humble themselves, and pray, and seek my face, and turn from their wicked ways; then will I hear from heaven, and will forgive their sin, and will heal their land.",0.7893418988559829,TRUE,,0.9
929,8676580169589740635,Remarks to the Student Congress on Evangelism,Ronald Reagan,1988-07-28,an issue you're not too young to begin thinking about even now a restoration of the american family when we obey the commandment honor thy father and mother we're recognizing all the sacrifices our parents made to raise us but we're also honoring the institution our parents entered into and carried on the institution of,Ephesians 6:2,Honour thy father and mother; which is the first commandment with promise;,0.6512388692831879,TRUE,,0.8
959,8696139930338603445,Remarks to Members of the Knesset in Jerusalem,George W. Bush,2008-05-15,of the book the ties of the soul when william bradford stepped off the mayflower in 1620 he quoted the words of jeremiah come let us declare in zion the word of god the founders of my country saw a new promised land and bestowed upon their towns names like bethlehem and new canaan and,Jeremiah 51:10,"The LORD hath brought forth our righteousness: come, and let us declare in Zion the work of the LORD our God.",0.8477291906502388,TRUE,,0.9
972,8707090183099736730,Remarks at a Reception for Black Music Month,George W. Bush,2005-06-06,have come only from the unique experience of african americans yet it speaks a language that all americans understand the psalms tell us to make a joyful noise unto the lord you lived up to the psalms laughter smokie mary mary and donnie understand that part of the gospel laughter these gospel artists have found,Psalms 100:1,"Make a joyful noise unto the LORD, all ye lands.",0.9361689766059986,TRUE,,0.95
973,8707090183099736730,Remarks at a Reception for Black Music Month,George W. Bush,2005-06-06,have come only from the unique experience of african americans yet it speaks a language that all americans understand the psalms tell us to make a joyful noise unto the lord you lived up to the psalms laughter smokie mary mary and donnie understand that part of the gospel laughter these gospel artists have found,Psalms 66:1,"Make a joyful noise unto God, all ye lands:",0.9016230618366388,TRUE,,0.9
986,8712975807403404547,Address to the Washington Pilgrimage of American Churchmen.,Harry S Truman,1951-09-28,the respectable people of his day they were the leaders of the community who set the standards for others to them he said thou hypocrite first cast out the beam out of thine own eye and then shalt thou see clearly to cast out the mote out of thy brother's eye thou hypocrite first cast out the beam out of thine own eye and then shalt thou see clearly to cast out the mote out of thy brother's eye ah would that we could live by that self-interest can blind us today just as it blinded the scribes and pharisees of biblical times we must,Matthew 7:5,"Thou hypocrite, first cast out the beam out of thine own eye; and then shalt thou see clearly to cast out the mote out of thy brother's eye.",0.906125146499572,TRUE,,0.95
1026,8747166611256091264,Toasts of the President and Prime Minister Gorton of Australia,Lyndon B. Johnson,1968-05-27,sell them things for our own because we will buy from them that which they peculiarly can produce and we may--who knows because man is born to travel as the sparks fly upward--but we may achieve an era nearer to a time when men can live in peace when men can live in peace throughout,Job 5:7,"Yet man is born unto trouble, as the sparks fly upward.",0.8131303966728827,TRUE,,0.9
1028,8752960405250175584,"Eulogy at the Funeral Service for Senator Robert C. Byrd in Charleston, West Virginia",Barack Obama,2010-07-02,your loss may we all find comfort in a verse of scripture that reminds me of our dear friend the time of my departure has come i have fought the good fight i have finished the race i have kept the faith it's interesting that you've heard that passage from several speakers now because it embodies somebody who knew how to run a good and,2 Timothy 4:7,"I have fought a good fight, I have finished my course, I have kept the faith:",0.9940331936035784,TRUE,,1.0
1044,8760304665130495409,Remarks and a Question-and-Answer Session With Women Leaders of Christian Religious Organizations,Ronald Reagan,1983-10-13,not possess i believe in the goodness of our people and yet i wonder if we shouldn't be reminded of the promise in second chronicles if my people which are called by my name shall humble themselves and pray and seek my face and turn from their wicked ways then i will hear from heaven and will forgive their sin and heal their land well now i'm not going to say anything else for a little bit in the line of talking because i just thought we might have a,2 Chronicles 7:14,"If my people, which are called by my name, shall humble themselves, and pray, and seek my face, and turn from their wicked ways; then will I hear from heaven, and will forgive their sin, and will heal their land.",0.847393475287228,TRUE,,0.9
1067,8773728006749598933,"Remarks in Stonewall, Texas, at a Barbecue in Honor of Chancellor Erhard",Lyndon B. Johnson,1963-12-29,with us--yes searching with us--hoping with us praying with us having faith with us in our success and in our yearning for peace on earth good will toward all men so as we approach the conclusion of a most treasured 2 days together as spokesmen for 2 great countries may the good god above us,Luke 2:14,"Glory to God in the highest, and on earth peace, good will toward men.",0.8610524402031515,TRUE,,0.95
1076,877496034894077351,"Remarks in Indianapolis at a Luncheon With Indiana Business, Labor, and Professional Leaders.",Lyndon B. Johnson,1966-07-23,a spacious vision of what this great america can really be for prosperity is not enough and duty alone cannot transform our country where there is no vision the people perish but vision does not belong just to a president alone it must be the sum of all the nation's dreams for my part i,Proverbs 29:18,"Where there is no vision, the people perish: but he that keepeth the law, happy is he.",0.98346007489926,TRUE,,1.0
1128,8815437290630615824,"Remarks and a Question-and-Answer Session at a Community Forum on Prescription Drug Abuse and Heroin Use in Charleston, West Virginia",Barack Obama,2015-10-21,"share with you a verse that i hold dear for my own family member who is sick but also offer it to others jeremiah 29:11-""'for i know the plans i have for you declares the lord plans to prosper you and not to harm you plans to give you hope and a future and i believe that every person in the throes of addiction and the disease of substance abuse needs hope in a future",Jeremiah 29:11,"For I know the thoughts that I think toward you, saith the LORD, thoughts of peace, and not of evil, to give you an expected end.",0.1139664094607539,TRUE,,1.0
1161,8857807775624651825,Remarks to Members of the Royal Institute of International Affairs in London,Ronald Reagan,1988-06-03,liddell a young scotsman who would not sacrifice religious conviction for fame in one unforgettable scene eric liddell reads the words of isaiah he giveth power to the faint and to them that have no might he increased their strength but they that wait upon the lord shall renew their strength they shall mount up with wings as eagles they,Isaiah 40:29,He giveth power to the faint; and to them that have no might he increaseth strength.,0.9361063790698266,TRUE,,1.0
1162,8857807775624651825,Remarks to Members of the Royal Institute of International Affairs in London,Ronald Reagan,1988-06-03,scene eric liddell reads the words of isaiah he giveth power to the faint and to them that have no might he increased their strength but they that wait upon the lord shall renew their strength they shall mount up with wings as eagles they shall run and not be weary here then is our formula for completing our crusade for freedom here is the strength of our civilization and our belief in the rights,Isaiah 40:31,"But they that wait upon the LORD shall renew their strength; they shall mount up with wings as eagles; they shall run, and not be weary; and they shall walk, and not faint.",0.7681518031497104,TRUE,,0.9
1167,8860234349161378646,"Remarks in a Roundtable Discussion With Faith Leaders, Law Enforcement Officials, and Small-Business Owners in Dallas, Texas",Donald J. Trump (1st Term),2020-06-11,revealed so many things that are untoward even evil but we ask according to isaiah 50 verse 4 that you would give us the tongue of the learned that we should know how to speak to the heart of this nation give us a word in season to him that's weary and waken us morning by morning god that we would hear and speak we have a great courageous president who's a problem solver and let him speak as your,Isaiah 50:4,"The Lord GOD hath given me the tongue of the learned, that I should know how to speak a word in season to him that is weary: he wakeneth morning by morning, he wakeneth mine ear to hear as the learned.",0.903079780755353,TRUE,,0.95
1193,8891597510619174438,"Remarks at the Opening of the Summit of the Peacemakers in Sharm al-Sheikh, Egypt",William J. Clinton,1996-03-13,or christian from many lands and many different traditions we come today all speaking the language of peace in the bible we are told that when they were grown isaac the patriarch of the jews and ishmael the patriarch of the arabs met but once they came together at the death of abraham the father they shared the father of both peoples today the descendants of isaac and ishmael have joined together in a spirit of rebirth to secure the shared promise of a life of peace for all the peoples of this region those,Genesis 25:9,"And his sons Isaac and Ishmael buried him in the cave of Machpelah, in the field of Ephron the son of Zohar the Hittite, which is before Mamre;",0.9626109175012292,TRUE,,0.95
1198,8892168184658704118,Remarks at the National Peace Officers Memorial Service,Barack Obama,2010-05-15,americans memorialized there are four bronze lions beneath one is a verse from the book of proverbs i impart to you as a prayer the wicked flee when no man pursueth but the righteous are as bold as a lion may god's face shine upon the lions that we have lost may he watch over the ones that guard us still and may he bless,Proverbs 28:1,The wicked flee when no man pursueth: but the righteous are bold as a lion.,0.9599837491551227,TRUE,,0.9
1220,8907131097260370522,Remarks at the Presentation of the Papers of President Andrew Johnson,Lyndon B. Johnson,1967-12-14,it he observed my fellow citizens it is proper when free men assemble for the discussion of important public interests that everything should be done decently and done in order i have been informed that part of the business to be transacted is my assassination and i beg respectfully to,1 Corinthians 14:40,Let all things be done decently and in order.,0.4155158675466517,TRUE,,0.9
1227,8912602840979531948,"Remarks and a Question-and-Answer Session at Tyler Junior College, Tyler, Texas.",Gerald R. Ford,1976-04-28,president my question is twofold do you believe the bible is the inspired word of god and is truth when it says that jesus christ is king of kings and lord of lords are you personally committed to jesus christ as king of your life and as a political leader will you commit your life to make christ's principles the,Revelation 19:16,"And he hath on his vesture and on his thigh a name written, KING OF KINGS, AND LORD OF LORDS.",0.2029359840155604,TRUE,,0.9
1230,891316011521109340,Remarks on the Northern Ireland Peace Process and an Exchange With Reporters,William J. Clinton,1998-04-10,will have the chance to seize the gift they have been given at this easter season british and irish leaders have followed the admonition of luke to give light to them who sit in darkness and in the shadow of death and to guide their feet into the way of peace for that peaceloving people the world over can be very grateful q mr president what promises or assurances did the united states make to,Luke 1:79,"To give light to them that sit in darkness and in the shadow of death, to guide our feet into the way of peace.",0.8927754276165568,TRUE,,0.95
1240,8915715691456655826,Remarks at a Luncheon for Recipients of the Medal of Freedom,Ronald Reagan,1988-11-10,god that we know that we know we know we know and this my friends is the essence of freedom-that we follow the biblical admonition i have set before you life and death therefore choose life like the nation itself that has nurtured us and made us all whole you have chosen life and you've given others the courage to,Deuteronomy 30:19,"I call heaven and earth to record this day against you, that I have set before you life and death, blessing and cursing: therefore choose life, that both thou and thy seed may live:",0.8417492544804454,TRUE,,0.9
1264,8938466001912211206,"Remarks in Alexandria, Va., at the Cornerstone Laying of the Westminster Presbyterian Church.",Harry S Truman,1952-11-23,paul in writing to the early church at colosse said here there cannot be greek and jew circumcised and uncircumcised barbarian scythian slave freeman but christ is all and in all here are the seeds of our vision of society but we cannot keep that vision strong or carry it out without god's help and,Colossians 3:11,"Where there is neither Greek nor Jew, circumcision nor uncircumcision, Barbarian, Scythian, bond nor free: but Christ is all, and in all.",0.9951366864842416,TRUE,,1.0
1265,8938922946611350279,"Remarks at the Groundbreaking Ceremony for the Pan Am Flight 103 Memorial in Arlington, Virginia",William J. Clinton,1993-12-21,fell from the firmament and those who lay below on that winter day still frozen so clearly in your memory the bible says blessed are they that mourn for they shall be comforted as each stone is set in this cairn may your wounds set and heal as well and as long as this monument shall stand may you find,Matthew 5:4,Blessed are they that mourn: for they shall be comforted.,0.9178845182583318,TRUE,,0.95
1284,8948622460507435414,Remarks at the Groundbreaking Ceremony for the Hospital for Sick Children,George Bush,1991-06-13,care casts a special light upon everything i was reminded of a bible verse that describes apostles who did their work because it was right we were gentle among you like a nurse taking care of her children the bible says that gentle among us like the nurse in a rocking chair cradling an infant,1 Thessalonians 2:7,"But we were gentle among you, even as a nurse cherisheth her children:",0.9963943633299416,TRUE,,1.0
1324,8990388806856938000,Remarks at Cooper Union for the Advancement of Science and Art in New York City,William J. Clinton,1993-05-12,end changes by faith and faith cannot be held in your hand the scripture that i carry to my place of worship every sunday says faith is the assurance of things hoped for the conviction of things unseen but make no mistake about it it is by far the most powerful force that can ever be mustered in the cause,Hebrews 11:1,"Now faith is the substance of things hoped for, the evidence of things not seen.",0.9073695689355996,TRUE,,0.9
1326,8990388806856938000,Remarks at Cooper Union for the Advancement of Science and Art in New York City,William J. Clinton,1993-05-12,but faith changes all that lincoln's cause in 1860 was to keep our house from dividing our cause today is to put our house in order if a house divided against itself cannot stand surely a house in disarray will not provide shelter and a home surely a house where problems are denied or blamed,Mark 3:25,"And if a house be divided against itself, that house cannot stand.",0.872331851311403,TRUE,,1.0
1329,8993436899741993633,"Eulogy Delivered at the Funeral Services for Hubert H. Humphrey in St. Paul, Minnesota",Jimmy Carter,1978-01-16,deep his faith had grown since he became very ill we talked about sin and how we know that everyone sins and we fall short of the glory of god but how god forgives us just a few days ago i was in india and i was visiting the tomb-or the memorial to mahatma gandhi,Romans 3:23,"For all have sinned, and come short of the glory of God;",0.1906478014981342,TRUE,,0.9
1336,8996836268018188794,Remarks at the National Prayer Breakfast,Barack Obama,2014-02-06,our own imperfections to remember the admonition from the book of romans which is especially fitting for those of us in washington do not claim to be wiser than you are,Romans 12:16,"Be of the same mind one toward another. Mind not high things, but condescend to men of low estate. Be not wise in your own conceits.",0.9725585254835096,TRUE,,0.9
1336,8996836268018188794,Remarks at the National Prayer Breakfast,Barack Obama,2014-02-06,that good samaritan in isaiah we're told to do right seek justice defend the oppressed the torah commands know the feelings of the stranger having yourselves been strangers in the land of egypt the koran instructs stand out firmly for justice so history shows that nations that uphold the rights of their people-including the freedom of religion-are ultimately more just,Isaiah 1:17,"Learn to do well; seek judgment, relieve the oppressed, judge the fatherless, plead for the widow.",0.9725585254835096,TRUE,,0.9
1337,8996836268018188794,Remarks at the National Prayer Breakfast,Barack Obama,2014-02-06,that good samaritan in isaiah we're told to do right seek justice defend the oppressed the torah commands know the feelings of the stranger having yourselves been strangers in the land of egypt the koran instructs stand out firmly for justice so history shows that nations that uphold the rights of their people-including the freedom,Exodus 23:9,"Also thou shalt not oppress a stranger: for ye know the heart of a stranger, seeing ye were strangers in the land of Egypt.",0.6770034130432391,TRUE,,0.8
1377,9014276793573573509,Remarks at the National Peace Officers Memorial Service,Barack Obama,2012-05-15,to acknowledge and thank the families of those who have fallen as scripture tells us blessed are the peacemakers for they shall be called sons of god blessed are the peacemakers for they shall be called sons of god our country's law enforcement officers use force when they have to they are well armed and they are well trained but they never forget that theirs,Matthew 5:9,Blessed are the peacemakers: for they shall be called the children of God.,0.9373560800879228,TRUE,,0.9
1416,9052921246168866114,Remarks to the Press on Announcing a Plan for a Pilot Health and Housing Project in Washington,Lyndon B. Johnson,1968-01-20,to try to remind some of you young people that you do not spend enough time these days really carrying out the injunctions of honour thy father and thy mother those of you who are fortunate enough to be blessed--those of us who are here today--have to spend a little of our time thinking of,Matthew 19:19,"Honour thy father and thy mother: and, Thou shalt love thy neighbour as thyself.",0.8384751451252712,TRUE,,0.9
1469,9133956779578137191,"Remarks at the Metropolitan Baptist Church in Newark, New Jersey",William J. Clinton,1997-10-08,that reverend jefferson is grateful for the vision of all of his predecessors reverend johnson and others who conceived of what this might be the scripture says where there is no vision the people perish and what i want you to think about today is as you celebrate what goes on in this building for our children and you imagine,Proverbs 29:18,"Where there is no vision, the people perish: but he that keepeth the law, happy is he.",0.9670208256668568,TRUE,,1.0
1566,9217738966617361743,Fireside Chat.,Franklin D. Roosevelt,1943-12-24,year-i can say to you that at last we may look forward into the future with real substantial confidence that however great the cost peace on earth good will toward men can be and will be realized and insured this year i can say that last year i could not do more than express a,Luke 2:14,"Glory to God in the highest, and on earth peace, good will toward men.",0.7589692815949824,TRUE,,0.95
1618,965126424896278510,Inaugural Address.,Harry S Truman,1949-01-20,who desire freedom of speech freedom of religion and freedom to live their own lives for useful ends our allies are the millions who hunger and thirst after righteousness in due time as our stability becomes manifest as more and more nations come to know the benefits of democracy and to participate in growing abundance,Matthew 5:6,Blessed are they which do hunger and thirst after righteousness: for they shall be filled.,0.8851560707999271,TRUE,,0.9
16,-1223833900654392854,"Proclamation 4136—Prayer for Peace, Memorial Day, 1972",Richard Nixon,1972-05-19,where aggression left us no choice we shall press on in that pursuit relying not alone on human ways and means but also on him who maketh wars to cease unto the end of the earth who in scripture has commanded us be still and know that i am god in recognition of this deep national reliance upon divine guidance,Psalms 46:9,"He maketh wars to cease unto the end of the earth; he breaketh the bow, and cutteth the spear in sunder; he burneth the chariot in the fire.",0.9298481848516812,TRUE,,1.0
16,-1223833900654392854,"Proclamation 4136—Prayer for Peace, Memorial Day, 1972",Richard Nixon,1972-05-19,where aggression left us no choice we shall press on in that pursuit relying not alone on human ways and means but also on him who maketh wars to cease unto the end of the earth who in scripture has commanded us be still and know that i am god in recognition of this deep national reliance upon divine guidance,Psalms 46:10,"Be still, and know that I am God: I will be exalted among the heathen, I will be exalted in the earth.",0.9298481848516812,TRUE,,1.0
27,-1339721657448148269,"Proclamation 6110—National Agriculture Day, 1990",George Bush,1990-03-20,rest this is worth remembering each day and especially on national agriculture day today we give thanks not only for the bountiful harvests that bring our daily bread but also for the courageous and industrious men and women who reap them now therefore i george bush president of the united states of america by virtue,Luke 11:3,Give us day by day our daily bread.,0.9277196171210386,TRUE,,0.9
65,-1608629593617141419,"Proclamation 5597—Martin Luther King, Jr., Day, 1987",Ronald Reagan,1987-01-09,love of neighbor recorded in holy writ he frequently prayed in the words of the prophet amos let justice roll down like waters and righteousness like a mighty stream dr king also appealed clearly and compellingly through moving accounts such as his description of a little girl marching with her mother who answered a policeman's,Amos 5:24,"But let judgment run down as waters, and righteousness as a mighty stream.",0.9391798575764764,TRUE,,0.95
66,-1608629593617141419,"Proclamation 5597—Martin Luther King, Jr., Day, 1987",Ronald Reagan,1987-01-09,that land but added i may not get there with you he concluded i'm happy tonight i'm not worried about anything i'm not fearing any man mine eyes have seen the glory of the coming of the lord nearly five years before dr king had spoken words of solace of reconciliation and of promise during,Luke 2:30,"For mine eyes have seen thy salvation,",0.4627611185910342,TRUE,,0.9
76,-1730928693114198526,"Proclamation 6991—National Day of Prayer, 1997",William J. Clinton,1997-04-18,through the centuries today within our nation's capitol building a stained glass window depicts general washington humbly kneeling and repeating the words of the 16th psalm preserve me o god for in thee do i put my trust as we face the last years of the 20th century let us uphold the tradition of observing a day in which every american in his or her,Psalms 16:1,"Preserve me, O God: for in thee do I put my trust.",0.6602257896474628,TRUE,,0.9
115,-2015222060694642808,"Proclamation 10027—National Day of Prayer, 2020",Donald J. Trump (1st Term),2020-05-06,of religious liberty today we join together and lift up our hearts remembering the words of 1 john 5:14 that tell us when we ask anything according to his will he hears us from our earliest days our dependence upon god has brought us to seek his divine counsel and unfailing wisdom our leaders have,1 John 5:14,"And this is the confidence that we have in him, that, if we ask any thing according to his will, he heareth us:",0.8363146995645896,TRUE,,1.0
118,-2015222060694642808,"Proclamation 10027—National Day of Prayer, 2020",Donald J. Trump (1st Term),2020-05-06,americans that through trust in him we can overcome all obstacles may we never forget that prayer guides and empowers our nation and that all things are possible with god in times of prosperity strife peace and war americans lean on his infinite love grace and understanding today on this national day of prayer let,Luke 18:27,"And he said, The things which are impossible with men are possible with God.",0.5362793131568568,TRUE,,0.9
127,-2192073955943490412,"Proclamation 8374—National Day of Prayer, 2009",Barack Obama,2009-05-07,times as we observe this day of prayer we remember the one law that binds all great religions together the golden rule and its call to love one another to understand one another and to treat with dignity and respect those with whom we share a brief moment on this earth the congress by public,Matthew 7:12,"Therefore all things whatsoever ye would that men should do to you, do ye even so to them: for this is the law and the prophets.",0.364456017342312,TRUE,,0.8
144,-2345123003626209684,"Proclamation 10696—Martin Luther King, Jr., Federal Holiday, 2024","Joseph R. Biden, Jr.",2024-01-12,to believe that history had already been written and division would be our nation's destiny but dr king rejected that outcome he heard scripture's command to do justice love mercy and walk humbly he clung to the declaration of independence's promise of equality for all people dr king's mission was a moral one from bridges,Micah 6:8,"He hath shewed thee, O man, what is good; and what doth the LORD require of thee, but to do justly, and to love mercy, and to walk humbly with thy God?",0.4427930795881392,TRUE,,0.9
191,-285878305771813617,"Proclamation 6448—Father's Day, 1992",George Bush,1992-06-17,surprising that we are reminded that the fourth commandment given to man by god is the first with a promise honor your father and your mother that it may be well with you and that you may live long on the earth this injunction might readily apply to nations as well as to individuals--each of us should honor not only our own moms and dads,Ephesians 6:2,Honour thy father and mother; which is the first commandment with promise;,0.9817658672074788,TRUE,,0.95
199,-3050155075829649776,"Proclamation 6355—National Children's Day, 1991",George Bush,1991-10-11,childhood and reaffirm our commitment to helping every american youngster to enjoy the best possible start in life as it is written in scripture train up a child in the way that he should go and when he is old he will not depart from it the congress by senate joint resolution 126 has designated the second sunday in october 1991 as national children's day and has authorized and requested,Proverbs 22:6,"Train up a child in the way he should go: and when he is old, he will not depart from it.",0.5551865275084994,TRUE,,1.0
218,-3224053434859910131,"Proclamation 3436—National Day of Prayer, 1961",John F. Kennedy,1961-09-28,at their best in their day as the responsible trustees of the great heritage which has come to us from those who went before us for a spirit of wisdom and understanding as we move toward new frontiers of cooperation and brotherhood to overcome the curse of hunger of ignorance of superstition and of disease,Isaiah 11:2,"And the spirit of the LORD shall rest upon him, the spirit of wisdom and understanding, the spirit of counsel and might, the spirit of knowledge and of the fear of the LORD;",0.3540009883999571,TRUE,,0.8
220,-3224053434859910131,"Proclamation 3436—National Day of Prayer, 1961",John F. Kennedy,1961-09-28,with freedom and justice and dignity for all mankind and recognizing our own shortcomings may we be granted forgiveness and cleansing that god shall bless us and be gracious unto us and cause his face to shine upon us as we stand everyone of us on this day in his presence in witness whereof i have hereunto set my hand and caused the seal of,Psalms 67:1,"God be merciful unto us, and bless us; and cause his face to shine upon us; Selah.",0.9638631188498652,TRUE,,0.95
274,-3764859750167597628,"Proclamation 3812—National Day of Prayer, 1967",Lyndon B. Johnson,1967-10-06,st paul said in sighs too deep for words we pray that in the time of prosperity fill our hearts with thankfulness and in the day of trouble suffer not our trust in thee to fail sensible of our people's faith the congress by a joint resolution of april 17 1952 provided that the president,Romans 8:26,Likewise the Spirit also helpeth our infirmities: for we know not what we should pray for as we ought: but the Spirit itself maketh intercession for us with groanings which cannot be uttered.,0.4212538716412514,TRUE,,0.8
281,-3775825922356896606,"Proclamation 8242—National Day of Prayer, 2008",George W. Bush,2008-04-21,prayer we ask god's continued blessings on our country this year's theme prayer america's strength and shield is taken from psalm 28:7 the lord is my strength and my shield my heart trusts in him and i am helped on this day we pray for the safety of our brave men and women in uniform for their families and for the comfort and recovery of,Psalms 28:7,"The LORD is my strength and my shield; my heart trusted in him, and I am helped: therefore my heart greatly rejoiceth; and with my song will I praise him.",0.926607492500856,TRUE,,0.95
287,-3781830419370852608,"Proclamation 6421—Education and Sharing Day, U.S.A., 1992",George Bush,1992-04-14,and in religious institutions where we learn of our just and loving creator and of the commandments that he has set before us recognizing that fear of the lord is the beginning of wisdom members of the worldwide lubavitch movement under the leadership of rabbi menachem mendel schneerson have worked to promote greater knowledge of divine law including the biblical,Proverbs 9:10,The fear of the LORD is the beginning of wisdom: and the knowledge of the holy is understanding.,0.9605909596478744,TRUE,,0.95
288,-3781830419370852608,"Proclamation 6421—Education and Sharing Day, U.S.A., 1992",George Bush,1992-04-14,and in religious institutions where we learn of our just and loving creator and of the commandments that he has set before us recognizing that fear of the lord is the beginning of wisdom members of the worldwide lubavitch movement under the leadership of rabbi menachem mendel schneerson have worked to promote greater knowledge of divine law including the biblical,Psalms 111:10,The fear of the LORD is the beginning of wisdom: a good understanding have all they that do his commandments: his praise endureth for ever.,0.5003278300709808,TRUE,,0.9
289,-3781830419370852608,"Proclamation 6421—Education and Sharing Day, U.S.A., 1992",George Bush,1992-04-14,menachem mendel schneerson have worked to promote greater knowledge of divine law including the biblical injunction to assist those who are needy like the psalmist who wrote thy word is a lamp to my feet and a light to my path the individual who possesses such knowledge is well-equipped for a safe and fruitful passage on his or her life's journey in recognition of the,Psalms 119:105,"Thy word is a lamp unto my feet, and a light unto my path.",0.9009846029133484,TRUE,,1.0
351,-433402906587476111,"Proclamation 10570—National Day of Prayer, 2023","Joseph R. Biden, Jr.",2023-05-03,but as fellow americans and human beings only when we see ourselves in each other will justice as scripture tells us roll down like waters righteousness become a mighty stream and america fulfill its true promise as a land of liberty and justice for all the congress by public law 100-307 as amended has called,Amos 5:24,"But let judgment run down as waters, and righteousness as a mighty stream.",0.973904849623605,TRUE,,0.95
360,-4589648609771259080,"Proclamation 6409—National Day of Prayer, 1992",George Bush,1992-03-05,trust in the steady unfailing light that is the love of god time and again scripture tells us of the constancy of the almighty indeed his kingdom is an everlasting kingdom wrote the psalmist and his dominion endures throughout all generations our ancestors trusted in the faithfulness of the almighty and they frequently turned to him in humble heartfelt prayer,Psalms 145:13," Thy kingdom is an everlasting kingdom, and thy dominion endureth throughout all generations.",0.854271343954298,TRUE,,0.9
368,-4589648609771259080,"Proclamation 6409—National Day of Prayer, 1992",George Bush,1992-03-05,word to express it each of us can echo this timeless prayer of solomon the ancient king who prayed for and received the gift of wisdom the lord our god be with us as he was with our fathers may he not leave us or forsake us so that he may incline our hearts to him to walk in all his ways that all the peoples of the earth may,1 Kings 8:57,"The LORD our God be with us, as he was with our fathers: let him not leave us, nor forsake us:",0.9913264078136798,TRUE,,0.95
368,-4589648609771259080,"Proclamation 6409—National Day of Prayer, 1992",George Bush,1992-03-05,word to express it each of us can echo this timeless prayer of solomon the ancient king who prayed for and received the gift of wisdom the lord our god be with us as he was with our fathers may he not leave us or forsake us so that he may incline our hearts to him to walk in all his ways that all the peoples of the earth may,1 Kings 8:58,"That he may incline our hearts unto him, to walk in all his ways, and to keep his commandments, and his statutes, and his judgments, which he commanded our fathers.",0.9913264078136798,TRUE,,0.95
375,-4589648609771259080,"Proclamation 6409—National Day of Prayer, 1992",George Bush,1992-03-05,he not leave us or forsake us so that he may incline our hearts to him to walk in all his ways that all the peoples of the earth may know that the lord is god there is no other since the approval of the joint resolution of the congress on april 17 1952 calling for the designation of a,1 Kings 8:60,"That all the people of the earth may know that the LORD is God, and that there is none else.",0.69481817073965,TRUE,,0.9
414,-5133541381695664526,"Proclamation 6088—Martin Luther King, Jr., Federal Holiday, 1990",George Bush,1990-01-09,equal that they are endowed by their creator with certain unalienable rights that among these are life liberty and the pursuit of happiness knowing that a house divided against itself cannot stand dr king devoted his life to striving for racial unity and equality in the united states he believed our nation had strayed from,Mark 3:25,"And if a house be divided against itself, that house cannot stand.",0.9594646527413992,TRUE,,0.9
420,-5204439089767596862,Proclamation 9004—50th Anniversary of the March on Washington for Jobs and Freedom,Barack Obama,2013-08-23,our streets or in our hearts-and let us pledge that in the words of dr king we will not be satisfied until justice rolls down like waters and righteousness like a mighty stream now therefore i barack obama president of the united states of america by virtue of the authority vested in me by the constitution and the laws of,Amos 5:24,"But let judgment run down as waters, and righteousness as a mighty stream.",0.1718315423971517,TRUE,,0.9
481,-6006362299579712618,Proclamation 9997—National Day of Prayer for All Americans Affected by the Coronavirus Pandemic and for Our National Response Efforts,Donald J. Trump (1st Term),2020-03-14,no problem is too big for god to handle we should all take to heart the holy words found in 1 peter 5:7 casting all your care upon him for he careth for you let us pray that all those affected by the virus will feel the presence of our lord's protection and love during this time with god's help,1 Peter 5:7,Casting all your care upon him; for he careth for you.,0.2031672423874486,TRUE,,1.0
482,-6006362299579712618,Proclamation 9997—National Day of Prayer for All Americans Affected by the Coronavirus Pandemic and for Our National Response Efforts,Donald J. Trump (1st Term),2020-03-14,actions to protect americans all across the country as we come to our father in prayer we remember the words found in psalm 91 he is my refuge and my fortress my god in him will i trust as we unite in prayer we are reminded that there is no burden too heavy for god to lift or for this country to bear with his,Psalms 91:2,"I will say of the LORD, He is my refuge and my fortress: my God; in him will I trust.",0.9401000102591872,TRUE,,1.0
484,-6006362299579712618,Proclamation 9997—National Day of Prayer for All Americans Affected by the Coronavirus Pandemic and for Our National Response Efforts,Donald J. Trump (1st Term),2020-03-14,reminded that there is no burden too heavy for god to lift or for this country to bear with his help luke 1:37 promises that for with god nothing shall be impossible and those words are just as true today as they have ever been as one nation under god we are greater than the,Luke 1:37,For with God nothing shall be impossible.,0.966474447300667,TRUE,,1.0
488,-6062556138401070675,"Proclamation 6262—Education Day, U.S.A., 1991",George Bush,1991-03-20,light of moral instruction and the strong staff of traditional family values we help to guarantee them safe passage on their life's journey as scripture says train up a child in the way he should go and when he is old he will not depart from it moral education is vital not only to the personal well-being of our children but also to the preservation of civil order and justice,Proverbs 22:6,"Train up a child in the way he should go: and when he is old, he will not depart from it.",0.9838945010747256,TRUE,,1.0
513,-636615643145936703,"Proclamation 6104—National Day of Prayer, 1990",George Bush,1990-03-06,for daily prayer at the federal convention in 1787 it is as if they were profoundly aware of the gentle admonition found in the 127th psalm except the lord build the house they labor in vain that build it except the lord keep the city the watchman waketh but in vain today we do well to place in god's hands our hopes and concerns for our families and our communities just as our nation's founders,Psalms 127:1,"Except the LORD build the house, they labour in vain that build it: except the LORD keep the city, the watchman waketh but in vain.",0.8891934857615406,TRUE,,0.95
514,-636615643145936703,"Proclamation 6104—National Day of Prayer, 1990",George Bush,1990-03-06,arms of god finally let us dedicate this nation once more to the protection of divine providence remembering the words of the psalmist how excellent is thy loving kindness o god therefore the children of men put their trust under the shadow of thy wings since the approval of the joint resolution of the congress on april 17 1952 calling for the designation of a specific day to be set,Psalms 36:7,"How excellent is thy lovingkindness, O God! therefore the children of men put their trust under the shadow of thy wings.",0.980638945822202,TRUE,,0.98
532,-662354789050398407,Proclamation 2107—Thanksgiving Day,Franklin D. Roosevelt,1934-11-15,reality more greatly have we turned our hearts and minds to things spiritual we can truly say what profiteth it a nation if it gain the whole world and lose its own soul with gratitude in our hearts for what has already been achieved may we with the help of god dedicate ourselves anew to,Mark 8:36,"For what shall it profit a man, if he shall gain the whole world, and lose his own soul?",0.8299329105265462,TRUE,,0.9
559,-6884153204165273603,"Proclamation 6668—National Day of Prayer, 1994",William J. Clinton,1994-04-12,beliefs while respecting the convictions of others we can strengthen our people and rebuild our nation as micah reminds us we must strive to do justly and to love mercy and to walk humbly before god the congress by joint resolution approved april 17 1952 having recognized the role of faith and prayer in the lives of the american people,Micah 6:8,"He hath shewed thee, O man, what is good; and what doth the LORD require of thee, but to do justly, and to love mercy, and to walk humbly with thy God?",0.692246174551806,TRUE,,0.95
561,-6897936039930823285,"Proclamation 6397—National Sanctity of Human Life Day, 1992",George Bush,1991-12-20,fundamental moral vision of the united states a vision that affirms the inestimable dignity and worth of every human being each of whom is made in the image of god they were not words uttered lightly signers of the declaration pledged to uphold them with their lives their fortunes and their sacred honor on this,Colossians 1:15,"Who is the image of the invisible God, the firstborn of every creature:",0.2460164027681819,TRUE,,0.9
598,-7222849739286156844,"Proclamation 5138—National Day of Prayer, 1984",Ronald Reagan,1983-12-14,the civil war or other moments of trial over the years we have turned to god for his help as we are told in ii chronicles 7:14 if my people who are called by my name will humble themselves and pray and seek my face and turn from their wicked ways then i will hear from heaven and will forgive their sin and will heal their land by joint resolution of the congress approved april 17 1952 the recognition of a particular day set aside each year as a national,2 Chronicles 7:14,"If my people, which are called by my name, shall humble themselves, and pray, and seek my face, and turn from their wicked ways; then will I hear from heaven, and will forgive their sin, and will heal their land.",0.3180532801801402,TRUE,,1.0
606,-7283563448335704442,"Proclamation 7547—National Day of Prayer, 2002",George W. Bush,2002-04-26,on this national day of prayer i encourage americans to remember the words of st paul do not be anxious about anything but in everything by prayer and petition with thanksgiving present your requests to god the congress by public law 100-307 as amended has called on our citizens to reaffirm the role of prayer,Philippians 4:6,Be careful for nothing; but in every thing by prayer and supplication with thanksgiving let your requests be made known unto God.,0.9879273051944468,TRUE,,0.95
607,-7292469780450486649,Proclamation 10792—Establishment of the Springfield 1908 Race Riot National Monument,"Joseph R. Biden, Jr.",2024-08-16,letter in february 1909 taking stock of the nation's progress on the centennial of lincoln's birth invoking lincoln's words from 1858 that a house divided against itself cannot stand the group call[ed upon all the believers in democracy to join in a national conference for the discussion of present evils,Mark 3:25,"And if a house be divided against itself, that house cannot stand.",0.5980618603456794,TRUE,,0.8
625,-7455019773177212777,"Proclamation 6207—Veterans Day, 1990",George Bush,1990-10-17,the bible tells us that no greater love has a man than this to lay down his life for a friend our nation's military veterans are brave and selfless individuals who when duty called were willing to put themselves in harm's way to defend the,John 15:13,"Greater love hath no man than this, that a man lay down his life for his friends.",0.986870126568798,TRUE,,1.0
630,-7471965399622094352,"Proclamation 6861—Martin Luther King, Jr., Federal Holiday, 1996",William J. Clinton,1996-01-12,segregated buses and trains traveled our neighborhoods and that african americans were often prevented from registering to vote echoing abraham lincoln's warning that a house divided against itself cannot stand dr king urged we must learn to live together as brothers or we will perish as fools martin luther king jr.'s call for american society,Mark 3:25,"And if a house be divided against itself, that house cannot stand.",0.597786425534947,TRUE,,0.9
645,-7610661284612819005,"Proclamation 5413—National Day of Fasting To Raise Funds To Combat Hunger, 1985",Ronald Reagan,1985-11-23,are especially mindful of those in distress and we thank god for inviting us to respond with open hearts to the cry of the afflicted and the needy for in being generous to others we become more like him who has been so generous to us most recently we heard,Psalms 82:3,Defend the poor and fatherless: do justice to the afflicted and needy.,0.5551926108412641,TRUE,,0.9
647,-7624508031498964704,"Proclamation 6229—Thanksgiving Day, 1990",George Bush,1990-11-14,the heavens they could have little solace or content what could now sustain them but the spirit of god and his grace they cried to the lord and he heard their voice and looked on their adversity let them therefore praise the lord because he is good and his mercies endure for ever the historic,Psalms 120:1,"In my distress I cried unto the LORD, and he heard me.",0.6730242709882917,TRUE,,0.9
654,-7624508031498964704,"Proclamation 6229—Thanksgiving Day, 1990",George Bush,1990-11-14,share fully in this nation's bounty is the most heartfelt and meaningful answer we can give to the timeless appeal of the psalmist o give thanks to the lord for he is good for his steadfast love endures forever finally on this thanksgiving day let us also remember all those americans abroad who labor to advance the ideals for which,Psalms 118:1,O give thanks unto the LORD; for he is good: because his mercy endureth for ever.,0.9573708891835132,TRUE,,0.95
678,-7773111938560705200,"Proclamation 5844—Thanksgiving Day, 1988",Ronald Reagan,1988-08-04,must be understood as the gift of a loving god whose greatest gift is healing let us join then with the psalmist of old o give thanks to the lord call on his name make known his deeds among the peoples sing to him sing praises to him tell of all his wonderful works glory in his holy name let the hearts of those who,Psalms 105:1,O give thanks unto the LORD; call upon his name: make known his deeds among the people.,0.9970179499326696,TRUE,,0.95
684,-7773111938560705200,"Proclamation 5844—Thanksgiving Day, 1988",Ronald Reagan,1988-08-04,give thanks to the lord call on his name make known his deeds among the peoples sing to him sing praises to him tell of all his wonderful works glory in his holy name let the hearts of those who seek the lord rejoice now therefore i ronald reagan president,Psalms 105:2,"Sing unto him, sing psalms unto him: talk ye of all his wondrous works.",0.8056975558474707,TRUE,,0.9
690,-7773111938560705200,"Proclamation 5844—Thanksgiving Day, 1988",Ronald Reagan,1988-08-04,call on his name make known his deeds among the peoples sing to him sing praises to him tell of all his wonderful works glory in his holy name let the hearts of those who seek the lord rejoice now therefore i ronald reagan president of the united states of america do hereby proclaim thursday november 24 1988 as a national day of thanksgiving and,Psalms 105:3,Glory ye in his holy name: let the heart of them rejoice that seek the LORD.,0.9707462317944456,TRUE,,0.9
705,-7995116812082000929,Proclamation 10129—850th Anniversary of the Martyrdom of Saint Thomas Becket,Donald J. Trump (1st Term),2020-12-28,contempt of royal authority and questioned why this poor and humble priest would dare defy him archbishop becket responded god is the supreme ruler above kings and we ought to obey god rather than men because thomas would not assent to rendering the church subservient to the state he was forced to forfeit all his property and flee his own,Acts 5:29,"Then Peter and the other apostles answered and said, We ought to obey God rather than men.",0.6244161713729122,TRUE,,0.9
720,-8189171783853695893,"Proclamation 5927—Martin Luther King, Jr., Day, 1989",Ronald Reagan,1988-12-23,to articulate the longings and aspirations of the people more than the preacher somehow the preacher must be an amos and say let justice roll down like waters and righteousness like a mighty stream martin luther king jr did exactly that he gave eloquent voice and powerful leadership to the long-cherished hopes of millions as he headed a crusade to,Amos 5:24,"But let judgment run down as waters, and righteousness as a mighty stream.",0.9151851737069958,TRUE,,0.95
727,-8260739977086899887,"Proclamation 10368—Education and Sharing Day, U.S.A., 2022","Joseph R. Biden, Jr.",2022-04-11,and service communities worldwide the rebbe's work reminds us in the words of the prophet amos to hate evil love good and establish justice in the gate we each share a responsibility to live up to those words-in and out of the classroom-and to plant the seeds of love kindness,Amos 5:15,"Hate the evil, and love the good, and establish judgment in the gate: it may be that the LORD God of hosts will be gracious unto the remnant of Joseph.",0.6941307450543008,TRUE,,0.8
769,-8648067441140448483,Proclamation 2571—Thanksgiving Day,Franklin D. Roosevelt,1942-11-26,"holy protection and that every american in his own way lift his voice to heaven i recommend that all of us bear in mind this great psalm:""the lord is my shepherd i shall not want he maketh me to lie down in green pastures he leadeth me beside the still waters he restoreth my soul he leadeth me in the",Psalms 23:1,The LORD is my shepherd; I shall not want.,0.9209835853086982,TRUE,,0.95
770,-8648067441140448483,Proclamation 2571—Thanksgiving Day,Franklin D. Roosevelt,1942-11-26,"lift his voice to heaven i recommend that all of us bear in mind this great psalm:""the lord is my shepherd i shall not want he maketh me to lie down in green pastures he leadeth me beside the still waters he restoreth my soul he leadeth me in the paths of righteousness for his name's sake yea though i walk through the valley of",Psalms 23:2,He maketh me to lie down in green pastures: he leadeth me beside the still waters.,0.7373093067758808,TRUE,,0.9
772,-8648067441140448483,Proclamation 2571—Thanksgiving Day,Franklin D. Roosevelt,1942-11-26,"us bear in mind this great psalm:""the lord is my shepherd i shall not want he maketh me to lie down in green pastures he leadeth me beside the still waters he restoreth my soul he leadeth me in the paths of righteousness for his name's sake yea though i walk through the valley of the shadow of death i will fear no evil for thou art with me thy",Psalms 23:3,He restoreth my soul: he leadeth me in the paths of righteousness for his name's sake.,0.8894989500736472,TRUE,,1.0
776,-8648067441140448483,Proclamation 2571—Thanksgiving Day,Franklin D. Roosevelt,1942-11-26,down in green pastures he leadeth me beside the still waters he restoreth my soul he leadeth me in the paths of righteousness for his name's sake yea though i walk through the valley of the shadow of death i will fear no evil for thou art with me thy rod and thy staff they comfort me thou preparest a table before me in the presence of mine enemies thou anointest my head with oil my cup runneth over surely,Psalms 23:4,"Yea, though I walk through the valley of the shadow of death, I will fear no evil: for thou art with me; thy rod and thy staff they comfort me.",0.9732314626399852,TRUE,,1.0
778,-8648067441140448483,Proclamation 2571—Thanksgiving Day,Franklin D. Roosevelt,1942-11-26,the shadow of death i will fear no evil for thou art with me thy rod and thy staff they comfort me thou preparest a table before me in the presence of mine enemies thou anointest my head with oil my cup runneth over surely goodness and mercy shall follow me all the days of my life and i will dwell in the house of,Psalms 23:5,Thou preparest a table before me in the presence of mine enemies: thou anointest my head with oil; my cup runneth over.,0.9025468655985356,TRUE,,0.95
780,-8648067441140448483,Proclamation 2571—Thanksgiving Day,Franklin D. Roosevelt,1942-11-26,comfort me thou preparest a table before me in the presence of mine enemies thou anointest my head with oil my cup runneth over surely goodness and mercy shall follow me all the days of my life and i will dwell in the house of the lord for ever inspired with faith and courage by these words let us turn again to the work that confronts us in this time of national emergency in the,Psalms 23:6,Surely goodness and mercy shall follow me all the days of my life: and I will dwell in the house of the LORD for ever.,0.9463705738471566,TRUE,,0.95
804,-8854657925706832235,Proclamation 4344—International Clergy Week in the United States,Gerald R. Ford,1975-01-30,in a world plagued by violence and suffering clergymen of all denominations help lead the human family to the peace of god which passeth all understanding in a time of difficult choices and moral questioning they point the way to the higher values of conduct as god's ministers on earth,Philippians 4:7,"And the peace of God, which passeth all understanding, shall keep your hearts and minds through Christ Jesus.",0.8532401337343382,TRUE,,0.9
841,-9215163291372909833,"Proclamation 5463—Education Day, U.S.A., 1986",Ronald Reagan,1986-04-19,can lead to that blend of compassion humility and understanding that is summed up in one word wisdom happy the man scripture tells us who finds wisdom her ways are ways of pleasantness and all her paths are peace she is a tree of life to those who come to possess her the congress has sought to call attention to these durable values by adopting,Proverbs 3:17,"Her ways are ways of pleasantness, and all her paths are peace.",0.9757818670925246,TRUE,,1.0
843,-9215163291372909833,"Proclamation 5463—Education Day, U.S.A., 1986",Ronald Reagan,1986-04-19,one word wisdom happy the man scripture tells us who finds wisdom her ways are ways of pleasantness and all her paths are peace she is a tree of life to those who come to possess her the congress has sought to call attention to these durable values by adopting resolutions that pay tribute to,Proverbs 3:18,She is a tree of life to them that lay hold upon her: and happy is every one that retaineth her.,0.5747140971707558,TRUE,,0.9
894,1501058782322531348,"Proclamation 5412—Thanksgiving Day, 1985",Ronald Reagan,1985-11-15,of the first american thanksgiving observance may be uncertain there is no question but that this treasured custom derives from our judeo-christian heritage unto thee o god do we give thanks the psalmist sang praising god not only for the wondrous works of his creation but for loving guidance and deliverance from dangers a band,Psalms 75:1,"Unto thee, O God, do we give thanks, unto thee do we give thanks: for that thy name is near thy wondrous works declare.",0.940275081909716,TRUE,,0.95
923,1738957481593814342,"Proclamation 10229—Juneteenth Day of Observance, 2021","Joseph R. Biden, Jr.",2021-06-18,disproportionate burden of loss-while also carrying us through disproportionately as essential workers and health care providers on the front lines of the crisis psalm 30 proclaims that weeping may endure for a night but joy cometh in the morning juneteenth marks both the long hard night of slavery and discrimination and the promise of a brighter morning to come my administration is committed to building,Psalms 30:5,"For his anger endureth but a moment; in his favour is life: weeping may endure for a night, but joy cometh in the morning.",0.9695991892061472,TRUE,,0.95
925,1752793567833957900,"Proclamation 6100—International Year of Bible Reading, 1990",George Bush,1990-02-22,direction to those who seek truth and righteousness in recognizing its enduring value we recall the words of the prophet isaiah who declared the grass withereth the flower fadeth but the word of our god shall stand forever containing revelations of god's intervention in human history the bible offers moving testimony to his love for mankind treasuring the bible as,Isaiah 40:8,"The grass withereth, the flower fadeth: but the word of our God shall stand for ever.",0.9767827064515644,TRUE,,0.98
979,2486963454698321505,"Proclamation 9839—Martin Luther King, Jr., Federal Holiday, 2019",Donald J. Trump (1st Term),2019-01-18,strides as a nation but we acknowledge that more work must be done for in the words of dr king justice to roll down like waters and righteousness like a mighty stream united as one american family we will not rest-and we will never be satisfied-until the promise of this great nation is accessible to,Amos 5:24,"But let judgment run down as waters, and righteousness as a mighty stream.",0.9600047939036148,TRUE,,0.9
988,259539643821001435,"Proclamation 4060—World Law Day, 1971",Richard Nixon,1971-06-17,from the time more than 25 centuries ago when a hebrew prophet wrote the lord is our judge our lawgiver our king he will save us western civilization's sense of salvation has been intimately related to its vision of the universal rule of law in the affairs of men we,Isaiah 33:22,"For the LORD is our judge, the LORD is our lawgiver, the LORD is our king; he will save us.",0.8421488857129018,TRUE,,1.0
1064,3588476920461727733,Proclamation 4127—Father's Day,Richard Nixon,1972-05-01,"the elemental magic and joy of humanity in fatherhood we even sense the divine as the scriptural writers did who told of all good gifts coming down from the father of lights with whom is no variableness neither shadow of turning""-symbolism so challenging to each man who would give his own son or daughter a life of light without shadow our identity in name and",James 1:17,"Every good gift and every perfect gift is from above, and cometh down from the Father of lights, with whom is no variableness, neither shadow of turning.",0.9990607128215898,TRUE,,0.95
1081,3733502643222952020,"Proclamation 7504—Thanksgiving Day, 2001",George W. Bush,2001-11-16,unimaginable loss and let us reach out with care to those in need of food shelter and words of hope may almighty god who is our refuge and our strength in this time of trouble watch over our homeland protect us and grant us patience resolve and wisdom in all that is to come now,Psalms 46:1,"God is our refuge and strength, a very present help in trouble.",0.9661432982967628,TRUE,,0.9
1106,4099554699499644804,Proclamation 4112—National Day of Prayer,Richard Nixon,1972-02-17,this nation and the world listened in a moment of human triumph as a small space vehicle circled the moon and frank borman read from genesis in the beginning god created the heaven and the earth today america is moving toward the objective we have pursued throughout our history toward a dream as old as man toward a world at,Genesis 1:1,In the beginning God created the heaven and the earth.,0.9868666034786262,TRUE,,1.0
1108,4099554699499644804,Proclamation 4112—National Day of Prayer,Richard Nixon,1972-02-17,is anchored let this nation turn again to god let this nation turn again to prayer as the world strives to move from a time of war to a time of peace forever as america stretches forth the hand that holds the olive branch we know that other hands must reach out to take it,Ecclesiastes 3:8,"A time to love, and a time to hate; a time of war, and a time of peace.",0.1823318115701485,TRUE,,0.9
1110,4099554699499644804,Proclamation 4112—National Day of Prayer,Richard Nixon,1972-02-17,won we must be patient and strong therefore let each man woman and child in this land recall the ancient wisdom of the scriptures our help is in the name of the lord who made heaven and earth let us seek that help in prayer we remember that our enterprise must find favor in the eyes of god for the,Psalms 124:8,"Our help is in the name of the LORD, who made heaven and earth.",0.9849266717212618,TRUE,,1.0
1115,4099554699499644804,Proclamation 4112—National Day of Prayer,Richard Nixon,1972-02-17,seek that help in prayer we remember that our enterprise must find favor in the eyes of god for the scriptures tell us that except the lord build the house they labor in vain that build it as we pursue peace let this people pray our search will find favor in the eyes of god and that we labor not,Psalms 127:1,"Except the LORD build the house, they labour in vain that build it: except the LORD keep the city, the watchman waketh but in vain.",0.950711442722901,TRUE,,1.0
1132,4408984224432707762,"Proclamation 7588—National Days of Prayer and Remembrance, 2002",George W. Bush,2002-08-31,who perished in the aftermath of the attacks the words of the psalms brought comfort to many we trust god always to be our refuge and our strength an ever-present help in time of trouble believing that one greater than ourselves watches over our lives and over this nation we,Psalms 46:1,"God is our refuge and strength, a very present help in trouble.",0.983851910583647,TRUE,,1.0
1157,4722798710241059949,"Proclamation 4845—Father's Day, 1981",Ronald Reagan,1981-05-20,childhood forecast our lives as poets and philosophers long have told us the childhood shows the man as morning shows the day john milton wrote train up a child in the way he should go and when he is old he will not depart from it solomon tells us clearly the future is in the care of our parents such is the responsibility promise and hope of fatherhood such is,Proverbs 22:6,"Train up a child in the way he should go: and when he is old, he will not depart from it.",0.9814384398282892,TRUE,,0.95
1201,5340902252727998339,"Proclamation 6380—Thanksgiving Day, 1991",George Bush,1991-11-25,plenty time and again scripture describes our creator's special love for the poor as the psalmist wrote he pours contempt upon princes yet sets the poor on high from affliction in this great nation we have a special obligation to care for the ill and the destitute therefore recalling that much will be asked of,Psalms 107:41,"Yet setteth he the poor on high from affliction, and maketh him families like a flock.",0.9188403403033552,TRUE,,1.0
1204,5344663376061975881,"Proclamation 7780—National Day of Prayer, 2004",George W. Bush,2004-04-30,boundless love through prayer we recognize the limits of earthly power and acknowledge the sovereignty of god according to scripture the lord is near to all who call upon him he also will hear their cry and save them prayer leads to humility and a grateful heart and it turns our minds to the needs,Psalms 145:18,"The LORD is nigh unto all them that call upon him, to all that call upon him in truth.",0.4005724560567959,TRUE,,0.9
1205,5344663376061975881,"Proclamation 7780—National Day of Prayer, 2004",George W. Bush,2004-04-30,recognize the limits of earthly power and acknowledge the sovereignty of god according to scripture the lord is near to all who call upon him he also will hear their cry and save them prayer leads to humility and a grateful heart and it turns our minds to the needs of others on this national,Psalms 145:19,"He will fulfil the desire of them that fear him: he also will hear their cry, and will save them.",0.9532646485097636,TRUE,,0.95
1256,5932494092439241714,"Proclamation 10744—National Day of Prayer, 2024","Joseph R. Biden, Jr.",2024-05-01,or the world but we remain confident that it makes a profound difference each and every day scripture tells us to rejoice in hope be patient in tribulation and be constant in prayer this year my prayer for our nation is that we keep faith that our best days are ahead of us and continue,Romans 12:12,Rejoicing in hope; patient in tribulation; continuing instant in prayer;,0.943261727429686,TRUE,,0.95
1268,6070819743033159444,"Proclamation 3324—National Farm-City Week, 1959",Dwight D. Eisenhower,1959-10-29,join in this observance along with farm groups as evidence of america's appreciation of all those on the farms and in the cities who provide us with our daily bread and all the other necessities of life in witness whereof i have hereunto set my hand and caused the seal of the united states of,Luke 11:3,Give us day by day our daily bread.,0.6875976187258667,TRUE,,0.9
1272,6184063821846448758,"Proclamation 8987—Memorial Day, Prayer for Peace",Barack Obama,2013-05-24,never came back-who fought for a home to which they never returned and died for a country whose gratitude they will always have scripture teaches us that greater love hath no man than this that a man lay down his life for his friends on memorial day we remember those we have lost not only for what they fought for but who they were proud americans often far too young,John 15:13,"Greater love hath no man than this, that a man lay down his life for his friends.",0.2183228195363234,TRUE,,0.95
1275,619503543582240694,"Proclamation 10070—National Days of Prayer and Remembrance, 2020",Donald J. Trump (1st Term),2020-09-03,restoration as it blooms with the seasons and reminds us of its triumph over destruction we remember the words of john 1:5 the light shines in the darkness and the darkness has not overcome it in the nearly two decades that have passed since this tragedy our nation has grown stronger and more resilient as,John 1:5,And the light shineth in darkness; and the darkness comprehended it not.,0.8972969818765913,TRUE,,0.9
1280,6237968310651253222,Proclamation 7925—National Day of Prayer and Remembrance for the Victims of Hurricane Katrina,George W. Bush,2005-09-08,one person may show to another to love your neighbor as yourself across our nation so many selfless deeds reflect the promise of the scripture for i was hungry and you gave me food i was thirsty and you gave me drink i was a stranger and you took me in i encourage all americans to respond with acts of kindness in the days ahead by contributing time money or needed goods to a relief,Matthew 22:39,"And the second is like unto it, Thou shalt love thy neighbour as thyself.",0.9672683430871049,TRUE,,0.9
1280,6237968310651253222,Proclamation 7925—National Day of Prayer and Remembrance for the Victims of Hurricane Katrina,George W. Bush,2005-09-08,one person may show to another to love your neighbor as yourself across our nation so many selfless deeds reflect the promise of the scripture for i was hungry and you gave me food i was thirsty and you gave me drink i was a stranger and you took me in i encourage all americans to respond with acts of kindness in the days ahead by contributing time money or needed goods to a relief,Matthew 25:35,"For I was an hungred, and ye gave me meat: I was thirsty, and ye gave me drink: I was a stranger, and ye took me in:",0.9672683430871049,TRUE,,0.9
1295,6414786807986614691,"Proclamation 9014—National Days of Prayer and Remembrance, 2013",Barack Obama,2013-09-06,sky black smoke rising from the ruins below these images will never leave us but scripture teaches us that light shines even in the darkness and the darkness has not overcome it when the first calls for help reached squad cars ambulances and ladder companies there was no hesitation first responders rushed to the scene,John 1:5,And the light shineth in darkness; and the darkness comprehended it not.,0.8088721124051791,TRUE,,0.9
1298,6421656484681769949,Proclamation 4165—National Day of Prayer,Richard Nixon,1972-10-09,in a night vision to ask what he wished of god was reverent and humble enough to pray i am but a little child give therefore thy servant an understanding heart for who is able to judge this thy so great a people in our time as in solomon's no nation can expect to prosper and live in peace-no people can govern themselves wisely-except they invoke and rely on the,1 Kings 3:9,"Give therefore thy servant an understanding heart to judge thy people, that I may discern between good and bad: for who is able to judge this thy so great a people?",0.9157219302409916,TRUE,,0.95
1342,7122089667684521102,"Proclamation 6280—National Day of Prayer, 1991",George Bush,1991-04-25,our prayers pleasing to him by the regular practice of public and private virtue and by a genuine renewal of america's moral heritage as scripture says righteousness exalteth a nation but sin is a reproach to any people since the approval of the joint resolution of the congress on april 17 1952 calling for the designation of a specific day to be set aside each,Proverbs 14:34,Righteousness exalteth a nation: but sin is a reproach to any people.,0.9980697924584704,TRUE,,0.9
1362,7365155039194363134,"Proclamation 4080—Drug Abuse Prevention Week, 1971",Richard Nixon,1971-09-17,what shall it profit a man the bible asks if he shall gain the whole world and lose his own soul it is a question which the menace of drug abuse poses anew to all of us what can a nation profit from its abundant,Mark 8:36,"For what shall it profit a man, if he shall gain the whole world, and lose his own soul?",0.9681357521255012,TRUE,,0.95
1377,752826184233056267,"Proclamation 2952—Thanksgiving Day, 1951",Harry S Truman,1951-11-01,and in our places of worship individually and in groups render homage to almighty god let us recall the words of the psalmist o give thanks unto the lord for he is good for his mercy endureth forever let us also on the appointed day seek divine aid in the quest for peace in witness whereof i have hereunto set my hand and caused the,Psalms 107:1,"O give thanks unto the LORD, for he is good: for his mercy endureth for ever.",0.9763537798166078,TRUE,,0.95
1397,7551653320750108505,"Proclamation 5687—Thanksgiving Day, 1987",Ronald Reagan,1987-07-28,among them as they began their work they found common voice in the 35th psalm which concludes with a verse of joyous gratitude and my tongue shall speak of thy righteousness and of thy praise all the day long this year of course our thanksgiving day celebration coincides with the bicentennial of the constitution in 1789 the government established by that great charter of freedom,Psalms 35:28,And my tongue shall speak of thy righteousness and of thy praise all the day long.,0.9644949153626504,TRUE,,0.95
1406,7562277830941648101,Proclamation 4248—National Day of Prayer,Richard Nixon,1973-10-05,american future let us do so with the same profound faith in the god of our fathers mindful of the words of the psalms blessed is the nation whose god is the lord and the people whom he bath chosen for his own inheritance now therefore i richard nixon president of the united states of america do hereby proclaim wednesday october 17 as national day of prayer 1973 i ask,Psalms 33:12,Blessed is the nation whose God is the LORD; and the people whom he hath chosen for his own inheritance.,0.8442788620228115,TRUE,,0.9
1423,78244856109647153,"Proclamation 6508—Thanksgiving Day, 1992",George Bush,1992-11-20,the place that we desire then hath he ratified this covenant and sealed our commission and will expect a strict performance of the articles contained in it to do justly to love mercy to walk humbly with our god by remaining grateful for and faithful to that divine commission america has become a model of freedom and justice to the,Micah 6:8,"He hath shewed thee, O man, what is good; and what doth the LORD require of thee, but to do justly, and to love mercy, and to walk humbly with thy God?",0.8145563251158019,TRUE,,1.0
1458,8305728482582128414,"Proclamation 5501—Baltic Freedom Day, 1986",Ronald Reagan,1986-06-12,a nation we are the standard-bearers of freedom and a beacon of hope to the oppressed ours is the mission of the prophet isaiah to bind up the brokenhearted proclaim liberty to the captives and the opening of the prison to them that are bound the congress of the united states by senate joint resolution 271 has designated june 14 1986 as baltic freedom day and authorized and requested the,Isaiah 61:1,"The Spirit of the Lord GOD is upon me; because the LORD hath anointed me to preach good tidings unto the meek; he hath sent me to bind up the brokenhearted, to proclaim liberty to the captives, and the opening of the prison to them that are bound;",0.5930063292645019,TRUE,,0.95
1472,8382872766432688967,"Proclamation 6257—For National Days of Thanksgiving, April 5-7, 1991",George Bush,1991-03-07,as the psalmist wrote o give thanks to the lord for he is gracious for his mercy endures for ever almighty god has answered the prayers of millions of people with the liberation of kuwait and the end of offensive,Psalms 107:1,"O give thanks unto the LORD, for he is good: for his mercy endureth for ever.",0.9704576650961644,TRUE,,0.95
1490,8382872766432688967,"Proclamation 6257—For National Days of Thanksgiving, April 5-7, 1991",George Bush,1991-03-07,in a spirit of faith humility and gratitude seeking reconciliation with all peoples in so doing we recall the timeless prayer found in scripture thine o lord is the greatness and the power and the glory for all that is in the heaven and in the earth is thine and thou reignest over all in thine hand is power and might and in thine hand it is to make great and to give strength unto,1 Chronicles 29:11,"Thine, O LORD, is the greatness, and the power, and the glory, and the victory, and the majesty: for all that is in the heaven and in the earth is thine; thine is the kingdom, O LORD, and thou art exalted as head above all.",0.9939161838980948,TRUE,,1.0
1496,8382872766432688967,"Proclamation 6257—For National Days of Thanksgiving, April 5-7, 1991",George Bush,1991-03-07,o lord is the greatness and the power and the glory for all that is in the heaven and in the earth is thine and thou reignest over all in thine hand is power and might and in thine hand it is to make great and to give strength unto all now therefore our god we thank thee and praise thy glorious name as the psalmist wrote come behold the works of the lord he,1 Chronicles 29:12,"Both riches and honour come of thee, and thou reignest over all; and in thine hand is power and might; and in thine hand it is to make great, and to give strength unto all.",0.8872494193240122,TRUE,,0.9
1498,8382872766432688967,"Proclamation 6257—For National Days of Thanksgiving, April 5-7, 1991",George Bush,1991-03-07,thou reignest over all in thine hand is power and might and in thine hand it is to make great and to give strength unto all now therefore our god we thank thee and praise thy glorious name as the psalmist wrote come behold the works of the lord he makes wars to cease to the end of the earth,1 Chronicles 29:13,"Now therefore, our God, we thank thee, and praise thy glorious name.",0.9833686834979312,TRUE,,1.0
1501,8382872766432688967,"Proclamation 6257—For National Days of Thanksgiving, April 5-7, 1991",George Bush,1991-03-07,it is to make great and to give strength unto all now therefore our god we thank thee and praise thy glorious name as the psalmist wrote come behold the works of the lord he makes wars to cease to the end of the earth now therefore i george bush president of the united sates of america do hereby proclaim,Psalms 46:8,"Come, behold the works of the LORD, what desolations he hath made in the earth.",0.5586030181652473,TRUE,,0.9
1505,8431537895066008175,"Proclamation 3368—National Farm-City Week, 1960",Dwight D. Eisenhower,1960-08-26,observance along with farm groups as evidence of america's appreciation of all those on the farms and in the cities who provide us with our daily bread and other necessities of life in witness whereof i have hereunto set my hand and caused the seal of the united states of,Luke 11:3,Give us day by day our daily bread.,0.6112943560301164,TRUE,,0.9
1507,8448883115490227065,Proclamation 9634—National Day of Prayer for the Victims of Hurricane Harvey and for Our National Response and Recovery Efforts,Donald J. Trump (1st Term),2017-09-01,response and recovery efforts continue and as americans provide much needed relief to the people of texas and louisiana we are reminded of scripture's promise that god is our refuge and strength a very present help in trouble melania and i are grateful to everyone devoting time effort and resources to the ongoing response recovery and rebuilding efforts we invite all americans to join us,Psalms 46:1,"God is our refuge and strength, a very present help in trouble.",0.9800294755911751,TRUE,,1.0
1518,8705272616397097207,"Proclamation 2864—Thanksgiving Day, 1949",Harry S Truman,1949-11-10,of man can provide there should be in the hearts of all good men and true a realization that as the psalmist said there is no king saved by the multitude of an host a mighty man is not delivered by much strength humbly grateful for these benefactions may we add to our prayers of thanksgiving a plea for divine guidance of the leaders of our nation and the leaders,Psalms 33:16,There is no king saved by the multitude of an host: a mighty man is not delivered by much strength.,0.9941174502019244,TRUE,,1.0
1536,8868034810707908435,"Proclamation 6073—Thanksgiving Day, 1989",George Bush,1989-11-17,every public and private good for the many blessings he has bestowed upon us in so doing we recall the timeless words of the 100th psalm serve the lord with gladness come before his presence with singing know ye that the lord he is god it is he that hath made us and not we ourselves we are his people,Psalms 100:2,Serve the LORD with gladness: come before his presence with singing.,0.9883148879360172,TRUE,,1.0
1541,8868034810707908435,"Proclamation 6073—Thanksgiving Day, 1989",George Bush,1989-11-17,has bestowed upon us in so doing we recall the timeless words of the 100th psalm serve the lord with gladness come before his presence with singing know ye that the lord he is god it is he that hath made us and not we ourselves we are his people and the sheep of his pasture enter into his gates with thanksgiving and into his courts with praise be thankful unto him and bless his name for the lord is,Psalms 100:3,"Know ye that the LORD he is God: it is he that hath made us, and not we ourselves; we are his people, and the sheep of his pasture.",0.9949691639040608,TRUE,,0.99
1543,8868034810707908435,"Proclamation 6073—Thanksgiving Day, 1989",George Bush,1989-11-17,the lord he is god it is he that hath made us and not we ourselves we are his people and the sheep of his pasture enter into his gates with thanksgiving and into his courts with praise be thankful unto him and bless his name for the lord is good his mercy is everlasting and his truth endureth to all generations now therefore i george bush president of the,Psalms 100:4,"Enter into his gates with thanksgiving, and into his courts with praise: be thankful unto him, and bless his name.",0.8239202516189988,TRUE,,1.0
1544,8868034810707908435,"Proclamation 6073—Thanksgiving Day, 1989",George Bush,1989-11-17,and the sheep of his pasture enter into his gates with thanksgiving and into his courts with praise be thankful unto him and bless his name for the lord is good his mercy is everlasting and his truth endureth to all generations now therefore i george bush president of the united states of america do hereby proclaim thursday november 23 1989 as a national day,Psalms 100:5,For the LORD is good; his mercy is everlasting; and his truth endureth to all generations.,0.9433335290915744,TRUE,,1.0
1558,8961902723953690065,"Proclamation 7973—Martin Luther King, Jr., Federal Holiday, 2006",George W. Bush,2006-01-13,progress toward equality for every citizen yet more work remains in the words of dr king we will not be satisfied until justice rolls down like waters and righteousness like a mighty stream now therefore i george w bush president of the united states of america by virtue of the authority vested in me by the constitution and laws of,Amos 5:24,"But let judgment run down as waters, and righteousness as a mighty stream.",0.3067157312547215,TRUE,,0.95
1566,9130545423242766632,Proclamation 5429—National Day of Prayer,Ronald Reagan,1986-01-13,and joyful praise and most especially our love-all turned toward god the talmud aptly calls prayer the service of the heart and christ enjoins us to pray without ceasing accordingly like the presidents who have come before me i invite my fellow citizens to join me in earnest prayer that the god who has led,1 Thessalonians 5:17,Pray without ceasing.,0.9774254383955048,TRUE,,0.95
1568,9130545423242766632,Proclamation 5429—National Day of Prayer,Ronald Reagan,1986-01-13,wisdom and justice in prayer let us recall with confidence the promise of old that if we humble ourselves before god and pray and seek his face he will surely hear and forgive and heal and bless our land by joint resolution of the congress approved april 17 1952 the,2 Chronicles 7:14,"If my people, which are called by my name, shall humble themselves, and pray, and seek my face, and turn from their wicked ways; then will I hear from heaven, and will forgive their sin, and will heal their land.",0.8827865294566548,TRUE,,0.85
1575,98094129498413866,"Proclamation 4690—National Day of Prayer, 1979",Jimmy Carter,1979-09-19,the full knowledge that we are finally in the hands of god in the words of the prophet zechariah not by might not by power but by my spirit saith the lord of hosts 4:6 recognizing this the congress by joint resolution approved april 17 1952 36 u.s.c 185 66 stat 64 has called upon,Zechariah 4:6,"Then he answered and spake unto me, saying, This is the word of the LORD unto Zerubbabel, saying, Not by might, nor by power, but by my spirit, saith the LORD of hosts.",0.8472003947757141,TRUE,,0.95
25,-5415448926812710891,Eulogy at a Memorial Service for Former President Jimmy Carter,"Joseph R. Biden, Jr.",2025-01-09,and shape the world the man had character jimmy held a deep christian faith in god and that his candidacy spoke and wrote about faith as a substance of things hoped for and evidence of the things not seen faith founded on commandments of scripture love the lord thy god with all thy heart and,Hebrews 11:1,"Now faith is the substance of things hoped for, the evidence of things not seen.",0.9538871530862607,TRUE,,1.0
28,-5415448926812710891,Eulogy at a Memorial Service for Former President Jimmy Carter,"Joseph R. Biden, Jr.",2025-01-09,spoke and wrote about faith as a substance of things hoped for and evidence of the things not seen faith founded on commandments of scripture love the lord thy god with all thy heart and all thy mind and all thy soul and love thy neighbor as thyself easy to say but very very difficult to do in his life-in this life any walk of faith can be difficult it,Luke 10:27,"And he answering said, Thou shalt love the Lord thy God with all thy heart, and with all thy soul, and with all thy strength, and with all thy mind; and thy neighbour as thyself.",0.9729376760946582,TRUE,,0.9
68,-8231918265332524073,Eulogy at a Funeral Service for Civil Rights Activist Dorothy I. Height,Barack Obama,2010-04-29,the gospel of matthew for whoever exalts himself will be humbled and whoever humbles himself will be exalted i don't think the author of the gospel would mind me rephrasing whoever humbles herself will be exalted one of my favorite moments with dr height--this is just a few months ago--we had decided to put up the emancipation proclamation in the,Matthew 23:12,"And whosoever shall exalt himself shall be abased; and he that shall humble himself shall be exalted.",0.9068918296979266,TRUE,,0.9
123,443448201291322256,"Remarks at a Memorial Service for Governor Mel Carnahan in Jefferson City, Missouri",William J. Clinton,2000-10-20,i'm grateful for that and i think we should remember him with this admonition of saint paul to the galatians while we have time let us do good i spoke the other day to a congregation of bishops of the church of god in christ and i made the mistake of saying i was glad,Galatians 6:10,"As we have therefore opportunity, let us do good unto all men, especially unto them who are of the household of faith.",0.32984962733020085,TRUE,,0.9
161,7065197113690135293,"Remarks at a Memorial Service for Jack McAuliffe in Syracuse, New York",William J. Clinton,2001-01-04,"search around in their minds for some part of the scripture that captures that person we talked about it a lot already today proverbs says a happy heart doeth good like medicine but a broken spirit drieth the bone""-that god loves a cheerful giver that's what jack mcauliffe was he knew it was more blessed to give than to receive but nothing is more distasteful",2 Corinthians 9:7,"Every man according as he purposeth in his heart, so let him give; not grudgingly, or of necessity: for God loveth a cheerful giver.",0.99212880051838,TRUE,,0.99
24,-1776086219875675,Radio Address to the Nation on the Observance of Independence Day,Ronald Reagan,1982-07-03,was born our country has been an inspiration for free men and women around the world ever since the scriptures tell us that where the spirit of the lord is there is liberty and for more than two centuries now our blessed land has grown and prospered guided by a deep faith in the almighty and an unquenchable thirst for,2 Corinthians 3:17,"Now the Lord is that Spirit: and where the Spirit of the Lord is, there is liberty.",0.855577481224826,TRUE,,0.9
47,-2886473941426258505,The President's Radio Address,George W. Bush,2002-12-21,empire yet that single event set the direction of history and still changes millions of lives for over two millennia christmas has carried the message that god is with us and because he is with us we can always live in hope the world we live in is very different from the world of ancient bethlehem our need for that,Psalms 46:7,The LORD of hosts is with us; the God of Jacob is our refuge. Selah.,0.12110226169664089,TRUE,,0.9
183,1402570082140457795,The President's Weekly Address,Barack Obama,2014-12-25,baby in a manger but the message that has changed the world to reach out to the sick the hungry the troubled and above all else to love one another as we would be loved ourselves the first lady and we hope that this holiday season will be a chance for us to live out,John 15:12,"This is my commandment, That ye love one another, as I have loved you.",0.2508267730485628,TRUE,,0.9
272,4680884412543117270,Radio Address to the Nation on the Observance of Mother's Day,Ronald Reagan,1983-05-07,instruct her two young sons and i look to it still a passage in proverbs describes the ideal woman saying strength and dignity are her clothing and she smiles at the future she opens her mouth in wisdom and the teaching of kindness is on her tongue give her the product of her hands and,Proverbs 31:26,"She opens her mouth with wisdom,and the teaching of kindness is on her tongue.",0.9687717631132896,TRUE,,1.0
306,6158785860630725652,The President's Weekly Address,Barack Obama,2011-12-24,family and millions of americans that's what christmas is all about it reminds us that part of what it means to love god is to love one another to be our brother's keeper and our sister's keeper but that belief is not just at the center of our christian faith it's shared by americans of,Genesis 4:9,"And the Lord said unto Cain, Where is Abel thy brother? And he said, I know not: Am I my brother's keeper?",0.16539080393992933,TRUE,,0.9
346,8238223948287698446,The President's Radio Address,George W. Bush,2005-12-24,"such times the story of christmas brings special comfort and confidence christmas reminds us that we can trust in god's promise of peace on earth and good will toward men on a night more than 2,000 years ago an angel of the lord brought good tidings of great joy the god of heaven had come",Luke 2:14,"Glory to God in the highest, and on earth peace, good will toward men.",0.38978789053948115,TRUE,,0.9
33,-3566880365189722423,Annual Message to the Congress on the State of the Union.,Lyndon B. Johnson,1967-01-10,have lived with danger for a long time before and we shall live with it for a long time yet to come we know that man is born unto trouble we also know that this nation was not forged and did not survive and grow and prosper without a great deal of sacrifice from a,Job 5:7,"Yet man is born unto trouble, as the sparks fly upward.",0.713305877788873,TRUE,,0.9
