row_index,doc_id,title,president,date,snippet_norm,verse_range,verse_text,match_proba,judgement,reason,confidence
1,-1041033696879656844,"Proclamation 5846—National Civil Rights Day, 1988",Ronald Reagan,1988-08-19,given their lives to secure civil rights for all americans in witness whereof i have hereunto set my hand this twelfth day of august in the year of our lord nineteen hundred and eighty-eight and,Acts 15:26,Men that have hazarded their lives for the name of our Lord Jesus Christ.,0.5330272888431162,MAYBE,,0.6
2,-1048553770591981702,"Proclamation 9596—Jewish American Heritage Month, 2017",Donald J. Trump (1st Term),2017-04-28,"who first immigrated in 1654 seeking refuge and religious liberty brought with them their families their religion and their cherished customs which they have passed on from generation to generation the moral and ethical code of the jewish people is inspired by their spiritual vocation of tikkun olam""-the charge to repair the world through that",Joel 3:20,"But Judah shall dwell for ever, and Jerusalem from generation to generation.",0.1484961352090933,MAYBE,,0.7
3,-1048553770591981702,"Proclamation 9596—Jewish American Heritage Month, 2017",Donald J. Trump (1st Term),2017-04-28,"who first immigrated in 1654 seeking refuge and religious liberty brought with them their families their religion and their cherished customs which they have passed on from generation to generation the moral and ethical code of the jewish people is inspired by their spiritual vocation of tikkun olam""-the charge to repair the world through that",Luke 1:50,And his mercy is on them that fear him from generation to generation.,0.6787357028442099,MAYBE,,0.4
6,-1081633232120241660,"Proclamation 2629—Thanksgiving Day, 1944",Franklin D. Roosevelt,1944-11-01,resolution of the congress approved december 26 1941 do hereby proclaim thursday the twenty-third day of november 1944 a day of national thanksgiving and i call upon the people of,Psalms 116:17,"I will offer to thee the sacrifice of thanksgiving, and will call upon the name of the LORD.",0.1160213852939768,MAYBE,,0.4
12,-1161678172023162552,"Proclamation 9770—National Korean War Veterans Armistice Day, 2018",Donald J. Trump (1st Term),2018-07-26,as national korean war veterans armistice day i call upon all americans to observe this day with appropriate ceremonies and activities that honor and give thanks to our distinguished korean war veterans in witness whereof i have hereunto set my hand this twenty-sixth day of july in the year of our lord two thousand eighteen,Colossians 1:3,"We give thanks to God and the Father of our Lord Jesus Christ, praying always for you,",0.2107108241157093,MAYBE,,0.4
17,-1223833900654392854,"Proclamation 4136—Prayer for Peace, Memorial Day, 1972",Richard Nixon,1972-05-19,means but also on him who maketh wars to cease unto the end of the earth who in scripture has commanded us be still and know that i am god in recognition of this deep national reliance upon divine guidance and care the congress by a joint resolution approved may 11 1950 has requested the,Ezekiel 30:19,Thus will I execute judgments in Egypt: and they shall know that I am the LORD.,0.8425984955917498,MAYBE,,0.6
18,-1223833900654392854,"Proclamation 4136—Prayer for Peace, Memorial Day, 1972",Richard Nixon,1972-05-19,means but also on him who maketh wars to cease unto the end of the earth who in scripture has commanded us be still and know that i am god in recognition of this deep national reliance upon divine guidance and care the congress by a joint resolution approved may 11 1950 has requested the,Ezekiel 39:22,So the house of Israel shall know that I am the LORD their God from that day and forward.,0.3397704000299725,MAYBE,,0.4
22,-1323907455629041784,"Proclamation 5767—National Day of Prayer, 1988",Ronald Reagan,1988-02-03,the first step-humble heartfelt prayer let us do so for the love of god and his great goodness in search of his guidance and the grace of repentance in seeking his blessings his peace and the resting of his kind and holy hands on ourselves our nation our friends in,1 Corinthians 16:23,The grace of our Lord Jesus Christ be with you.,0.4982541572249861,MAYBE,,0.6
23,-1323907455629041784,"Proclamation 5767—National Day of Prayer, 1988",Ronald Reagan,1988-02-03,the first step-humble heartfelt prayer let us do so for the love of god and his great goodness in search of his guidance and the grace of repentance in seeking his blessings his peace and the resting of his kind and holy hands on ourselves our nation our friends in the defense of freedom and,2 Corinthians 8:1,"Moreover, brethren, we do you to wit of the grace of God bestowed on the churches of Macedonia;",0.7084115119913619,MAYBE,,0.7
24,-1323907455629041784,"Proclamation 5767—National Day of Prayer, 1988",Ronald Reagan,1988-02-03,the first step-humble heartfelt prayer let us do so for the love of god and his great goodness in search of his guidance and the grace of repentance in seeking his blessings his peace and the resting of his kind and holy hands on ourselves our nation our friends in the defense of freedom and,John 1:16,"And of his fulness have all we received, and grace for grace.",0.5117711671200792,MAYBE,,0.4
31,-1367660601478191032,"Proclamation 7672—National Day of Prayer, 2003",George W. Bush,2003-04-30,men and women who have fallen in service to america and to the cause of freedom we pray that their loved ones will receive god's comfort and grace in this hour of history's calling americans are bowing humbly in churches synagogues temples mosques and in their own homes in the presence of the almighty this,John 1:16,"And of his fulness have all we received, and grace for grace.",0.5949147527501786,MAYBE,,0.6
35,-1400005304850325517,"Proclamation 3646—National Maritime Day, 1965",Lyndon B. Johnson,1965-03-24,goods between nations in peaceful commerce or if need be to carry the men and equipment needed to protect our interests and our friends overseas we must be ever mindful of the state of our merchant fleet a balanced economical and efficient merchant fleet manned by well-trained and skilled seamen is a vital national resource,Acts 27:26,Howbeit we must be cast upon a certain island.,0.1054842278370089,MAYBE,,0.6
36,-1405194627213243682,"Proclamation 8681—Armed Forces Day, 2011",Barack Obama,2011-05-20,they display the honor duty and discipline of the finest fighting force the world has ever known these brave men and women are willing to sacrifice their lives for the security of our nation and the freedoms of their fellow citizens we are humbled by their continued resolve to respond to the call of duty,Acts 15:26,Men that have hazarded their lives for the name of our Lord Jesus Christ.,0.5201934069380412,MAYBE,,0.4
41,-1415357310629631774,"Proclamation 2264—Closed Area Under the Migratory Bird Treaty Act, Florida",Franklin D. Roosevelt,1937-12-13,hartsfield river survey lot 7 thence in hartsfield river survey northeasterly between lots 6 and 7 to the corner of said lots 6 and 7 on the right bank of the wakulla river northeasterly in the wakulla river to the center of its channel thence downstream with the center of the wakulla river channel southeasterly,2 Samuel 24:5,"And they passed over Jordan, and pitched in Aroer, on the right side of the city that lieth in the midst of the river of Gad, and toward Jazer:",0.1083907762698744,MAYBE,,0.6
42,-1417333437969695319,"Proclamation 9441—National Day of Prayer, 2016",Barack Obama,2016-05-04,day of prayer we rededicate ourselves to extending this freedom to all people every day women and men use the wisdom gained from humble prayer to spread kindness and to make our world a better place faith communities at home and abroad have helped feed the hungry heal the sick and protect innocents from violence,2 Peter 1:7,And to godliness brotherly kindness; and to brotherly kindness charity.,0.7364033036714784,MAYBE,,0.4
44,-1417333437969695319,"Proclamation 9441—National Day of Prayer, 2016",Barack Obama,2016-05-04,the seeds of progress in our ever-changing world let us resolve to guide our children and grandchildren to embrace freedom for all to see god in everyone and to remember that no matter what differences they may have they just like we will always be united by their common humanity the congress by public law,Luke 1:72,"To perform the mercy promised to our fathers, and to remember his holy covenant;",0.3628253057003192,MAYBE,,0.5
45,-1417333437969695319,"Proclamation 9441—National Day of Prayer, 2016",Barack Obama,2016-05-04,the laws of the united states do hereby proclaim may 5 2016 as national day of prayer i invite the citizens of our nation to give thanks in accordance with their own faiths and consciences for our many freedoms and blessings and i join all people of faith in asking,Ephesians 1:16,"Cease not to give thanks for you, making mention of you in my prayers;",0.7132999543910206,MAYBE,,0.4
49,-1484328504423867855,"Proclamation 3252—National Day of Prayer, 1958",Dwight D. Eisenhower,1958-08-01,in our country each according to his own faith to join in prayer for our nation and for all mankind and especially first that we may be humbly mindful that this nation under god arrived at its present position by the toil and sacrifice of many citizens who subordinated personal interests to the common welfare and passed on to us a heritage with which we are singularly blessed second that we may have divine guidance in our efforts to lead our children in the paths of truth and to provide a healthy environment in which they may grow in body mind and spirit third that we may ever exercise a compassionate concern for human suffering whether at home or in distant lands and that we may strive to alleviate hunger eradicate disease and advance the well-being of our neighbors fourth that we may be saved from blinding pride and from any act hurtful to the concord of free nations joined in building a just and durable peace under the guiding hand of almighty god and finally that we may have courage to move forward in the unconquerable spirit of a free people strong in faith having a will to endure the burdens which have been,2 Thessalonians 3:2,And that we may be delivered from unreasonable and wicked men: for all men have not faith.,0.7454443882747519,MAYBE,,0.6
51,-1484328504423867855,"Proclamation 3252—National Day of Prayer, 1958",Dwight D. Eisenhower,1958-08-01,join in prayer for our nation and for all mankind and especially first that we may be humbly mindful that this nation under god arrived at its present position by the toil and sacrifice of many citizens who subordinated personal interests to the common welfare and passed on to us a heritage with which we are singularly blessed second that we may have divine guidance in our efforts to lead our children in the paths of truth and to provide a healthy environment in which they may grow in body mind and spirit third that we may ever exercise a compassionate concern for human suffering whether at home or in distant lands and that we may strive to alleviate hunger eradicate disease and advance the well-being of our neighbors fourth that we may be saved from blinding pride and from any act hurtful to the concord of free nations joined in building a just and durable peace under the guiding hand of almighty god and finally that we may have courage to move forward in the unconquerable spirit of a free people strong in faith having a will to endure the burdens which have been,Jeremiah 42:3,"That the LORD thy God may shew us the way wherein we may walk, and the thing that we may do.",0.5624049397598524,MAYBE,,0.4
53,-1484328504423867855,"Proclamation 3252—National Day of Prayer, 1958",Dwight D. Eisenhower,1958-08-01,join in prayer for our nation and for all mankind and especially first that we may be humbly mindful that this nation under god arrived at its present position by the toil and sacrifice of many citizens who subordinated personal interests to the common welfare and passed on to us a heritage with which we are singularly blessed second that we may have divine guidance in our efforts to lead our children in the paths of truth and to provide a healthy environment in which they may grow in body mind and spirit third that we may ever exercise a compassionate concern for human suffering whether at home or in distant lands and that we may strive to alleviate hunger eradicate disease and advance the well-being of our neighbors fourth that we may be saved from blinding pride and from any act hurtful to the concord of free nations joined in building a just and durable peace under the guiding hand of almighty god and finally that we may have courage to move forward in the unconquerable spirit of a free people strong in faith having a will to endure the burdens which have been,Psalms 90:12,"So teach us to number our days, that we may apply our hearts unto wisdom.",0.3864783315974388,MAYBE,,0.6
54,-1484328504423867855,"Proclamation 3252—National Day of Prayer, 1958",Dwight D. Eisenhower,1958-08-01,join in prayer for our nation and for all mankind and especially first that we may be humbly mindful that this nation under god arrived at its present position by the toil and sacrifice of many citizens who subordinated personal interests to the common welfare and passed on to us a heritage with which we are singularly blessed second that we may have divine guidance in our efforts to lead our children in the paths of truth and to provide a healthy environment in which they may grow in body mind and spirit third that we may ever exercise a compassionate concern for human suffering whether at home or in distant lands and that we may strive to alleviate hunger eradicate disease and advance the well-being of our neighbors fourth that we may be saved from blinding pride and from any act hurtful to the concord of free nations joined in building a just and durable peace under the guiding hand of almighty god and finally that we may have courage to move forward in the unconquerable spirit of a free people strong in faith having a will to endure the burdens which have been,Psalms 90:14,O satisfy us early with thy mercy; that we may rejoice and be glad all our days.,0.1259830875567427,MAYBE,,0.4
55,-1484328504423867855,"Proclamation 3252—National Day of Prayer, 1958",Dwight D. Eisenhower,1958-08-01,whether at home or in distant lands and that we may strive to alleviate hunger eradicate disease and advance the well-being of our neighbors fourth that we may be saved from blinding pride and from any act hurtful to the concord of free nations joined in building a just and durable peace under the guiding,2 Corinthians 5:9,"Wherefore we labour, that, whether present or absent, we may be accepted of him.",0.5145558510492304,MAYBE,,0.6
57,-1484328504423867855,"Proclamation 3252—National Day of Prayer, 1958",Dwight D. Eisenhower,1958-08-01,in building a just and durable peace under the guiding hand of almighty god and finally that we may have courage to move forward in the unconquerable spirit of a free people strong in faith having a will to endure the burdens which have been given us to carry in our day and to work,Ephesians 4:3,Endeavouring to keep the unity of the Spirit in the bond of peace.,0.3320870039660312,MAYBE,,0.4
61,-1556076427133020991,"Proclamation 7252—National Farm-City Week, 1999",William J. Clinton,1999-11-18,men and women across our country who dedicate their lives to producing the world's safest most abundant supply of food and fiber and let us be thankful for the strength and productivity of the working relationship between america's rural and urban communities now therefore i william j clinton president of,1 Timothy 6:8,And having food and raiment let us be therewith content.,0.3177225273636031,MAYBE,,0.6
62,-1559071708101271636,Proclamation 2067—Coinage of Silver,Franklin D. Roosevelt,1933-12-21,"1 1934 and spain agreed not to dispose of over 5,000,000 ounces of silver annually during said period and both of said governments agreed that at the end of said period of four years they would then subject themselves to the general resolution adopted at the london conference and in consideration of such limitation it",Deuteronomy 15:1,At the end of every seven years thou shalt make a release.,0.1161096250562292,MAYBE,,0.5
64,-1608629593617141419,"Proclamation 5597—Martin Luther King, Jr., Day, 1987",Ronald Reagan,1987-01-09,king jr also expressed his vision in the eternal calls for justice forgiveness brotherhood and love of neighbor recorded in holy writ he frequently prayed in the words of the prophet amos let justice roll down like waters and righteousness like a mighty stream dr king also appealed clearly and compellingly through moving accounts such,Ecclesiastes 1:1,"The words of the Preacher, the son of David, king in Jerusalem.",0.543250679741694,MAYBE,,0.6
67,-1631504138917674166,"Proclamation 10395—Emergency Medical Services Week, 2022","Joseph R. Biden, Jr.",2022-05-13,their lives in the line of duty in witness whereof i have hereunto set my hand this thirteenth day of may in the year of our lord two thousand twenty-two,Acts 15:26,Men that have hazarded their lives for the name of our Lord Jesus Christ.,0.1329994190831285,MAYBE,,0.6
69,-163754585653000498,"Proclamation 8756—National Family Week, 2011",Barack Obama,2011-11-18,a difference in the lives of our veterans and military families as we gather with our loved ones this holiday season let us pause to give thanks to all those who share in the trials and triumphs of our lives our families illuminate our days and bring meaning to our years and their love has,Colossians 1:3,"We give thanks to God and the Father of our Lord Jesus Christ, praying always for you,",0.5489651991470602,MAYBE,,0.4
73,-1730928693114198526,"Proclamation 6991—National Day of Prayer, 1997",William J. Clinton,1997-04-18,encouragement in those moments when darkness seemed to encroach from every side our people have always believed in the power of prayer and have called upon the name of the lord through times of peace and war hope and despair prosperity and decline in his first inaugural address during the rush of optimism that followed,Psalms 116:4,"Then called I upon the name of the LORD; O LORD, I beseech thee, deliver my soul.",0.6489614857534788,MAYBE,,0.6
77,-1730928693114198526,"Proclamation 6991—National Day of Prayer, 1997",William J. Clinton,1997-04-18,stained glass window depicts general washington humbly kneeling and repeating the words of the 16th psalm preserve me o god for in thee do i put my trust as we face the last years of the 20th century let us uphold the tradition of observing a day in which every american in his or her,Psalms 25:20,"O keep my soul, and deliver me: let me not be ashamed; for I put my trust in thee.",0.3065810765355323,MAYBE,,0.6
81,-1730928693114198526,"Proclamation 6991—National Day of Prayer, 1997",William J. Clinton,1997-04-18,advancement as a people on this national day of prayer may all americans come together to reaffirm our reliance upon our creator and in the words of franklin roosevelt to pray to him now for the vision to see our way clearly in witness whereof i have hereunto set my,Psalms 54:2,"Hear my prayer, O God; give ear to the words of my mouth.",0.5116546333159648,MAYBE,,0.4
83,-1763773085160412253,"Proclamation 6375—Dutch-American Heritage Day, 1991",George Bush,1991-11-14,and american servicemen fought side by side to defend the universal cause of freedom and democracy as nato allies we have continued to stand together to keep the transatlantic partnership strong and to maintain the peace and security of europe in the persian gulf we joined as coalition partners to repel aggression and to uphold,Ephesians 4:3,Endeavouring to keep the unity of the Spirit in the bond of peace.,0.1927509631834083,MAYBE,,0.6
84,-1777785171603127802,"Proclamation 4379—National Day of Prayer, 1975",Gerald R. Ford,1975-06-12,pilgrimage striving toward a nobler existence for all humanity let us ask for the strength to meet the challenges that face our nation let us give thanks to god for the many blessings granted to america throughout these two centuries and let us express the hope that our lives may continue to be enriched by,Colossians 1:3,"We give thanks to God and the Father of our Lord Jesus Christ, praying always for you,",0.3775452099227325,MAYBE,,0.4
89,-1808626928340295217,"Proclamation 3940—National Day of Prayer, 1969",Richard Nixon,1969-10-08,to us today across the years that separate the time of adams from our own prayer knows no boundary of time we in america today in the spirit of adams seek the blessing of god on our nation and its leaders at a time in our nation's history when the power of prayer is needed,Galatians 5:25,"If we live in the Spirit, let us also walk in the Spirit.",0.4023795234147452,MAYBE,,0.6
90,-1808626928340295217,"Proclamation 3940—National Day of Prayer, 1969",Richard Nixon,1969-10-08,seek the blessing of god on our nation and its leaders at a time in our nation's history when the power of prayer is needed more than ever it is fitting that we publicly demonstrate our faith in the power of prayer sensible of our people's faith the congress by joint resolution of april 17 1952 provided that the president shall set aside and proclaim a suitable day each year other than a sunday as,1 Corinthians 2:5,"That your faith should not stand in the wisdom of men, but in the power of God.",0.9362270088429108,MAYBE,,0.4
94,-1904166312349681971,"Proclamation 9328—Gold Star Mother's and Family's Day, 2015",Barack Obama,2015-09-24,who loved them today we honor the gold star mothers and families who carry forward the memories of those willing to lay down their lives for the united states and the liberties for which we stand the proud patriots of our armed forces never serve alone standing with each service,Acts 15:26,Men that have hazarded their lives for the name of our Lord Jesus Christ.,0.8633107509841155,MAYBE,,0.6
98,-1927155052055695429,Proclamation 2651—Victory in Europe: Day of Prayer,Harry S Truman,1945-05-08,we have won and for its promise to peoples everywhere who join us in the love of freedom it is fitting that we as a nation give thanks to almighty god who has strengthened us and given us the victory now therefore i harry s truman president of the united states of america do hereby appoint sunday may 13 1945 to be a day of prayer i call upon the people of the united states whatever their faith to unite in offering joyful thanks to god for the victory we have won and to pray that he will support us to the end of our present struggle and guide us,Colossians 1:3,"We give thanks to God and the Father of our Lord Jesus Christ, praying always for you,",0.3103835957789522,MAYBE,,0.7
102,-195021542407315539,Proclamation 2602—Day of Prayer,Franklin D. Roosevelt,1943-12-03,nation's sons but has also crowned their efforts with brilliant success on every battle front it is fitting that we set aside a day of prayer to give thanks to almighty god for his constant providence over us in every hour of national peace and national peril at the beginning,1 Thessalonians 1:2,"We give thanks to God always for you all, making mention of you in our prayers;",0.5430434045803701,MAYBE,,0.6
103,-195021542407315539,Proclamation 2602—Day of Prayer,Franklin D. Roosevelt,1943-12-03,nation's sons but has also crowned their efforts with brilliant success on every battle front it is fitting that we set aside a day of prayer to give thanks to almighty god for his constant providence over us in every hour of national peace and national peril at the beginning,Colossians 1:3,"We give thanks to God and the Father of our Lord Jesus Christ, praying always for you,",0.5204592189542063,MAYBE,,0.7
105,-195021542407315539,Proclamation 2602—Day of Prayer,Franklin D. Roosevelt,1943-12-03,day of january 1944 as a day of prayer for all of us in our churches in our homes and in our hearts those of us who walk in the familiar paths of home those who fight on the wide battlefields of the world those,Proverbs 2:20,"That thou mayest walk in the way of good men, and keep the paths of the righteous.",0.145183988850022,MAYBE,,0.4
108,-1958707941306501862,"Proclamation 6444—Flag Day and National Flag Week, 1992",George Bush,1992-06-10,rather it is as its author francis bellamy had hoped it would be an ageless creed that embodies the fundamental idea of patriotic citizenship comprehending in broadest lines the spirit of our history and the deepest aim of our national life when we recite the pledge and promise our allegiance to this one nation under god indivisible with liberty and justice for all we reaffirm both the unity of our people and what president eisenhower aptly described as the transcendence of religious faith in america's heritage and future as the pledge of allegiance states so,Ephesians 4:3,Endeavouring to keep the unity of the Spirit in the bond of peace.,0.923946560101143,MAYBE,,0.4
112,-2012814521441322526,"Proclamation 8035—Parents' Day, 2006",George W. Bush,2006-07-12,day we express our deep gratitude to parents for their dedication to a bright and hopeful future for their children we also pray for parents in the military who stand up for america and we resolve that their sacrifice will always be honored by a grateful nation now therefore i,Ephesians 6:1,"Children, obey your parents in the Lord: for this is right.",0.8699052100510636,MAYBE,,0.6
116,-2015222060694642808,"Proclamation 10027—National Day of Prayer, 2020",Donald J. Trump (1st Term),2020-05-06,in fellowship with our church families we are still connected through prayer and the calming reassurance that god will lead us through life's many valleys in the midst of these trying and unprecedented times we are reminded that just as those before us turned to god in their darkest hours so must we seek his,Proverbs 8:20,"I lead in the way of righteousness, in the midst of the paths of judgment:",0.6108765685313021,MAYBE,,0.6
117,-2015222060694642808,"Proclamation 10027—National Day of Prayer, 2020",Donald J. Trump (1st Term),2020-05-06,in fellowship with our church families we are still connected through prayer and the calming reassurance that god will lead us through life's many valleys in the midst of these trying and unprecedented times we are reminded that just as those before us turned to god in their darkest hours so must we seek his,Psalms 48:9,"We have thought of thy lovingkindness, O God, in the midst of thy temple.",0.1971851898426737,MAYBE,,0.4
123,-2119258810144578637,"Proclamation 8858—National Grandparents Day, 2012",Barack Obama,2012-09-07,our families and with compassion and wisdom they have enriched our lives with the stories of those who came before us on national grandparents day we give thanks to those who helped raise us and pay tribute to a generation that still inspires us toward brighter horizons our grandparents set the course of an american,Colossians 1:3,"We give thanks to God and the Father of our Lord Jesus Christ, praying always for you,",0.6645921530750837,MAYBE,,0.4
125,-2172485856317955658,"Proclamation 4333—Thanksgiving Day, 1974",Gerald R. Ford,1974-11-11,the midst of plenty we still face serious problems and massive challenges in giving thanks for the many things we hold dear let us also pray for the courage resourcefulness and sense of purpose we will need to continue america's saga of progress and to be worthy heirs of the,Galatians 5:25,"If we live in the Spirit, let us also walk in the Spirit.",0.1415785548952977,MAYBE,,0.3
126,-2192073955943490412,"Proclamation 8374—National Day of Prayer, 2009",Barack Obama,2009-05-07,we once again designate the first thursday in may as the national day of prayer let us remember those who came before us and let us each give thanks for the courage and compassion shown by so many in this country and around the world on this day of unity and prayer let us also,1 Thessalonians 5:18,In every thing give thanks: for this is the will of God in Christ Jesus concerning you.,0.4955522791707405,MAYBE,,0.4
129,-2192073955943490412,"Proclamation 8374—National Day of Prayer, 2009",Barack Obama,2009-05-07,guidance grace and protection for this land that we love in witness whereof i have hereunto set my hand this seventh day of may in the year of our lord two thousand nine and of the independence of the united states of america the two hundred and thirty-third barack obama note this proclamation was published,1 Corinthians 16:23,The grace of our Lord Jesus Christ be with you.,0.5566498133778849,MAYBE,,0.4
133,-2228439092826825855,"Proclamation 9264—National Physical Fitness and Sports Month, 2015",Barack Obama,2015-04-30,choices all americans can strengthen their bodies and minds and build a foundation that supports their greatest aspirations this month let us encourage one another to get involved in sports and fitness activities and together forge a healthier future for ourselves our loved ones and our nation to learn how,Hebrews 10:24,And let us consider one another to provoke unto love and to good works:,0.2112500754851985,MAYBE,,0.6
135,-2246042415228568047,"Proclamation 9372—Thanksgiving Day, 2015",Barack Obama,2015-11-20,shelters and food centers on battlefields and city streets and through generous donations and silent prayers the inherent selflessness and common goodness of the american people endures in the same spirit of togetherness and thanksgiving that inspired the pilgrims and the wampanoag we pay tribute to people of every background and belief who contribute in,Colossians 4:2,"Continue in prayer, and watch in the same with thanksgiving;",0.5574334328206951,MAYBE,,0.4
138,-2262904361091042675,"Proclamation 5772—Lithuanian Independence Day, 1988",Ronald Reagan,1988-02-11,lithuanian people as they commemorate that day among the lithuanian people the spirit of liberty remains unbroken-the spirit of a true leader of her people nijole sadunaite whose sacrifices for country and conscience continue so courageously to the present day and who wrote from the gulag our brief days on earth are not meant for rest but to participate in the struggle for the happiness of numerous hearts the spirit of the freedom marchers of vilnius lithuania's capital and of kaunas the spirit of every time and place where bold sons and daughters remember their,2 Corinthians 3:17,"Now the Lord is that Spirit: and where the Spirit of the Lord is, there is liberty.",0.6958007782932909,MAYBE,,0.4
139,-2274249040879877044,Proclamation 2648—Announcing the Death of Franklin Delano Roosevelt,Harry S Truman,1945-04-13,free and peaceful world to which his life was dedicated but not to enter on that world himself his fellow countrymen will sorely miss his fortitude and faith and courage in the time to come the peoples of the earth who love the ways of freedom and of hope will mourn for him but though his voice is silent his courage is not spent his faith is not extinguished the courage of great men outlives them to become the courage of their people and the peoples of the world it lives beyond them and upholds,1 Corinthians 2:5,"That your faith should not stand in the wisdom of men, but in the power of God.",0.705818583063405,MAYBE,,0.6
142,-2311483864454696472,"Proclamation 4056—Prayer for Peace, Memorial Day, 1971",Richard Nixon,1971-05-27,confirms this for it records few periods when men have not somewhere in the world waged war on their fellow men confirmed in this truth we know that our concern in america must be to move hand in hand with men of all nations to make the world safe for humanity in this manner we,1 John 5:19,"And we know that we are of God, and the whole world lieth in wickedness.",0.2760443384367822,MAYBE,,0.6
145,-2387617199415092348,"Proclamation 5281—National Family Week, 1984",Ronald Reagan,1984-11-15,and all americans to observe this week with appropriate ceremonies and activities as we celebrate this thanksgiving week i also invite all americans to give thanks for the many blessings that they have derived from their family relationships and to reflect upon the importance of maintaining strong families in witness,Ephesians 1:16,"Cease not to give thanks for you, making mention of you in my prayers;",0.7262139264687935,MAYBE,,0.6
148,-2435406637676045367,"Proclamation 10002—National Child Abuse Prevention Month, 2020",Donald J. Trump (1st Term),2020-03-31,month website familiarizing yourself with the information provided by the department of health and human services can help you learn more about what you and your community can do to support children and families during this month and throughout the year to eradicate this blight on our society compassionate and,Psalms 115:14,"The LORD shall increase you more and more, you and your children.",0.101853362702608,MAYBE,,0.6
150,-243545718405438167,Proclamation 3627—Thanksgiving Day,Lyndon B. Johnson,1964-11-13,thanksgiving on that day let us gather in our homes and in our places of worship and in other suitable places to give thanks to god for his graciousness and his generosity to us-to pledge to him our everlasting devotion-to beseech his divine guidance and the wisdom and strength to recognize and follow that guidance--and,2 Corinthians 9:15,Thanks be unto God for his unspeakable gift.,0.6110160757442579,MAYBE,,0.6
154,-2466714730380369934,"Proclamation 3326—Establishing the Tuskegee National Forest, Alabama, the Oconee National Forest, Georgia, and the Tombigbee National Forest, Mississippi",Dwight D. Eisenhower,1959-11-27,beginning at a point on the east and left bank of the apalachee river near the confluence of the oconee river thence up and with the left bank of the apalachee river to the north edge of sword's road thence in a southwesterly direction across the apalachee river and with five 5 lines of u.s,Joshua 13:16,"And their coast was from Aroer, that is on the bank of the river Arnon, and the city that is in the midst of the river, and all the plain by Medeba;",0.3175892860799535,MAYBE,,0.6
155,-2466714730380369934,"Proclamation 3326—Establishing the Tuskegee National Forest, Alabama, the Oconee National Forest, Georgia, and the Tombigbee National Forest, Mississippi",Dwight D. Eisenhower,1959-11-27,beginning at a point on the east and left bank of the apalachee river near the confluence of the oconee river thence up and with the left bank of the apalachee river to the north edge of sword's road thence in a southwesterly direction across the apalachee river and with five 5 lines of u.s,Joshua 13:9,"From Aroer, that is upon the bank of the river Arnon, and the city that is in the midst of the river, and all the plain of Medeba unto Dibon;",0.6851452276390428,MAYBE,,0.7
160,-2507955007950328788,"Proclamation 5810—Father's Day, 1988",Ronald Reagan,1988-05-03,teach the fortitude to provide the compassion to comfort and the mercy to forgive all of this is to say that they find the strength to love their wives and children selflessly and it is above all for this wondrous mysterious love that fathers shower upon their families and that allows them to ceaselessly put,2 Chronicles 20:13,"And all Judah stood before the LORD, with their little ones, their wives, and their children.",0.1697770587615952,MAYBE,,0.6
163,-2507955007950328788,"Proclamation 5810—Father's Day, 1988",Ronald Reagan,1988-05-03,teach the fortitude to provide the compassion to comfort and the mercy to forgive all of this is to say that they find the strength to love their wives and children selflessly and it is above all for this wondrous mysterious love that fathers shower upon their families and that allows them to ceaselessly put,Titus 2:4,"That they may teach the young women to be sober, to love their husbands, to love their children,",0.8994464038374098,MAYBE,,0.6
165,-2520268400406193591,"Proclamation 6242—Martin Luther King, Jr., Federal Holiday, 1991",George Bush,1991-01-14,king believed that america must uphold its promise of liberty and opportunity for all because prejudice and discrimination obscure the reality that all people are made in the image of their creator the faith that animated martin luther king's efforts to uphold the god-given dignity and worth of every individual was nurtured in him from,Colossians 1:15,"Who is the image of the invisible God, the firstborn of every creature:",0.1282830552449518,MAYBE,,0.4
168,-2533642778379546490,"Proclamation 8514—National Day of Prayer, 2010",Barack Obama,2010-04-30,and humility sought guidance and forgiveness and received inspiration and assistance both in good times and in bad on this day let us give thanks for the many blessings god has bestowed upon our nation let us rejoice for the blessing of freedom both to believe and to live our beliefs and for the many,2 Samuel 10:12,"Be of good courage, and let us play the men for our people, and for the cities of our God: and the LORD do that which seemeth him good.",0.1269822799433032,MAYBE,,0.4
170,-2548062821315986042,"Proclamation 7403—National Day of Prayer and Thanksgiving, 2001",George W. Bush,2001-01-20,political parties as thomas jefferson took the oath of office as president on this bicentennial of that event we pause to remember and give thanks to almighty god for our unbroken heritage of democracy the peaceful transition of power and the perseverance of our government through the challenges of war and peace want and prosperity discord and harmony president jefferson also wrote the god who gave us life gave us liberty at the same time and asked can the liberties of a nation be secure when we have removed a conviction that these liberties are of god indeed it is appropriate to mark this occasion by remembering the words of president jefferson and the examples of americans of the past and today who in times of both joy and need turn to almighty god in prayer times of plenty like times of crisis are tests of american character today i seek god's guidance and his blessings on our land and all our people knowing that i cannot succeed in this task without the favor of god and the prayers of the people i ask all americans to join with me in prayer and thanksgiving now therefore i george w bush president of the united states,2 Samuel 10:12,"Be of good courage, and let us play the men for our people, and for the cities of our God: and the LORD do that which seemeth him good.",0.3890259677927432,MAYBE,,0.6
176,-2606840177340608953,"Proclamation 8139—Older Americans Month, 2007",George W. Bush,2007-05-01,in need and reaffirm our country's commitment to older americans this month and throughout the year in witness whereof i have hereunto set my hand this first day of may in the year of our lord two thousand seven and of the independence of the united states of america the two hundred and thirty-first george,Exodus 40:17,"And it came to pass in the first month in the second year, on the first day of the month, that the tabernacle was reared up.",0.3825571311381002,MAYBE,,0.6
177,-2618624237900689134,"Proclamation 8714—Constitution Day and Citizenship Day, Constitution Week, 2011",Barack Obama,2011-09-16,a lasting structure of government that began with the words we the people this week as we celebrate our founders timeless vision we resolve to stay true to their spirit of patriotism and unity in remembrance of the signing of the constitution and in recognition of the americans who strive to uphold the duties and,Ephesians 4:3,Endeavouring to keep the unity of the Spirit in the bond of peace.,0.6097645415933011,MAYBE,,0.4
182,-2717970352000111639,"Proclamation 5670—American Gospel Arts Day, 1987",Ronald Reagan,1987-06-19,gospel music is a uniquely american art form a fusion of the music and culture of africa and europe the rich sound and vibrant rhythms of gospel music have influenced the directions of popular music in america and indeed around the world born in black american church communities across our country gospel music has long been a popular influence bringing joy to countless people symbolizing a source of peaceful social change and affirming the place of black american culture in our nation's artistic heritage today in churches gospel music enlivens and enriches the spirit of worship a moving and expressive example of spontaneous celebration through song and prayer the performance of gospel music is a heritage well worth preserving for future generations so they can know and share in one of our most beloved musical traditions in recognition of the importance of gospel music to the history of american music and of the traditional observance of june 19 as a special day of appreciation of the black american cultural heritage with which gospel music is so strongly identified the congress by house joint resolution 106 has designated june 19 1987 as american gospel arts day and authorized and requested the president to issue a proclamation in observance of this event now therefore i ronald reagan president of the united states of america do hereby proclaim june 19 1987 as american gospel arts day i call upon the people of the united states to observe this day with appropriate ceremonies programs and activities in witness whereof i have hereunto set my,Matthew 24:14,And this gospel of the kingdom shall be preached in all the world for a witness unto all nations; and then shall the end come.,0.4392513423776236,MAYBE,,0.6
184,-2748820420689901897,"Proclamation 10604—National Korean War Veterans Armistice Day, 2023","Joseph R. Biden, Jr.",2023-07-26,veterans and bestow upon them the high honor they deserve i call upon all americans to observe this day with appropriate ceremonies and activities that honor and give thanks to our distinguished korean war veterans in witness whereof i have hereunto set my hand this twenty-sixth day of july in the year of our lord two thousand twenty-three and of,Colossians 1:3,"We give thanks to God and the Father of our Lord Jesus Christ, praying always for you,",0.3379959895415875,MAYBE,,0.6
185,-2748820420689901897,"Proclamation 10604—National Korean War Veterans Armistice Day, 2023","Joseph R. Biden, Jr.",2023-07-26,veterans and bestow upon them the high honor they deserve i call upon all americans to observe this day with appropriate ceremonies and activities that honor and give thanks to our distinguished korean war veterans in witness whereof i have hereunto set my hand this twenty-sixth day of july in the year of our lord,Psalms 97:12,"Rejoice in the LORD, ye righteous; and give thanks at the remembrance of his holiness.",0.1705596954529147,MAYBE,,0.7
187,-2805173011276944030,"Proclamation 6573—Father's Day, 1993",William J. Clinton,1993-06-17,all fathers now living as well as the memory of those now deceased in that spirit let us as americans express and demonstrate to our fathers through word and action our appreciation for their love and for the contributions they have made to us and our nation now therefore i,Luke 1:55,"As he spake to our fathers, to Abraham, and to his seed for ever.",0.6359012090871621,MAYBE,,0.6
194,-2962685198641811312,"Proclamation 6873—Greek Independence Day: A National Day of Celebration of Greek and American Democracy, 1996",William J. Clinton,1996-03-22,"and philosophy have profoundly influenced western civilization for over 2,000 years democracy remains the most precious gift to our world from the greeks of ancient times this manner of government placing authority directly into the",Psalms 77:5,"I have considered the days of old, the years of ancient times.",0.3046672033397178,MAYBE,,0.6
197,-3043012845112285824,"Proclamation 9488—National Days of Prayer and Remembrance, 2016",Barack Obama,2016-09-09,serve under our flag to meet the threats of our time with bravery and distinction in the years that have followed with prayer and reflection grace and faith americans have grieved together held each other close and looked out for one another though the void felt by those who lost a loved one on that,John 1:16,"And of his fulness have all we received, and grace for grace.",0.7306752686748398,MAYBE,,0.6
200,-3075171785288783616,"Proclamation 3680—National Day of Prayer, 1965",Lyndon B. Johnson,1965-10-07,good things are the gift of god established a reliance that remains unbroken as did our founding fathers our people continue to place their trust in god time and time again we have turned to him for succor and time and time again he has answered with manifestations of abundance,Proverbs 30:5,Every word of God is pure: he is a shield unto them that put their trust in him.,0.2166850875414823,MAYBE,,0.6
201,-3075174109320535206,"Proclamation 2441—Thanksgiving Day, 1940",Franklin D. Roosevelt,1940-11-09,given us this good land for our heritage we humbly beseech thee that we may always prove ourselves a people mindful of thy favor and glad to do thy will bless our land with honourable industry sound learning and pure,Psalms 90:14,O satisfy us early with thy mercy; that we may rejoice and be glad all our days.,0.1027365229519292,MAYBE,,0.4
204,-3075174109320535206,"Proclamation 2441—Thanksgiving Day, 1940",Franklin D. Roosevelt,1940-11-09,we may show forth thy praise among the nations of the earth in the time of prosperity fill our hearts with thankfulness and in the day of trouble suffer not our trust in thee to fail amen in witness whereof i have hereunto set my hand and caused the seal of the united states of,Psalms 20:1,The LORD hear thee in the day of trouble; the name of the God of Jacob defend thee;,0.8831645829257598,MAYBE,,0.6
207,-3133505785199594126,"Proclamation 4170—Thanksgiving Day, 1972",Richard Nixon,1972-11-17,them on the edge of a wilderness they established anew on american shores a thanksgiving tradition as old as western man himself from moses at the red sea to jesus preparing to feed the multitudes the scriptures summon us to words and deeds of gratitude even before divine blessings are fully perceived from washington kneeling,Numbers 33:10-11,"And they removed from Elim, and encamped by the Red sea. And they removed from the Red sea, and encamped in the wilderness of Sin.",0.7678688555697059,MAYBE,,0.4
208,-3133505785199594126,"Proclamation 4170—Thanksgiving Day, 1972",Richard Nixon,1972-11-17,the bounty of god-our lives our liberties and our loved ones our worldly goods and our spiritual heritage the beauty of our land the breadth of our horizons and the promise of peace that crowns it all for all of this let us now humbly give thanks now therefore i,Genesis 13:17,"Arise, walk through the land in the length of it and in the breadth of it; for I will give it unto thee.",0.5154549732317046,MAYBE,,0.3
212,-3206629350243430553,"Proclamation 9690—Religious Freedom Day, 2018",Donald J. Trump (1st Term),2018-01-16,diminish enlarge or affect their civil capacities five years later these principles served as the inspiration for the first amendment which affirms our right to choose and exercise faith without government coercion or reprisal today americans from diverse ethnic and religious backgrounds remain steadfast in a commitment to the inherent values of faith honesty integrity and patriotism our constitution and laws guarantee americans the right not just to believe as they see fit but to freely exercise their religion unfortunately,1 Timothy 3:9,Holding the mystery of the faith in a pure conscience.,0.1183229543365781,MAYBE,,0.6
213,-3224053434859910131,"Proclamation 3436—National Day of Prayer, 1961",John F. Kennedy,1961-09-28,fortunes and their most sacred honor during the deliberations in the constitutional convention they were called to daily prayers with the reminder in sacred scripture it is written that except the lord build the house they labor in vain that build it and they were warned that without the concurring aid of providence they would,1 Corinthians 1:31,"That, according as it is written, He that glorieth, let him glory in the Lord.",0.1318651714460155,MAYBE,,0.4
216,-3224053434859910131,"Proclamation 3436—National Day of Prayer, 1961",John F. Kennedy,1961-09-28,children in the ways of truth that they may have the best opportunities we can provide as an environment in which to grow in body mind and spirit and to the end they may be at their best in their day as the responsible trustees of the great heritage which has come to us from those who went before us for a spirit of wisdom and understanding as we move toward new frontiers of cooperation and brotherhood to overcome the curse of hunger of ignorance of superstition and of disease by harnessing scientific knowledge to moral purpose for willing hands and a spirit of dedication that in awareness that this nation under god has achieved its great service to mankind through the toil and sacrifices and subordination of personal desires to common welfare we may move forward in the unconquerable spirit of a free people making whatever sacrifices that need be made to neutralize the evil designs of evil men and to work for goals of human betterment that lie,Acts 6:10,And they were not able to resist the wisdom and the spirit by which he spake.,0.1388917029588845,MAYBE,,0.4
217,-3224053434859910131,"Proclamation 3436—National Day of Prayer, 1961",John F. Kennedy,1961-09-28,children in the ways of truth that they may have the best opportunities we can provide as an environment in which to grow in body mind and spirit and to the end they may be at their best in their day as the responsible trustees of the great heritage which has come to us from those who went before us for a spirit of wisdom and understanding as we move toward new frontiers of cooperation and brotherhood to overcome the curse of hunger of ignorance of superstition and of disease by harnessing scientific knowledge to moral purpose for willing hands and a spirit of dedication that in awareness that this nation under god has achieved its great service to mankind through the toil and sacrifices and subordination of personal desires to common welfare we may move forward in the unconquerable spirit of a free people making whatever sacrifices that need be made to neutralize the evil designs of evil men and to work for goals of human betterment that lie,Haggai 1:14,"And the LORD stirred up the spirit of Zerubbabel the son of Shealtiel, governor of Judah, and the spirit of Joshua the son of Josedech, the high priest, and the spirit of all the remnant of the people; and they came and did work in the house of the LORD of hosts, their God,",0.223452156568666,MAYBE,,0.6
219,-3224053434859910131,"Proclamation 3436—National Day of Prayer, 1961",John F. Kennedy,1961-09-28,for peace in our time with freedom and justice and dignity for all mankind and recognizing our own shortcomings may we be granted forgiveness and cleansing that god shall bless us and be gracious unto us and cause his face to shine upon us as we stand everyone of us on this day in his,Psalms 67:6-7,"Then shall the earth yield her increase; and God, even our own God, shall bless us. God shall bless us; and all the ends of the earth shall fear him.",0.4617431575017395,MAYBE,,0.4
222,-3224053434859910131,"Proclamation 3436—National Day of Prayer, 1961",John F. Kennedy,1961-09-28,to shine upon us as we stand everyone of us on this day in his presence in witness whereof i have hereunto set my hand and caused the seal of the united states of america to be affixed done at the city of washington this twenty-eighth day of september in the year of our lord nineteen hundred and sixty-one and of the independence of the united states of america the,Luke 2:11,"For unto you is born this day in the city of David a Saviour, which is Christ the Lord.",0.4706362100286327,MAYBE,,0.4
224,-3242033044026054536,"Proclamation 3026—United Nations Day, 1953",Dwight D. Eisenhower,1953-07-31,friendship for other peoples and their faith in the ultimate triumph of peace and justice through the efforts of men of good will i also call upon the officials of the federal state and local governments the united states committee for united nations day representatives of civic educational and religious organizations agencies of the press,Psalms 116:13,"I will take the cup of salvation, and call upon the name of the LORD.",0.3871980705463984,MAYBE,,0.6
226,-3242033044026054536,"Proclamation 3026—United Nations Day, 1953",Dwight D. Eisenhower,1953-07-31,friendship for other peoples and their faith in the ultimate triumph of peace and justice through the efforts of men of good will i also call upon the officials of the federal state and local governments the united states committee for united nations day representatives of civic educational and religious organizations agencies of the press,Romans 10:13,For whosoever shall call upon the name of the Lord shall be saved.,0.1525063769648591,MAYBE,,0.6
228,-3306187912140905292,Proclamation 2418—Day of Prayer,Franklin D. Roosevelt,1940-08-07,we are especially conscious of the divine power and of our dependence upon god's merciful guidance with this consciousness in our hearts it is seemly that we should at a time like this pray to almighty god for his blessing on our country and for the establishment of a just and permanent peace among all,Ephesians 1:12,"That we should be to the praise of his glory, who first trusted in Christ.",0.2668349733198185,MAYBE,,0.4
229,-3306187912140905292,Proclamation 2418—Day of Prayer,Franklin D. Roosevelt,1940-08-07,we are especially conscious of the divine power and of our dependence upon god's merciful guidance with this consciousness in our hearts it is seemly that we should at a time like this pray to almighty god for his blessing on our country and for the establishment of a just and permanent peace among all,Luke 1:71,"That we should be saved from our enemies, and from the hand of all that hate us;",0.5025489228264873,MAYBE,,0.6
232,-3332185753711486992,"Proclamation 3318—General Pulaski's Memorial Day, 1959",Dwight D. Eisenhower,1959-09-28,and justice came from their homelands to fight by our side and whereas among them was count casimir pulaski a native of poland who joined the army of general washington at the age of twenty-nine received an appointment from the continental congress as commander of cavalry distinguished himself in various engagements with the enemy raised,Jeremiah 37:11,"And it came to pass, that when the army of the Chaldeans was broken up from Jerusalem for fear of Pharaoh's army,",0.3491291641406886,MAYBE,,0.6
238,-3411984492086828790,"Proclamation 6855—Human Rights Day, Bill of Rights Day, and Human Rights Week, 1995",William J. Clinton,1995-12-05,labor and to assist young victims of war we live in an era of great advances for freedom and democracy yet sadly it also remains a time of ongoing suffering and hardship in many countries as a nation long committed to promoting individual rights and human dignity let us continue our efforts to ensure that,Ecclesiastes 3:8,"A time to love, and a time to hate; a time of war, and a time of peace.",0.4231199988796558,MAYBE,,0.6
239,-3424094580134739663,Proclamation 3426—Centennial of the Establishment of the National System of Land-Grant Universities and Colleges,John F. Kennedy,1961-08-25,to states and territories in support of colleges to promote liberal and practical education in the several pursuits and professions in life and whereas the act opened the doors of colleges and universities to all with the ability and will to learn irrespective of heredity occupation or economic status and whereas the land-grant institutions in,Psalms 78:23,"Though he had commanded the clouds from above, and opened the doors of heaven,",0.1008742760316541,MAYBE,,0.7
241,-3442994396529230237,"Proclamation 5995—National Literacy Day, 1989",George Bush,1989-06-30,require and the ability to compete in a rapidly advancing global economy it is also the rich legacy of families that pass on the love of learning from generation to generation literacy is not simply a basic skill but a key that opens the door to the realm of ideas and enables one to participate,Joel 3:20,"But Judah shall dwell for ever, and Jerusalem from generation to generation.",0.1167975244124647,MAYBE,,0.4
243,-3455467671498703566,Proclamation 2373—Thanksgiving Day,Franklin D. Roosevelt,1939-10-31,the states president washington and his successors invited the people of the nation to lay down their tasks one day in the year and give thanks for the blessings that had been granted them by divine providence it is fitting that we should continue this hallowed custom and select a,Psalms 97:12,"Rejoice in the LORD, ye righteous; and give thanks at the remembrance of his holiness.",0.3167567092231871,MAYBE,,0.4
247,-3518571961355656293,"Proclamation 4093—Thanksgiving Day, 1971",Richard Nixon,1971-11-05,which they so cherished that no hardship could quench it and now their heritage is ours what they dared to imagine for this land came to pass what they planted here prospered and for our heritage a land rich with the bountiful blessings of god and the freedom to enjoy,1 Samuel 14:25,And all they of the land came to a wood; and there was honey upon the ground.,0.2221106251880502,MAYBE,,0.6
248,-3518571961355656293,"Proclamation 4093—Thanksgiving Day, 1971",Richard Nixon,1971-11-05,which they so cherished that no hardship could quench it and now their heritage is ours what they dared to imagine for this land came to pass what they planted here prospered and for our heritage a land rich with the bountiful blessings of god,Exodus 1:21,"And it came to pass, because the midwives feared God, that he made them houses.",0.3454821477368602,MAYBE,,0.7
249,-3518571961355656293,"Proclamation 4093—Thanksgiving Day, 1971",Richard Nixon,1971-11-05,here prospered and for our heritage a land rich with the bountiful blessings of god and the freedom to enjoy those rich blessings we give thanks to god almighty in this time and for all time now therefore i richard m nixon president of the united states of america in accordance with the wish of,1 Thessalonians 1:2,"We give thanks to God always for you all, making mention of you in our prayers;",0.3273396760231334,MAYBE,,0.4
253,-3545487102315169142,"Proclamation 9976—Religious Freedom Day, 2020",Donald J. Trump (1st Term),2020-01-15,endowed with the right to follow their conscience worship freely and live in accordance with their convictions on religious freedom day we honor the foundational link between freedom and faith in our country and reaffirm our commitment to safeguarding the religious liberty of all americans religious freedom in america often referred to as our first,1 Timothy 3:9,Holding the mystery of the faith in a pure conscience.,0.5833095424222098,MAYBE,,0.6
255,-3568747790181560786,"Proclamation 10134—Religious Freedom Day, 2021",Donald J. Trump (1st Term),2021-01-15,by the president of the united states of america a proclamation faith inspires hope deeply embedded in the heart and soul of our nation this transcendent truth has compelled men and women of uncompromising conscience to give glory to god,1 Corinthians 2:5,"That your faith should not stand in the wisdom of men, but in the power of God.",0.1101391742050686,MAYBE,,0.4
256,-3568747790181560786,"Proclamation 10134—Religious Freedom Day, 2021",Donald J. Trump (1st Term),2021-01-15,by the president of the united states of america a proclamation faith inspires hope deeply embedded in the heart and soul of our nation this transcendent truth has compelled men and women of uncompromising conscience to give glory to god,1 Timothy 3:9,Holding the mystery of the faith in a pure conscience.,0.6211863106177291,MAYBE,,0.6
258,-3603700400840176237,"Proclamation 7849—Thanksgiving Day, 2004",George W. Bush,2004-11-23,all across america we gather this week with the people we love to give thanks to god for the blessings in our lives we are grateful for our freedom grateful for our families and friends and grateful for the many,1 Thessalonians 1:2,"We give thanks to God always for you all, making mention of you in our prayers;",0.8399718424060244,MAYBE,,0.6
260,-3603700400840176237,"Proclamation 7849—Thanksgiving Day, 2004",George W. Bush,2004-11-23,all across america we gather this week with the people we love to give thanks to god for the blessings in our lives we are grateful for our freedom grateful for our families and friends and grateful for the many,Colossians 1:3,"We give thanks to God and the Father of our Lord Jesus Christ, praying always for you,",0.2059591090485369,MAYBE,,0.7
261,-3603700400840176237,"Proclamation 7849—Thanksgiving Day, 2004",George W. Bush,2004-11-23,all across america we gather this week with the people we love to give thanks to god for the blessings in our lives we are grateful for our freedom grateful for our families and friends and grateful for the many,Psalms 136:3,O give thanks to the Lord of lords: for his mercy endureth for ever.,0.6241281063786325,MAYBE,,0.4
267,-3706990285534966566,"Proclamation 3438—Thanksgiving Day, 1961",John F. Kennedy,1961-10-28,lord more than three centuries ago the pilgrims after a year of hardship and peril humbly and reverently set aside a special day upon which to give thanks to god for their preservation and for the good harvest from the virgin soil upon which they had labored grave and unknown dangers remained yet by their faith and by their toil they had survived the rigors of the harsh new england winter hence they paused in their labors to give thanks for the blessings that had been bestowed upon them by divine providence this year as the harvest draws near its close and the year approaches,Ephesians 1:16,"Cease not to give thanks for you, making mention of you in my prayers;",0.9625514631139226,MAYBE,,0.4
273,-3764859750167597628,"Proclamation 3812—National Day of Prayer, 1967",Lyndon B. Johnson,1967-10-06,st paul said in sighs too deep for words we pray that in the time of prosperity fill our hearts with thankfulness and in the day of trouble suffer not our trust in thee to fail sensible of our people's faith the congress by a joint resolution of april 17 1952 provided that the president,Nahum 1:7,"The LORD is good, a strong hold in the day of trouble; and he knoweth them that trust in him.",0.1574703560469469,MAYBE,,0.4
276,-3764859750167597628,"Proclamation 3812—National Day of Prayer, 1967",Lyndon B. Johnson,1967-10-06,a suitable day each year other than a sunday as a national day of prayer on which the people of the united states may turn to god in prayer and meditation at churches in groups and as individuals now therefore i lyndon b johnson president of the united states of america do hereby set aside,Colossians 4:2,"Continue in prayer, and watch in the same with thanksgiving;",0.1209174746657256,MAYBE,,0.4
280,-3775825922356896606,"Proclamation 8242—National Day of Prayer, 2008",George W. Bush,2008-04-21,prayer we ask god's continued blessings on our country this year's theme prayer america's strength and shield is taken from psalm 28:7 the lord is my strength and my shield my heart trusts in him and i am helped on this day we pray for the safety of our brave men and women in uniform,Psalms 119:114,Thou art my hiding place and my shield: I hope in thy word.,0.5822191370579061,MAYBE,,0.6
282,-3781830419370852608,"Proclamation 6421—Education and Sharing Day, U.S.A., 1992",George Bush,1992-04-14,and in religious institutions where we learn of our just and loving creator and of the commandments that he has set before us recognizing that fear of the lord is the beginning of wisdom members of the worldwide lubavitch movement under the leadership of rabbi menachem mendel schneerson have worked to promote greater knowledge of,Isaiah 33:6,"And wisdom and knowledge shall be the stability of thy times, and strength of salvation: the fear of the LORD is his treasure.",0.6267983300899532,MAYBE,,0.6
286,-3781830419370852608,"Proclamation 6421—Education and Sharing Day, U.S.A., 1992",George Bush,1992-04-14,and in religious institutions where we learn of our just and loving creator and of the commandments that he has set before us recognizing that fear of the lord is the beginning of wisdom members of the worldwide lubavitch movement under the leadership of rabbi menachem mendel schneerson have worked to promote greater knowledge of,Proverbs 2:5,"Then shalt thou understand the fear of the LORD, and find the knowledge of God.",0.4364981398180917,MAYBE,,0.6
290,-3781830419370852608,"Proclamation 6421—Education and Sharing Day, U.S.A., 1992",George Bush,1992-04-14,to promote greater knowledge of divine law including the biblical injunction to assist those who are needy like the psalmist who wrote thy word is a lamp to my feet and a light to my path the individual who possesses such knowledge is well-equipped for a safe and fruitful passage,Proverbs 6:23,For the commandment is a lamp; and the law is light; and reproofs of instruction are the way of life:,0.3430910273259967,MAYBE,,0.6
291,-3781830419370852608,"Proclamation 6421—Education and Sharing Day, U.S.A., 1992",George Bush,1992-04-14,divine law including the biblical injunction to assist those who are needy like the psalmist who wrote thy word is a lamp to my feet and a light to my path the individual who possesses such knowledge is well-equipped for a safe and fruitful passage on his or her life's journey in recognition of the,Luke 2:32,"A light to lighten the Gentiles, and the glory of thy people Israel.",0.1766662606809746,MAYBE,,0.4
293,-3827933763579976560,"Proclamation 8968—National Foster Care Month, 2013",Barack Obama,2013-04-30,"than 400,000 kids are looking for permanency with caring parents many are struggling to find the meaningful long-term relationships that will help them transition into adulthood some young men and women are aging out of the system without a permanent home making it harder for them to get a good education find a job and",Psalms 148:12,"Both young men, and maidens; old men, and children:",0.1096568393703167,MAYBE,,0.6
294,-3867567230784788845,"Proclamation 10251—National Days of Prayer and Remembrance, 2021","Joseph R. Biden, Jr.",2021-09-09,and other appropriate ceremonies and activities i invite people around the world to participate in this commemoration i invite the citizens of our nation to give thanks in accordance with their own faiths and consciences for our many freedoms and blessings and i join all people of faith in prayers,Ephesians 1:16,"Cease not to give thanks for you, making mention of you in my prayers;",0.8343526321413847,MAYBE,,0.4
296,-3899480142833548433,"Proclamation 10235—National Korean War Veterans Armistice Day, 2021","Joseph R. Biden, Jr.",2021-07-26,fallen to memorialize commemorate and pay tribute to the heroes who have given their lives for our nation-and to uphold and honor the democratic values for which they fought we must also always recognize the patriotism and service of our,Acts 15:26,Men that have hazarded their lives for the name of our Lord Jesus Christ.,0.629497498549557,MAYBE,,0.6
297,-3899480142833548433,"Proclamation 10235—National Korean War Veterans Armistice Day, 2021","Joseph R. Biden, Jr.",2021-07-26,as national korean war veterans armistice day i call upon all americans to observe this day with appropriate ceremonies and activities that honor and give thanks to our distinguished korean war veterans in witness whereof i have hereunto set my hand this twenty-sixth day of july in the year of our lord two thousand twenty-one,Colossians 1:3,"We give thanks to God and the Father of our Lord Jesus Christ, praying always for you,",0.2258797174423399,MAYBE,,0.4
301,-3949817992831455905,Proclamation 7554—To Extend Duty-Free Treatment for Certain Agricultural Products of Israel,George W. Bush,2002-05-03,annex to this proclamation shall continue in effect through the close of december 31 2002 in witness whereof i have hereunto set my hand this third day of may in the year of our lord two thousand two and of the independence of the united states of america the two hundred and twenty-sixth george w,Ezra 6:15,"And this house was finished on the third day of the month Adar, which was in the sixth year of the reign of Darius the king.",0.1860681063095548,MAYBE,,0.6
302,-3977388907442256700,Proclamation 4477—Modification of Temporary Quantitative Limitations on the Importation into the United States of Certain Articles of Alloy Tool Steel,Gerald R. Ford,1976-11-16,numbered 1 total other total b the modifications of subpart a part 2 of the appendix to the tsus made by this proclamation shall be effective on the third day after the date of publication of this proclamation in the federal register as to articles entered or withdrawn from warehouse for consumption on and after,Numbers 7:24,"On the third day Eliab the son of Helon, prince of the children of Zebulun, did offer:",0.1343822392366055,MAYBE,,0.7
304,-399503723907894479,"Proclamation 9323—Constitution Day and Citizenship Day, Constitution Week, 2015",Barack Obama,2015-09-16,values for which the framers stood by rededicating ourselves to carrying forward the spirit first embodied in their achievements-that what makes our country great is not that we are perfect but that we can face our imperfections and decide that it is in our power to remake our nation to more closely align with our,Psalms 103:14,For he knoweth our frame; he remembereth that we are dust.,0.626804920834453,MAYBE,,0.6
307,-4032190901526965908,"Proclamation 4591—National Day of Prayer, 1978",Jimmy Carter,1978-09-01,a special cognizance of the gifts of the creator we were founded upon a belief in and reverence for the liberty of the human spirit under god and the equality of all people before the almighty regardless of our individual conceptions of the divine americans have always sought from providence the help and guidance necessary,Colossians 1:3,"We give thanks to God and the Father of our Lord Jesus Christ, praying always for you,",0.8028522269673021,MAYBE,,0.6
309,-4052730459978202431,"Proclamation 5932—National Challenger Center Day, 1989",Ronald Reagan,1989-01-12,mary lee hill as she exhorts us to turn again to life if i should die and leave you here awhile be not like others sore undone who keep long vigil by the silent dust and weep for my sake turn again to life and smile complete these dear unfinished tasks of mine and i perchance may therein comfort you to recognize the importance of the challenger center and its,Lamentations 3:40,"Let us search and try our ways, and turn again to the LORD.",0.4594910847625952,MAYBE,,0.4
314,-4093556718351721359,"Proclamation 3578—Senior Citizens Month, 1964",Lyndon B. Johnson,1964-03-26,let us repay our older americans for their sustained creative participation in our national and community life by providing them with a wide range of meaningful opportunities let us take all necessary steps to see that they have a real chance to enjoy health love and a life of dignity let us find ways to,Proverbs 7:18,"Come, let us take our fill of love until the morning: let us solace ourselves with loves.",0.4871637167533912,MAYBE,,0.6
315,-4108926823010563987,"Proclamation 7058—National Pearl Harbor Remembrance Day, 1997",William J. Clinton,1997-12-05,us that when americans are united in heart and mind there is nothing we cannot accomplish together as we remember pearl harbor let us also remember and give thanks for that great and gallant leader franklin d roosevelt whose memorial we dedicated earlier this year in our nation's capital in december of 1941 in one,1 Thessalonians 5:18,In every thing give thanks: for this is the will of God in Christ Jesus concerning you.,0.1203522420224158,MAYBE,,0.4
319,-4167387033522683966,"Proclamation 10446—National Hispanic Heritage Month, 2022","Joseph R. Biden, Jr.",2022-09-14,as well as hispanic staff at every level of the federal government this month we carry on the important work of honoring hispanic heritage let us give thanks to the many generations of hispanic leaders who have helped build this country and continue to fight for equality and justice let us pledge to invest in,Colossians 1:3,"We give thanks to God and the Father of our Lord Jesus Christ, praying always for you,",0.9425961079851332,MAYBE,,0.6
322,-4178133570850283638,Proclamation 2799—Selective Service Registration,Harry S Truman,1948-07-20,of the days fixed herein for his registration is required to and shall on that day or any of those days present himself for and submit to registration before a duly designated registration official or selective service local board having jurisdiction in the area in which he has his permanent home or in which he may happen to be on that day or any of those days b a person subject to registration may register after the day or days fixed for registration in case he is prevented from registering on that day or any of those days by circumstances beyond his control or because he is not present in any of the several states of the united states the district of columbia the territory of alaska the territory of hawaii puerto rico or the virgin islands on that day or any of those days,Esther 9:11,On that day the number of those that were slain in Shushan the palace was brought before the king.,0.1065724569235096,MAYBE,,0.6
328,-4253745495611333977,"Proclamation 8138—National Physical Fitness and Sports Month, 2007",George W. Bush,2007-05-01,also encourage individuals schools and communities to celebrate this month with appropriate activities and programs in witness whereof i have hereunto set my hand this first day of may in the year of our lord two thousand seven and of the independence of the united states of america the two hundred and thirty-first george w,Exodus 40:17,"And it came to pass in the first month in the second year, on the first day of the month, that the tabernacle was reared up.",0.8377502651779787,MAYBE,,0.6
329,-4306230813134829895,"Proclamation 5430—National Sanctity of Human Life Day, 1986",Ronald Reagan,1986-01-15,let us put our trust in god the lord and giver of life the creator who endowed us with our inalienable rights may we soon rejoice in the day when reverence for human life is enshrined as surely in our laws as in our hearts now therefore i ronald reagan president of the united states,Philippians 4:4,"Rejoice in the Lord alway: and again I say, Rejoice.",0.6129837751217447,MAYBE,,0.7
330,-4306230813134829895,"Proclamation 5430—National Sanctity of Human Life Day, 1986",Ronald Reagan,1986-01-15,national sanctity of human life day i call upon the citizens of this blessed land to gather on that day in homes and places of worship to give thanks for the gift of life and to reaffirm our commitment to the dignity of every human being and the sanctity of each human life in witness,1 Thessalonians 5:18,In every thing give thanks: for this is the will of God in Christ Jesus concerning you.,0.3147592950477521,MAYBE,,0.4
333,-4324485443857220947,"Proclamation 5551—Thanksgiving Day, 1986",Ronald Reagan,1986-10-13,and our firm reliance upon him from whom all blessings flow both as individuals and as a people we join with the psalmist in song and praise give thanks unto the lord for he is good one of the most inspiring portrayals of american history is that of george washington on his knees in the,1 Chronicles 16:8,"Give thanks unto the LORD, call upon his name, make known his deeds among the people.",0.7042504856922077,MAYBE,,0.6
340,-4324485443857220947,"Proclamation 5551—Thanksgiving Day, 1986",Ronald Reagan,1986-10-13,and our firm reliance upon him from whom all blessings flow both as individuals and as a people we join with the psalmist in song and praise give thanks unto the lord for he is good one of the most inspiring portrayals of american history is that of george washington on his knees in the,Psalms 136:2,O give thanks unto the God of gods: for his mercy endureth for ever.,0.5489062385956214,MAYBE,,0.6
341,-4324485443857220947,"Proclamation 5551—Thanksgiving Day, 1986",Ronald Reagan,1986-10-13,and our firm reliance upon him from whom all blessings flow both as individuals and as a people we join with the psalmist in song and praise give thanks unto the lord for he is good one of the most inspiring portrayals of american history is that of george washington on his knees in the,Psalms 136:26,O give thanks unto the God of heaven: for his mercy endureth for ever.,0.4836139258516396,MAYBE,,0.6
342,-4324485443857220947,"Proclamation 5551—Thanksgiving Day, 1986",Ronald Reagan,1986-10-13,him from whom all blessings flow both as individuals and as a people we join with the psalmist in song and praise give thanks unto the lord for he is good one of the most inspiring portrayals of american history is that of george washington on his knees in the snow at valley forge that,Jeremiah 20:13,"Sing unto the LORD, praise ye the LORD: for he hath delivered the soul of the poor from the hand of evildoers.",0.3938913599825716,MAYBE,,0.4
345,-4324485443857220947,"Proclamation 5551—Thanksgiving Day, 1986",Ronald Reagan,1986-10-13,his protection and favor today let us take heart from the noble example of our first president let us pause from our many activities to give thanks to almighty god for our bountiful harvests and abundant freedoms let us call upon him for continued guidance and assistance in all our endeavors and let us ever,1 Thessalonians 1:2,"We give thanks to God always for you all, making mention of you in our prayers;",0.7162010977731761,MAYBE,,0.4
350,-433402906587476111,"Proclamation 10570—National Day of Prayer, 2023","Joseph R. Biden, Jr.",2023-05-03,and voter access and it continues to compel us to uphold our founding creed that all of us are created equal are made in the image of god and deserve to be treated with dignity and equality throughout our lives we will never fully know how prayer has quietly influenced every aspect of american life-bringing,1 John 5:19,"And we know that we are of God, and the whole world lieth in wickedness.",0.2205884410078264,MAYBE,,0.6
352,-4397887458899076205,"Proclamation 3348—Prayer for Peace, Memorial Day, 1960",Dwight D. Eisenhower,1960-05-13,with one another at the appointed time in churches and other appropriate places in asking the blessing of god on those who have given their lives for the nation in offering thanks for god's manifold mercies and in beseeching his aid in the building of a world based on freedom and justice where all men,Acts 15:26,Men that have hazarded their lives for the name of our Lord Jesus Christ.,0.7552954959810382,MAYBE,,0.6
356,-4531700665128597691,"Proclamation 3877—National Day of Prayer, 1968",Lyndon B. Johnson,1968-10-10,into global catastrophe for misinformation and demagoguery to reach millions and to shape their political destinies the scientific and technological revolution offers man unparalleled opportunities to liberate-or to enslave-his spirit he can gain his freedom from physical want and lose his identity in the prosperous streets of great cities he can move his family to a healthier and more spacious environment and lose the sense of community with his fellow men he can free more hours for leisure activity and find those hours empty and purposeless thus his spirit lives in a state of crisis in the midst of that crisis-as in days long ago before science and technology were common words to his tongue-man cries out for meaning for guidance for assurance that his spirit is of value in the midst of baffling change he longs for enduring values in the impersonal rush of his days he seeks a sign that he is known,Joel 2:29,And also upon the servants and upon the handmaids in those days will I pour out my spirit.,0.1315097879454972,MAYBE,,0.6
357,-4531700665128597691,"Proclamation 3877—National Day of Prayer, 1968",Lyndon B. Johnson,1968-10-10,a suitable day each year other than a sunday as a national day of prayer on which the people of the united states may turn to god in prayer and meditation at churches in groups and as individuals now therefore i lyndon b johnson president of the united states of america do hereby set aside,Colossians 4:2,"Continue in prayer, and watch in the same with thanksgiving;",0.1209174746657256,MAYBE,,0.4
361,-4589648609771259080,"Proclamation 6409—National Day of Prayer, 1992",George Bush,1992-03-05,trust in the steady unfailing light that is the love of god time and again scripture tells us of the constancy of the almighty indeed his kingdom is an everlasting kingdom wrote the psalmist and his dominion endures throughout all generations our ancestors trusted in the faithfulness of the almighty and they frequently turned to,Proverbs 10:25,"As the whirlwind passeth, so is the wicked no more: but the righteous is an everlasting foundation.",0.5182199704140752,MAYBE,,0.6
362,-4589648609771259080,"Proclamation 6409—National Day of Prayer, 1992",George Bush,1992-03-05,trust in the steady unfailing light that is the love of god time and again scripture tells us of the constancy of the almighty indeed his kingdom is an everlasting kingdom wrote the psalmist and his dominion endures throughout all generations our ancestors trusted in the faithfulness of the almighty and they frequently turned to,Psalms 119:142,"Thy righteousness is an everlasting righteousness, and thy law is the truth.",0.4791140850037524,MAYBE,,0.7
365,-4589648609771259080,"Proclamation 6409—National Day of Prayer, 1992",George Bush,1992-03-05,men the one to whom george washington turned when he knelt in the snow at valley forge is the same god who heard the prayers of president lincoln nearly a century later during the darkest hours of the civil war while our needs today may be different we are no,Psalms 72:20,The prayers of David the son of Jesse are ended.,0.127982327491706,MAYBE,,0.4
367,-4589648609771259080,"Proclamation 6409—National Day of Prayer, 1992",George Bush,1992-03-05,to join in this national day of prayer indeed although we may find our own word to express it each of us can echo this timeless prayer of solomon the ancient king who prayed for and received the gift of,Proverbs 1:1,"The proverbs of Solomon the son of David, king of Israel;",0.2088223379516434,MAYBE,,0.6
369,-4589648609771259080,"Proclamation 6409—National Day of Prayer, 1992",George Bush,1992-03-05,word to express it each of us can echo this timeless prayer of solomon the ancient king who prayed for and received the gift of wisdom the lord our god be with us as he was with our fathers may he not leave us or forsake us so that he may incline our hearts to,Deuteronomy 5:2,The LORD our God made a covenant with us in Horeb.,0.1536656233089913,MAYBE,,0.4
371,-4589648609771259080,"Proclamation 6409—National Day of Prayer, 1992",George Bush,1992-03-05,word to express it each of us can echo this timeless prayer of solomon the ancient king who prayed for and received the gift of wisdom the lord our god be with us as he was with our fathers may he not leave us or forsake us so that he may incline our hearts to,Exodus 8:27,"We will go three days' journey into the wilderness, and sacrifice to the LORD our God, as he shall command us.",0.1030168505441786,MAYBE,,0.6
372,-4589648609771259080,"Proclamation 6409—National Day of Prayer, 1992",George Bush,1992-03-05,word to express it each of us can echo this timeless prayer of solomon the ancient king who prayed for and received the gift of wisdom the lord our god be with us as he was with our fathers may he not leave us or forsake us so that he may incline our hearts to,Psalms 113:5,"Who is like unto the LORD our God, who dwelleth on high,",0.9625320136238532,MAYBE,,0.4
376,-4589648609771259080,"Proclamation 6409—National Day of Prayer, 1992",George Bush,1992-03-05,he not leave us or forsake us so that he may incline our hearts to him to walk in all his ways that all the peoples of the earth may know that the lord is god there is no other since the approval of the joint resolution of the congress on april 17 1952 calling,2 Kings 19:19,"Now therefore, O LORD our God, I beseech thee, save thou us out of his hand, that all the kingdoms of the earth may know that thou art the LORD God, even thou only.",0.5455995404337921,MAYBE,,0.6
377,-4589648609771259080,"Proclamation 6409—National Day of Prayer, 1992",George Bush,1992-03-05,he not leave us or forsake us so that he may incline our hearts to him to walk in all his ways that all the peoples of the earth may know that the lord is god there is no other since the approval of the joint resolution of the congress on april 17 1952 calling,Isaiah 37:20,"Now therefore, O LORD our God, save us from his hand, that all the kingdoms of the earth may know that thou art the LORD, even thou only.",0.6225767839979949,MAYBE,,0.7
380,-4643199518859031953,"Proclamation 8129—National Day of Prayer, 2007",George W. Bush,2007-04-20,guided the american people given us strength and sustained us in moments of joy and in times of challenge on this national day of prayer we acknowledge god's grace and ask for his continued guidance in the life of our nation americans of many faiths and traditions share a common belief that god hears the prayers of his children and shows grace to those who seek him following the tragedy at virginia tech in towns all across america in houses of worship from every faith americans have joined together to,John 1:16,"And of his fulness have all we received, and grace for grace.",0.7225754305532314,MAYBE,,0.6
381,-4643199518859031953,"Proclamation 8129—National Day of Prayer, 2007",George W. Bush,2007-04-20,in moments of joy and in times of challenge on this national day of prayer we acknowledge god's grace and ask for his continued guidance in the life of our nation americans of many faiths and traditions share a common belief that god hears the prayers of his children and shows grace to those who seek him following the tragedy at virginia tech in towns all across america in houses of worship from every faith americans have joined together to pray for the lives that were lost and for their families friends and loved ones we hold the victims in our hearts and pray for those who suffer and grieve there is a power in these prayers and we can find comfort in the grace and guidance of a loving god at this important time in our history we also pray for the brave members of our armed forces and their families we pray for their safety for the recovery of the wounded and for the peace we all seek,Ezra 6:10,"That they may offer sacrifices of sweet savours unto the God of heaven, and pray for the life of the king, and of his sons.",0.3665332594715582,MAYBE,,0.4
383,-4643199518859031953,"Proclamation 8129—National Day of Prayer, 2007",George W. Bush,2007-04-20,seek him following the tragedy at virginia tech in towns all across america in houses of worship from every faith americans have joined together to pray for the lives that were lost and for their families friends and loved ones we hold the victims in our hearts and pray for those who suffer and grieve there is a power in these prayers and we can find comfort in the grace and guidance of a loving god at this important time in our history we also pray for the brave members of our armed forces and their families we pray for their safety for the recovery of the wounded and for the peace we all seek the congress by public law 100-307 as amended has called on our nation to reaffirm the role of prayer in,Psalms 122:6,Pray for the peace of Jerusalem: they shall prosper that love thee.,0.1268605002528623,MAYBE,,0.6
386,-4700164886494423988,"Proclamation 3162—Veteran's Day, 1956",Dwight D. Eisenhower,1956-10-26,united states be displayed on all public buildings on that day and on veterans day let us recall with solemn gratitude the courage and the sacrifices of our veterans and let us re-consecrate ourselves to the preservation of our cherished freedom in witness whereof i have hereunto set my hand,Psalms 107:22,"And let them sacrifice the sacrifices of thanksgiving, and declare his works with rejoicing.",0.1733851240462271,MAYBE,,0.6
387,-4703173945116424113,"Proclamation 5897—Week of Remembrance of Kristallnacht, 1988",Ronald Reagan,1988-11-04,as americans to keep their memory fresh and enduring we resolve to remind ourselves of the enormous evil of which mankind is capable and to remain vigilant we know that anti-semitism is still present in the world and that there are still those who oppress others for their race creed or color and their simple,1 John 5:19,"And we know that we are of God, and the whole world lieth in wickedness.",0.8104817862159082,MAYBE,,0.4
391,-4780610514058938953,"Proclamation 5938—American Red Cross Month, 1989",George Bush,1989-02-28,"the red cross as a symbol and an ideal has meant help and reassurance to millions of americans and people around the world to henry dunant founder of the international red cross 125 years ago help meant a bright red cross on a white banner carried onto battlefields by those tending wounded soldiers and civilians innocently caught in conflict to clara barton founder of the american red cross help meant all that dunant envisioned plus a system by which people could voluntarily help each other cope during times of disaster not just during war today we need only look to the success of the american red cross to see how both visions have become realities whether it has been in a major emergency like the tornadoes that struck north carolina last fall or in the aftermath of the terrible death and destruction of the earthquake in armenia the red cross has been there extending the hand of help in 1988 4.2 million people were given emergency food clothing and shelter by more than 76 thousand red cross disaster volunteers clara barton's dream of mitigating the suffering of disaster victims also brought an understanding of the need to help the entire population to be better prepared for day-to-day emergencies this has meant teaching 7.1 million people first aid red cross cpr swimming and water and boating safety now perhaps more than ever we realize how education can mean survival as we and people around the world face the deadly threat of aids the red cross has helped us understand this health crisis by disseminating aids prevention information thousands of persons needing blood owe a debt of gratitude to the american red cross from recruitment of volunteer donors to collecting and testing that ensures the safest blood possible last year the red cross was able to provide our ill and injured with 6.4 million units of blood our american red cross also provides important humanitarian service to our military personnel and their families including counseling and assistance and referral services for active-duty military veterans and their dependents our young people too more than 3 million of them have made a valuable commitment to public service through the red cross from organizing high school and college bloodmobiles to visiting patients in hospitals and retirement homes youth programs are another reason why we should appreciate the work of this remarkable organization from the visions of henry dunant and clara barton have come one of the greatest volunteer movements in history the strength of the red cross can be seen every day everywhere through the work of people who believe that a successful life must include serving others it is through their commitment that a bright red cross on a white banner continues to mean hope dignity and compassion to thousands of people in need both here at home and around the world now therefore i george bush president of the united states of america and honorary chairman of the american national red cross by virtue of the authority vested in me by the constitution and laws of the united states do hereby proclaim the month of march 1989 as american red cross month i urge all americans to continue their generous support and ready assistance to the work of the american red cross and its nearly 3,000 chapters and stations on military installations in witness whereof i have hereunto set my hand this twenty-eighth day of february in the year of our lord nineteen hundred and eighty-nine and of the independence of the united states of america the two hundred and thirteenth george bush george bush proclamation 5938-american red cross month 1989",1 Corinthians 1:18,For the preaching of the cross is to them that perish foolishness; but unto us which are saved it is the power of God.,0.1068806804747605,MAYBE,,0.6
395,-4796835580089271841,"Proclamation 6752—The Year of Gospel Music, 1994",William J. Clinton,1994-10-28,born in the soul of america's churches gospel music is an integral part of liturgy and spirituality in parishes from atlanta to dallas detroit to baton rouge the heart of new york city to the smallest hamlets of our country it is a music of the people one that has provided hope and inspiration for generations of americans gospel music has come to influence singers and composers of all popular forms including jazz the blues and soul music the rhythm and expressiveness-the very feeling-has become an important part of our culture and a vital part of our heritage our nation owes a great debt of gratitude to those who preserve and bring to life gospel music in our churches in recordings in concerts and through the media it is in our national interest to promote and support gospel music so that generations to come may enjoy and appreciate it in so doing we will gain a greater understanding of the breadth and vitality of the human spirit and its indomitable faith as it is expressed through the beauty of song the congress by senate joint resolution 157 has designated the year of 1994 as the year of gospel music and has authorized and requested the president to issue a proclamation in observance of this year now therefore i william j clinton president of the united states of america do hereby proclaim the year of 1994 as the year of gospel music i urge all americans to celebrate gospel music with appropriate ceremonies and activities and to reflect on the role that this music has in reinvigorating and renewing our souls and our communities in witness,2 Timothy 1:10,"But is now made manifest by the appearing of our Saviour Jesus Christ, who hath abolished death, and hath brought life and immortality to light through the gospel:",0.7462022299465991,MAYBE,,0.6
396,-4796835580089271841,"Proclamation 6752—The Year of Gospel Music, 1994",William J. Clinton,1994-10-28,born in the soul of america's churches gospel music is an integral part of liturgy and spirituality in parishes from atlanta to dallas detroit to baton rouge the heart of new york city to the smallest hamlets of our country it is a music of the people one that has provided hope and inspiration for generations of americans gospel music has come to influence singers and composers of all popular forms including jazz the blues and soul music the rhythm and expressiveness-the very feeling-has become an important part of our culture and a vital part of our heritage our nation owes a great debt of gratitude to those who preserve and bring to life gospel music in our churches in recordings in concerts and through the media it is in our national interest to promote and support gospel music so that generations to come may enjoy and appreciate it in so doing we will gain a greater understanding of the breadth and vitality of the human spirit and its indomitable faith as it is expressed through the beauty of song the congress by senate joint resolution 157 has designated the year of 1994 as the year of gospel music and has authorized and requested the president to issue a proclamation in observance of this year now therefore i william j clinton president of the united states of america do hereby proclaim the year of 1994 as the year of gospel music i urge all americans to celebrate gospel music with appropriate ceremonies and activities and to reflect on the role that this music has in reinvigorating and renewing our souls and our communities in witness,Colossians 1:5,"For the hope which is laid up for you in heaven, whereof ye heard before in the word of the truth of the gospel;",0.4856476981920832,MAYBE,,0.4
400,-4830649293503819647,"Proclamation 6082—Human Rights Day, Bill of Rights Day, and Human Rights Week, 1989",George Bush,1989-12-10,proper interest in defending human rights and denouncing abuses of them wherever and whenever they occur our commitment to this obligation is unflagging so this week as we give thanks for the freedom we enjoy as americans let us also renew our determination to value and protect the rights of others now therefore i george,Colossians 1:3,"We give thanks to God and the Father of our Lord Jesus Christ, praying always for you,",0.6150857210844844,MAYBE,,0.6
403,-4979474508079192916,"Proclamation 3079—United Nation Human Rights Day, 1954",Dwight D. Eisenhower,1954-12-03,as today still others strive and die in defense of human dignity against the claims of totalitarian governments let us as free men stand firm in our faith in liberty for all nations and all peoples let us by example and cooperation strengthen the world-wide recognition of human rights as the basis for a lasting,1 Corinthians 2:5,"That your faith should not stand in the wisdom of men, but in the power of God.",0.5099810095838238,MAYBE,,0.6
404,-5010458583148257800,"Proclamation 8339—National Sanctity of Human Life Day, 2009",George W. Bush,2009-01-15,all human life is a gift from our creator that is sacred unique and worthy of protection on national sanctity of human life day our country recognizes that each person including every person waiting to be born has a special,1 Timothy 4:9,This is a faithful saying and worthy of all acceptation.,0.2524904537731697,MAYBE,,0.7
406,-503587681682760223,"Proclamation 3819—Thanksgiving Day, 1967",Lyndon B. Johnson,1967-11-09,we are involved in fidelity to a sacred promise to help a nation which has been the victim of aggression we are proud of the spirit of our men who are risking their lives on asian soil we pray that their sacrifice will be redeemed in an honorable peace and the restoration of a land,Ephesians 4:3,Endeavouring to keep the unity of the Spirit in the bond of peace.,0.3565254619918564,MAYBE,,0.6
408,-5072193894078482595,"Proclamation 9836—Religious Freedom Day, 2019",Donald J. Trump (1st Term),2019-01-15,at my request the secretary of state convened the first-ever ministerial to advance religious freedom we are listening to the voices of those risking their lives for their religious beliefs and we are listening to the families of people who have died fighting for their fundamental right of conscience our,Acts 15:26,Men that have hazarded their lives for the name of our Lord Jesus Christ.,0.1056045963206581,MAYBE,,0.4
411,-5086108282803825927,"Proclamation 5399—National Family Week, 1985",Ronald Reagan,1985-10-28,leaders in industry and all americans to observe this week with appropriate ceremonies and activities as we celebrate this thanksgiving week i also invite all americans to give thanks for the many blessings that they have derived from their family relationships and to reflect upon the importance of maintaining strong families in witness whereof i,Ephesians 1:16,"Cease not to give thanks for you, making mention of you in my prayers;",0.4243300042012592,MAYBE,,0.4
416,-5133541381695664526,"Proclamation 6088—Martin Luther King, Jr., Federal Holiday, 1990",George Bush,1990-01-09,knew that the united states could not remain a free and great nation so long as the rights of any individual are denied he knew that america's promise of freedom and justice for all is rooted in the magnificent design of our creator and he knew that this promise must not be distorted or destroyed by bigotry and discrimination dr king told us that he had a dream we see,Matthew 27:18,For he knew that for envy they had delivered him.,0.1808370594984961,MAYBE,,0.6
421,-5262204250256649929,"Proclamation 5279—National Farm-City Week, 1984",Ronald Reagan,1984-11-13,products it is appropriate that we recognize the interdependence of all those involved in the system with a national farm-city week near thanksgiving as we give thanks for our food in this great land of freedom let us also pause to salute the 23 million americans who work directly in some essential task in agriculture,1 Thessalonians 5:18,In every thing give thanks: for this is the will of God in Christ Jesus concerning you.,0.2326034496741522,MAYBE,,0.6
424,-5337288458897835691,"Proclamation 6802—Prayer for Peace, Memorial Day, 1995",William J. Clinton,1995-05-18,it will guide relations between citizens and friendships among nations and that our people will one day see a time when harmony fills the earth may god comfort all who mourn in respect and recognition of the courageous men and women to whom we pay tribute the congress by joint resolution approved on may 11 1950 64 stat 158 has requested the president to issue a proclamation calling upon the people of the united states to observe each memorial day as a day of prayer for permanent peace and designating a period on that day when the people of the united states might unite in prayer now therefore i william j clinton president of the united states of america do hereby proclaim memorial day may,1 Kings 8:60,"That all the people of the earth may know that the LORD is God, and that there is none else.",0.396004402345672,MAYBE,,0.6
427,-5399093028361262074,Proclamation 9682—Modifying the Grand Staircase-Escalante National Monument,Donald J. Trump (1st Term),2017-12-04,application to a particular parcel of land is held to be invalid the remainder of this proclamation and its application to other parcels of land shall not be affected thereby in witness whereof i have hereunto set my hand this fourth day of december in the year of our lord two thousand seventeen and of,Amos 7:3,"The LORD repented for this: It shall not be, saith the LORD.",0.4589161574560836,MAYBE,,0.6
428,-5399093028361262074,Proclamation 9682—Modifying the Grand Staircase-Escalante National Monument,Donald J. Trump (1st Term),2017-12-04,application to a particular parcel of land is held to be invalid the remainder of this proclamation and its application to other parcels of land shall not be affected thereby in witness whereof i have hereunto set my hand this fourth day of december in the year of our lord two thousand seventeen and of,Amos 7:6,"The LORD repented for this: This also shall not be, saith the Lord GOD.",0.811002148844282,MAYBE,,0.7
429,-5407424272801363089,"Proclamation 4338—National Day of Prayer, 1974",Gerald R. Ford,1974-12-05,be let us pray each in our own way for the strength and the will to meet the challenges that face us today with the same profound faith in god that inspired the founders of this nation let us pray as our fathers prayed for the wisdom to know god's way and the determination to follow it let us pray that god will continue to bless this great and good land as abundantly in the future as he has in the past in 1952 the congress directed the president to,2 Samuel 10:12,"Be of good courage, and let us play the men for our people, and for the cities of our God: and the LORD do that which seemeth him good.",0.1241051401370327,MAYBE,,0.4
433,-5454400319605463730,"Proclamation 9389—Religious Freedom Day, 2016",Barack Obama,2016-01-15,we are calling for the elimination of improper restrictions that suppress religious practice coordinating with governments around the world to promote religious freedom for citizens of every faith and expanding training for our diplomats on how to monitor and advocate for this freedom all people deserve the fundamental dignity of practicing their faith free from fear intimidation and violence on religious freedom day let us recommit ourselves to protecting religious minorities here at home and around the world may we remember those who have been persecuted tortured or murdered for their faith and reject any politics that targets people because of their religion including any suggestion that our laws policies or practices should single out certain faiths for disfavored treatment and as one nation let us state clearly and without equivocation that an attack on any faith is an attack on every faith and come together to promote religious freedom for all now therefore i barack obama president of the united states of america by virtue of the authority vested,Revelation 14:12,"Here is the patience of the saints: here are they that keep the commandments of God, and the faith of Jesus.",0.2311836775042719,MAYBE,,0.6
435,-5514059072264339108,"Proclamation 4337—Bill of Rights Day, Human Rights Day and Week",Gerald R. Ford,1974-12-03,wrote to a friend in 1789 god grant that not only the love of liberty but a thorough knowledge of the rights of man may pervade all the nations of the earth so that a philosopher may set his foot anywhere on its surface and say this is my country franklin's spirit of universality has,Genesis 22:18,And in thy seed shall all the nations of the earth be blessed; because thou hast obeyed my voice.,0.2722208782579871,MAYBE,,0.4
437,-5563410793578707052,"Proclamation 3505—Thanksgiving Day, 1962",John F. Kennedy,1962-11-07,fertility of our harvests for the strength of our liberties for the health of our people we do so in no spirit of self-righteousness we recognize that we are the beneficiaries of the toil and devotion of our fathers and that we can pass their legacy on to our children only by equal toil and,Psalms 103:14,For he knoweth our frame; he remembereth that we are dust.,0.7059940576608893,MAYBE,,0.6
439,-5563410793578707052,"Proclamation 3505—Thanksgiving Day, 1962",John F. Kennedy,1962-11-07,for the health of our people we do so in no spirit of self-righteousness we recognize that we are the beneficiaries of the toil and devotion of our fathers and that we can pass their legacy on to our children only by equal toil and equal devotion we recognize too that we live in a,Acts 5:30,"The God of our fathers raised up Jesus, whom ye slew and hanged on a tree.",0.1686595070951557,MAYBE,,0.6
440,-5563410793578707052,"Proclamation 3505—Thanksgiving Day, 1962",John F. Kennedy,1962-11-07,that we live in a world of peril and change--and in so uncertain a time we are all the more grateful for the indestructible gifts of hope and love which sustain us in adversity and inspire us to labor unceasingly for a more perfect community within this nation and around the earth now therefore i,Colossians 1:4,"Since we heard of your faith in Christ Jesus, and of the love which ye have to all the saints,",0.2399716152548935,MAYBE,,0.7
443,-5594751782945818414,Proclamation 2256—Convening the Congress in Extra Session,Franklin D. Roosevelt,1937-10-12,in witness whereof i have hereunto set my hand and caused to be affixed the great seal of the united states done at the city of washington this 12th day of october in the year of our lord nineteen hundred and thirty-seven and of the independence of the united states,Psalms 48:1,"Great is the LORD, and greatly to be praised in the city of our God, in the mountain of his holiness.",0.1098833130381178,MAYBE,,0.6
444,-5625089195048884229,"Proclamation 2909—Thanksgiving Day, 1950",Harry S Truman,1950-10-19,hallowed by faithful observance throughout the years it is fitting that once again at this season we set aside a day for giving thanks to god for the many blessings which he has bestowed upon us we are deeply grateful for the bounties of our soil for the unequalled production,1 Thessalonians 1:2,"We give thanks to God always for you all, making mention of you in our prayers;",0.5809812754359464,MAYBE,,0.6
445,-5625089195048884229,"Proclamation 2909—Thanksgiving Day, 1950",Harry S Truman,1950-10-19,hallowed by faithful observance throughout the years it is fitting that once again at this season we set aside a day for giving thanks to god for the many blessings which he has bestowed upon us we are deeply grateful for the bounties of our soil for the unequalled production,Colossians 1:3,"We give thanks to God and the Father of our Lord Jesus Christ, praying always for you,",0.468858057785615,MAYBE,,0.6
447,-5625089195048884229,"Proclamation 2909—Thanksgiving Day, 1950",Harry S Truman,1950-10-19,thanksgiving and i call upon every citizen to offer thanks to god for his gracious guidance and help again i ask all my countrymen to appeal to the most high that the god of our fathers who has blessed this land beyond all others will in his infinite mercy grant to all nations that peace,2 Samuel 22:14,"The LORD thundered from heaven, and the most High uttered his voice.",0.2481254378411718,MAYBE,,0.4
449,-5625089195048884229,"Proclamation 2909—Thanksgiving Day, 1950",Harry S Truman,1950-10-19,every citizen to offer thanks to god for his gracious guidance and help again i ask all my countrymen to appeal to the most high that the god of our fathers who has blessed this land beyond all others will in his infinite mercy grant to all nations that peace which the world cannot give,Romans 15:33,Now the God of peace be with you all. Amen.,0.4878525101897204,MAYBE,,0.6
450,-5641633958980470582,"Proclamation 9629—National Korean War Veterans Armistice Day, 2017",Donald J. Trump (1st Term),2017-07-26,2017 as national korean war veterans armistice day i call upon all americans to observe this day with appropriate ceremonies and activities that honor and give thanks to our distinguished korean war veterans in witness whereof i have hereunto set my hand this twenty-sixth day of july in the year of our lord two thousand,Colossians 1:3,"We give thanks to God and the Father of our Lord Jesus Christ, praying always for you,",0.2204457954686726,MAYBE,,0.4
456,-5725037500981164821,"Proclamation 7088—National Day of Prayer, 1998",William J. Clinton,1998-04-29,across our country people of every religious denomination gather to worship according to their faith in churches synagogues temples and mosques americans come together to pray we pray for the health and happiness of loved ones for inner peace and peace among nations and for the wisdom and courage to face the challenges of the,Psalms 122:6,Pray for the peace of Jerusalem: they shall prosper that love thee.,0.2772662208366605,MAYBE,,0.4
461,-5857418301364193925,"Proclamation 6125—Law Day, U.S.A., 1990",George Bush,1990-05-01,free open and just society in a rapidly changing and complex world the generations of justice theme also underscores our obligation to guarantee justice and equal protection under the law for all americans regardless of age sex race or creed as we reflect on the theme of generations of justice we are especially mindful of,Galatians 4:5,"To redeem them that were under the law, that we might receive the adoption of sons.",0.3037317626341642,MAYBE,,0.6
463,-5865188169401532287,"Proclamation 3774—Pan American Day and Pan American Week, 1967",Lyndon B. Johnson,1967-03-31,the alliance for progress we are cheered by success and encouraged in the task that lies ahead with the confidence born of achievement we know that we can prepare a better world for the new generation of americans who will come after us we look to the 60 of latin america's 245 million people who are now under the age of 25 and we know that the task of meeting their aspirations is great but we also know that we have forged the tools to do the task and there is promise in what we see the sustaining arm of education is reaching out to,1 John 5:15,"And if we know that he hear us, whatsoever we ask, we know that we have the petitions that we desired of him.",0.2169958581033135,MAYBE,,0.6
467,-5921653962882317413,"Proclamation 8966—Jewish American Heritage Month, 2013",Barack Obama,2013-04-30,incredible advances in science and the arts teachings from the torah lit the way toward a more perfect union from women's rights to workers rights to the end of segregation that story is still unfolding today jewish americans continue to guide our country's progress as scientists and teachers public servants and private citizens wise leaders,Psalms 37:37,"Mark the perfect man, and behold the upright: for the end of that man is peace.",0.1208195545097385,MAYBE,,0.6
468,-5921793915523547372,"Proclamation 4087—National Day of Prayer, 1971",Richard Nixon,1971-10-12,man alone in this work man needs god the supreme reconciler the bible tells us god is the source of reconciliation in whom all things are one under the fatherhood of god there flourishes the brotherhood of man the world yearns for reconciliation and for the renewal and the solidarity,1 Corinthians 3:21,Therefore let no man glory in men. For all things are yours;,0.6750391358569572,MAYBE,,0.4
472,-5961239918647834101,"Proclamation 10726—National Former Prisoner of War Recognition Day, 2024","Joseph R. Biden, Jr.",2024-04-08,missing or unaccounted for we pledge to keep faith in all these heroes and their families-just as they have kept ultimate faith in our nation may god bless our former prisoners of war and their families caregivers and survivors-and may god protect our troops now therefore i joseph r biden jr president of the united states of america by virtue of the authority vested in me by the constitution and,Galatians 3:26,For ye are all the children of God by faith in Christ Jesus.,0.4760163858000669,MAYBE,,0.6
475,-5970810576217208140,"Proclamation 9827—Thanksgiving Day, 2018",Donald J. Trump (1st Term),2018-11-20,providing words of encouragement we are especially reminded on thanksgiving of how the virtue of gratitude enables us to recognize even in adverse situations the love of god in every person every creature and throughout nature let us be mindful of the reasons we are grateful for our lives for those around us and for our communities we also commit to treating all with charity and mutual respect spreading the spirit of thanksgiving throughout our,1 John 3:16,"Hereby perceive we the love of God, because he laid down his life for us: and we ought to lay down our lives for the brethren.",0.4902541154736097,MAYBE,,0.6
477,-5970810576217208140,"Proclamation 9827—Thanksgiving Day, 2018",Donald J. Trump (1st Term),2018-11-20,22 2018 as a national day of thanksgiving i encourage all americans to gather in homes and places of worship to offer a prayer of thanks to god for our many blessings in witness whereof i have hereunto set my hand this twentieth day of november in the year of our lord two thousand eighteen,Colossians 1:3,"We give thanks to God and the Father of our Lord Jesus Christ, praying always for you,",0.740567237668822,MAYBE,,0.6
485,-6020853297070345210,"Proclamation 3077—Thanksgiving Day, 1954",Dwight D. Eisenhower,1954-11-06,day of national thanksgiving and i call upon all our citizens to observe the day with prayer let us demonstrate in our lives our humble thanks to god for his beneficence in the year which is past and let us ask his guidance in the year to come in witness whereof i have hereunto set,2 Corinthians 9:15,Thanks be unto God for his unspeakable gift.,0.6404824726843499,MAYBE,,0.6
487,-606101741307492927,Proclamation 9683—Recognizing Jerusalem as the Capital of the State of Israel and Relocating the United States Embassy to Israel to Jerusalem,Donald J. Trump (1st Term),2017-12-06,me by the constitution and the laws of the united states do hereby proclaim that the united states recognizes jerusalem as the capital of the state of israel and that the united states embassy to israel will be relocated to jerusalem as soon as practicable in witness whereof i have hereunto set my hand this,1 Kings 6:13,"And I will dwell among the children of Israel, and will not forsake my people Israel.",0.4897512942615817,MAYBE,,0.6
489,-6087789122195585265,"Proclamation 5859—National Hispanic Heritage Week, 1988",Ronald Reagan,1988-09-13,reflect on the many and varied cultural heritages of hispanic americans and on the continuing and growing part these citizens play in affirming america's heritage of faith freedom brotherhood and opportunity and in creating that heritage anew hispanic americans give many gifts to our nation such as perpetuating the traditions of their ancestral homelands and offering a great array of talents and insights as they achieve and excel in every area of endeavor but perhaps their most notable gift is their testimony about the power of the american dream to inspire miracles the accomplishments of hispanic americans through the years remind all of us that in america we are blessed,1 Corinthians 2:5,"That your faith should not stand in the wisdom of men, but in the power of God.",0.114733660612047,MAYBE,,0.4
493,-6195752173299124956,"Proclamation 3283—United Nations Day, 1959",Dwight D. Eisenhower,1959-04-18,whereas the united nations is identified with the profound hope of the world's peoples that they might live together in peace resolving their differences in the spirit of conciliation and equity and freely pursuing their just aspirations for material and social progress and whereas the united nations and its specialized agencies have responded to that,Ephesians 4:3,Endeavouring to keep the unity of the Spirit in the bond of peace.,0.6516886383030084,MAYBE,,0.6
495,-6218453083723964155,"Proclamation 6877—National Day of Prayer, 1996",William J. Clinton,1996-04-02,survival of freedom and sustaining faith in an often hostile world-and we continue to pray as they did for the blessings of a just and benevolent god to guide our nation's course this occasion calls us to affirm our country's spiritual roots and to humbly express our gratitude to the source of our abundant good fortune as we seek to renew the values that have long strengthened america's families and communities let us reach out to god and to one another for wisdom and courage we should celebrate this day in the tradition of our founders who believed that god governs in the affairs of men and women and who based their greatest hopes dreams and aspirations on the surety of divine protection the congress by public law 100-307 has called on our citizens to reaffirm annually our dependence on almighty god by recognizing a national day of prayer now therefore i william j clinton president of the united states of america do hereby proclaim may 2 1996 as a national day of prayer i encourage every citizen of this great nation to pray each in his or her own manner seeking strength from god to face the challenges of today requesting guidance for the uncertainties of tomorrow and giving thanks for the rich blessings that our nation has enjoyed,2 Corinthians 1:12,"For our rejoicing is this, the testimony of our conscience, that in simplicity and godly sincerity, not with fleshly wisdom, but by the grace of God, we have had our conversation in the world, and more abundantly to you-ward.",0.3891123476429166,MAYBE,,0.4
497,-6218453083723964155,"Proclamation 6877—National Day of Prayer, 1996",William J. Clinton,1996-04-02,survival of freedom and sustaining faith in an often hostile world-and we continue to pray as they did for the blessings of a just and benevolent god to guide our nation's course this occasion calls us to affirm our country's spiritual roots and to humbly express our gratitude to the source of our abundant good fortune as we seek to renew the values that have long strengthened america's families and communities let us reach out to god and to one another for wisdom and courage we should celebrate this day in the tradition of our founders who believed that god governs in the affairs of men and women and who based their greatest hopes dreams and aspirations on the surety of divine protection the congress by public law 100-307 has called on our citizens to reaffirm annually our dependence on almighty god by recognizing a national day of prayer now therefore i william j clinton president of the united states of america do hereby proclaim may 2 1996 as a national day of prayer i encourage every citizen of this great nation to pray each in his or her own manner seeking strength from god to face the challenges of today requesting guidance for the uncertainties of tomorrow and giving thanks for the rich blessings that our nation has enjoyed,Galatians 3:26,For ye are all the children of God by faith in Christ Jesus.,0.1273271296000825,MAYBE,,0.5
498,-6218453083723964155,"Proclamation 6877—National Day of Prayer, 1996",William J. Clinton,1996-04-02,survival of freedom and sustaining faith in an often hostile world-and we continue to pray as they did for the blessings of a just and benevolent god to guide our nation's course this occasion calls us to affirm our country's spiritual roots and to humbly express our gratitude to the source of our abundant good fortune as we seek to renew the values that have long strengthened america's families and communities let us reach out to god and to one another for wisdom and courage we should celebrate this day in the tradition of our founders who believed that god governs in the affairs of men and women and who based their greatest hopes dreams and aspirations on the surety of divine protection the congress by public law 100-307 has called on our citizens to reaffirm annually our dependence on almighty god by recognizing a national day of prayer now therefore i william j clinton president of the united states of america do hereby proclaim may 2 1996 as a national day of prayer i encourage every citizen of this great nation to pray each in his or her own manner seeking strength from god to face the challenges of today requesting guidance for the uncertainties of tomorrow and giving thanks for the rich blessings that our nation has enjoyed,Proverbs 2:17,"Which forsaketh the guide of her youth, and forgetteth the covenant of her God.",0.1042299546499403,MAYBE,,0.4
500,-6230884099121553828,Proclamation 9256—Day of Remembrance for President Abraham Lincoln,Barack Obama,2015-04-14,remembrance for president abraham lincoln i call upon all americans to honor his life and legacy with appropriate programs ceremonies and activities i also call upon the governors of the united states and its territories and appropriate officials of all units of government to direct that the flag be flown,Romans 10:13,For whosoever shall call upon the name of the Lord shall be saved.,0.7235509074626147,MAYBE,,0.6
503,-6294995499601520536,Proclamation 10140—A National Day of Unity,"Joseph R. Biden, Jr.",2021-01-20,not as adversaries but as fellow americans for the world to see with unity we can lead not just by the example of our power but by the power of our example as we start the hard work to be done i pray this moment gives us the strength to rebuild this house of ours upon a rock that can never be washed away and as in the prayer of st francis for where there is discord union where there is doubt faith where there is darkness light on this inauguration day i swear an oath to be a president for all americans and ask every american to join me,1 Corinthians 2:5,"That your faith should not stand in the wisdom of men, but in the power of God.",0.121821866965453,MAYBE,,0.6
504,-6309248643773707414,"Proclamation 6090—National Sanctity of Human Life Day, 1990",George Bush,1990-01-19,upon all americans to reflect on the sanctity of human life in all its stages and to gather in homes and places of worship to give thanks for the gift of life and reaffirm our commitment to respect for life and the dignity of every human being in witness whereof i have hereunto set my,1 Thessalonians 5:18,In every thing give thanks: for this is the will of God in Christ Jesus concerning you.,0.4565181662244443,MAYBE,,0.6
509,-636615643145936703,"Proclamation 6104—National Day of Prayer, 1990",George Bush,1990-03-06,the truth of his words our nation's history and the lives of millions of men and women around the world provide compelling evidence of the power of faith and the efficacy of prayer the bible tells us what we have often seen for ourselves that god answers the prayers of those who place their trust,1 Corinthians 2:5,"That your faith should not stand in the wisdom of men, but in the power of God.",0.4275022365866736,MAYBE,,0.6
510,-636615643145936703,"Proclamation 6104—National Day of Prayer, 1990",George Bush,1990-03-06,provide compelling evidence of the power of faith and the efficacy of prayer the bible tells us what we have often seen for ourselves that god answers the prayers of those who place their trust in him in the old testament story of hannah and samuel and the new testament parable of the prodigal son,Psalms 72:20,The prayers of David the son of Jesse are ended.,0.6620315537267817,MAYBE,,0.4
512,-636615643145936703,"Proclamation 6104—National Day of Prayer, 1990",George Bush,1990-03-06,his or her little ones and thanked him for their safekeeping our ancestors believed that in the lives of nations as well as individuals the love of god is a great parental love like this they saw history as the place where our creator looks for his children longing for them to come to him,Titus 3:4,"But after that the kindness and love of God our Saviour toward man appeared,",0.1547392347237149,MAYBE,,0.6
515,-636615643145936703,"Proclamation 6104—National Day of Prayer, 1990",George Bush,1990-03-06,divine providence remembering the words of the psalmist how excellent is thy loving kindness o god therefore the children of men put their trust under the shadow of thy wings since the approval of the joint resolution of the congress on april 17 1952 calling for the designation of a specific day to be set,Psalms 17:8,"Keep me as the apple of the eye, hide me under the shadow of thy wings,",0.4601973842930406,MAYBE,,0.6
517,-6456879131802285416,Proclamation 10534—Establishment of the Castner Range National Monument,"Joseph R. Biden, Jr.",2023-03-21,including application to a particular parcel of land is held to be invalid the remainder of this proclamation and its application to other parcels of land shall not be affected thereby in witness whereof i have hereunto set my hand this twenty-first day of march in the year of our lord two thousand twenty-three and,Amos 7:3,"The LORD repented for this: It shall not be, saith the LORD.",0.4351945540101196,MAYBE,,0.6
518,-6456879131802285416,Proclamation 10534—Establishment of the Castner Range National Monument,"Joseph R. Biden, Jr.",2023-03-21,including application to a particular parcel of land is held to be invalid the remainder of this proclamation and its application to other parcels of land shall not be affected thereby in witness whereof i have hereunto set my hand this twenty-first day of march in the year of our lord two thousand twenty-three and,Amos 7:6,"The LORD repented for this: This also shall not be, saith the Lord GOD.",0.6302691747225525,MAYBE,,0.7
519,-6466332226780367108,"Proclamation 6401—Martin Luther King, Jr., Federal Holiday, 1992",George Bush,1992-01-17,potential of each individual sharing the faith that had been nurtured in him from youth he declared that the key to peace on earth and good will toward men is the affirmation of the sacredness of all human life every man is somebody because he is a child of god that message is worth repeating,Luke 2:14,"Glory to God in the highest, and on earth peace, good will toward men.",0.957434160724441,MAYBE,,0.6
523,-6526416754366827974,"Proclamation 9420—Pan American Day and Pan American Week, 2016",Barack Obama,2016-04-08,common cause and possibility not by our leaders but by the citizens of the americas and the interests we share let us move forward as one people in a spirit of unity and cooperation together we can reach a future in which every young person-from argentina to alaska-knows peace dignity and opportunity and can embark,Ephesians 4:3,Endeavouring to keep the unity of the Spirit in the bond of peace.,0.3096721062614267,MAYBE,,0.6
527,-661831115697650787,"Proclamation 5661—Prayer for Peace, Memorial Day, 1987",Ronald Reagan,1987-05-21,the sons and daughters of our land who have perished in the cause of liberty country and peace the cause that has called americans from generation to generation we do so for the nation that was home to these heroes and heroines the nation that gave them their birthright of freedom we do so for,Luke 1:50,And his mercy is on them that fear him from generation to generation.,0.3700843800705549,MAYBE,,0.6
528,-662354789050398407,Proclamation 2107—Thanksgiving Day,Franklin D. Roosevelt,1934-11-15,as a day of thanksgiving for the people of the nation thus to set aside in the autumn of each year a day on which to give thanks to almighty god for the blessings of life is a wise and reverent custom long cherished by our people it is fitting that we should again observe,1 Thessalonians 1:2,"We give thanks to God always for you all, making mention of you in our prayers;",0.6351751727065699,MAYBE,,0.4
529,-662354789050398407,Proclamation 2107—Thanksgiving Day,Franklin D. Roosevelt,1934-11-15,as a day of thanksgiving for the people of the nation thus to set aside in the autumn of each year a day on which to give thanks to almighty god for the blessings of life is a wise and reverent custom long cherished by our people it is fitting that we should again observe,Colossians 1:3,"We give thanks to God and the Father of our Lord Jesus Christ, praying always for you,",0.1132747823604118,MAYBE,,0.3
531,-662354789050398407,Proclamation 2107—Thanksgiving Day,Franklin D. Roosevelt,1934-11-15,reality more greatly have we turned our hearts and minds to things spiritual we can truly say what profiteth it a nation if it gain the whole world and lose its own soul with gratitude in our hearts for what has already been achieved may we with the help of god dedicate ourselves anew to,Luke 9:25,"For what is a man advantaged, if he gain the whole world, and lose himself, or be cast away?",0.1670619652673437,MAYBE,,0.6
535,-6649122628137501283,"Proclamation 10653—National Character Counts Week, 2023","Joseph R. Biden, Jr.",2023-10-13,most fundamental principles e pluribus unum-out of many one every day americans prove that we are a good nation because we are good people i have seen firsthand the incredible character of firefighters police officers service members and their families each of whom sacrifice every day to protect the rest of us i have seen that very character in nurses and doctors who are a source of light and hope for so many enduring hard times i have seen it in artists scholars and journalists who dare to tell the truth of our nation i have seen it in the union workers who fight to make sure all of us get the dignity and respect we deserve i have seen it in mothers fathers and caregivers who work hard to build a future worthy of their children's greatest dreams i have seen it in all the teachers who go above and beyond to help students believe in themselves i have seen it in our country's young people-the most talented tolerant and educated generation in history americans with exemplary character abound in our nation that is,Psalms 119:96,I have seen an end of all perfection: but thy commandment is exceeding broad.,0.1169575785401645,MAYBE,,0.6
538,-6724207042868201200,"Proclamation 9155—National Childhood Cancer Awareness Month, 2014",Barack Obama,2014-08-29,providers and advocates who support them as we work toward a tomorrow where all children are able to pursue their full measure of happiness without the burden of cancer now therefore i barack obama president of the united states of america by virtue of the authority vested in me by the constitution and the laws,Malachi 1:1,The burden of the word of the LORD to Israel by Malachi.,0.1126759685434264,MAYBE,,0.6
542,-673942849284362994,"Proclamation 4418—Red Cross Month, 1976",Gerald R. Ford,1976-02-25,"for nearly half of our nation's two hundred years the american red cross has re­flected the concerns of the american people by dedicating itself to the ease and pre­vention of human suffering in war and in peace this good neighbor has ministered to the anguish of those who are tragically affected by circumstances beyond their con­trol it has undertaken to prevent distress and has striven to preserve health and safety the red cross always has been a dependable source of assistance to the federal gov­ernment and other organizations and agencies seeking ways to serve our people in this our bicentennial year we salute the american red cross for its history of compassionate concern and its continuing pioneer spirit that brings vigor to the un­ending quest for better ways in which to meet human needs in 1976 the american red cross is at the forefront of voluntary citizen action the services of over one million volunteers have made possible the changes innova­tions and adaptations necessary to improve its effectiveness while many traditional facets of its assistance continue to fulfill a basic requirement the red cross has broad­ened its efforts beyond direct service to ease suffering today it actively seeks to help eradicate causes of recurrent but preventable health safety and disaster problems march is traditionally red cross month in that time period more than 1,600 red cross chapters will campaign for funds other chapters in partnership with united way will be seeking volunteers for their various programs and services i know that all americans will show the red cross that they too are good neighbors now therefore i gerald r ford president of the united states of america and honorary chairman of the american national red cross do hereby designate march 1976 as red cross month i urge all americans to give their generous support to the work of their local red cross chapters in witness whereof i have hereunto set my hand this twenty-fifth day of february in the year of our lord nineteen hundred seventy-six and of the independence of the united states of america the two hundredth gerald r ford gerald r ford proclamation 4418-red cross month 1976",Philippians 3:18,"(For many walk, of whom I have told you often, and now tell you even weeping, that they are the enemies of the cross of Christ:",0.7189290072086535,MAYBE,,0.6
543,-6741244801401847540,Proclamation 3853—Death of Robert F. Kennedy,Lyndon B. Johnson,1968-06-06,to the people of the united states a noble and compassionate leader a good and faithful servant of the people in the full vigor of his promise lies dead from,Isaiah 55:4,"Behold, I have given him for a witness to the people, a leader and commander to the people.",0.4542781727129042,MAYBE,,0.4
546,-6748098247505016608,"Proclamation 10697—Religious Freedom Day, 2024","Joseph R. Biden, Jr.",2024-01-12,to be a citadel of liberty and a beacon of freedom on religious freedom day we renew our pledge to protect that right by ensuring each person of any faith or belief can live out the deepest convictions of their conscience with dignity and respect like so many americans faith has sustained me throughout my life-serving as a reminder of both our collective purpose and our responsibilities to one another but for far too many people today practicing their faith means facing fear and intimidation in recent years hate has been given too much oxygen this year in the wake of hamas brutal terrorist assault,1 Corinthians 2:5,"That your faith should not stand in the wisdom of men, but in the power of God.",0.358016520324257,MAYBE,,0.4
552,-6789752428610941205,"Proclamation 8012—National Day of Prayer, 2006",George W. Bush,2006-05-03,throughout our nation's history our citizens have prayed and come together before god to offer him gratitude reflect on his will seek his aid and respond to his grace on this national day of prayer we thank god for his many blessings and his care of our country god has greatly blessed the american people,John 1:16,"And of his fulness have all we received, and grace for grace.",0.8773568331302385,MAYBE,,0.4
557,-6817078376755401758,"Proclamation 10319—National Pearl Harbor Remembrance Day, 2021","Joseph R. Biden, Jr.",2021-12-03,defended our nation and recommit ourselves to carrying forth the ensuing peace and reconciliation that brought a better future for our world today we give thanks to the greatest generation who guided our nation through some of our darkest moments and laid the foundations of an international system that has,Colossians 1:3,"We give thanks to God and the Father of our Lord Jesus Christ, praying always for you,",0.442106324742034,MAYBE,,0.6
560,-6884153204165273603,"Proclamation 6668—National Day of Prayer, 1994",William J. Clinton,1994-04-12,gather each in his or her own manner to recognize our blessings acknowledge our wrongs to remember the needy to seek guidance for our challenging future and to give thanks for the abundance we have enjoyed throughout our history in witness whereof i have hereunto set my hand this twelfth day of april in the,Ephesians 1:16,"Cease not to give thanks for you, making mention of you in my prayers;",0.8435367330709462,MAYBE,,0.7
564,-6897936039930823285,"Proclamation 6397—National Sanctity of Human Life Day, 1992",George Bush,1991-12-20,all americans to reflect on the sanctity of human life in all its stages and to gather in homes and places of worship to give thanks for the gift of life and to reaffirm our commitment to respect the life and dignity of every human being in witness whereof i,Ephesians 1:16,"Cease not to give thanks for you, making mention of you in my prayers;",0.7986849241113835,MAYBE,,0.4
569,-6921353376616891963,"Proclamation 5642—Father's Day, 1987",Ronald Reagan,1987-04-28,these tasks out of love and for their wages they want most the love and honor of their children and the respect of their community with these they can find peace and joy in the,Job 3:22,"Which rejoice exceedingly, and are glad, when they can find the grave?",0.1777890435958286,MAYBE,,0.6
570,-6930161299389370769,Proclamation 6661—National Day of Reconciliation,William J. Clinton,1994-04-03,and not too intolerant to seek reconciliation too many of our children hunger for lives with order and meaning they are easy prey to anger and narrow-mindedness to violence and to impulses that debase their own lives and others too many in their own struggle to survive cannot imagine a world that is safe secure and full of hope we must do better than this happily most of our children still face the world with courage and hope they want to grow up to be,Psalms 145:8,"The LORD is gracious, and full of compassion; slow to anger, and of great mercy.",0.241528392606084,MAYBE,,0.4
574,-6982545774256140425,"Proclamation 3571—Law Day, U.S.A.—1964",Lyndon B. Johnson,1964-01-16,justice under law in their relations with each other and with other nations and to cultivate that respect for law that is so vital to the democratic way of life the educational objectives of law day u.s.a are of fundamental importance to our nation respect for law is the condition upon which our whole social order depends observance of the law is essential to public order and to the strengthening of the individual rights of our citizens a viable democracy requires understanding of the nature,Proverbs 6:23,For the commandment is a lamp; and the law is light; and reproofs of instruction are the way of life:,0.6301529798592724,MAYBE,,0.6
578,-6995171946922121529,"Proclamation 6879—National Former Prisoner of War Recognition Day, 1996",William J. Clinton,1996-04-05,throughout our history america's armed forces have stood proudly in defense of the united states and of freedom everywhere countless courageous service men and women have given their lives for our nation and many others have sacrificed their own freedom as prisoners of war so that the cause of liberty might prevail enduring with patience,Acts 15:26,Men that have hazarded their lives for the name of our Lord Jesus Christ.,0.1171937638874728,MAYBE,,0.6
581,-7108187768050258728,"Proclamation 6589—Commodore John Barry Day, 1993",William J. Clinton,1993-09-13,was also an enthusiastic supporter of american independence and when the revolutionary war began he readily volunteered for service and became one of the first captains of the continental navy captain barry served bravely and with distinction throughout the course of the war while commanding the brig lexington he captured the british sloop edward in,1 Chronicles 27:3,Of the children of Perez was the chief of all the captains of the host for the first month.,0.110810966105571,MAYBE,,0.4
583,-711446844337697848,"Proclamation 10360—National Donate Life Month, 2022","Joseph R. Biden, Jr.",2022-03-31,uncertainty can be excruciating exacting a physical and emotional toll on the potential recipient and their loved ones during national donate life month we give thanks to the families and friends of donors who have supported their loved one's decision to save lives by donating we show our appreciation for,Colossians 1:3,"We give thanks to God and the Father of our Lord Jesus Christ, praying always for you,",0.1902156552198697,MAYBE,,0.6
584,-711446844337697848,"Proclamation 10360—National Donate Life Month, 2022","Joseph R. Biden, Jr.",2022-03-31,uncertainty can be excruciating exacting a physical and emotional toll on the potential recipient and their loved ones during national donate life month we give thanks to the families and friends of donors who have supported their loved one's decision to save lives by donating we show our appreciation for the professionals who serve the,Psalms 136:3,O give thanks to the Lord of lords: for his mercy endureth for ever.,0.1357257149679653,MAYBE,,0.7
585,-7115253303729134158,"Proclamation 9795—National Substance Abuse Prevention Month, 2018",Donald J. Trump (1st Term),2018-09-28,helping overcome addiction in our country this past june we launched a public awareness campaign directed toward our nation's vulnerable young people helping them know the truth and spread the truth about the risks of opioid abuse in august we awarded a record-breaking 90.9 million to 731 drug-free communities coalitions across all 50 states to,John 8:32,"And ye shall know the truth, and the truth shall make you free.",0.1279296366762332,MAYBE,,0.4
586,-7118201636513443661,"Proclamation 10023—Loyalty Day, 2020",Donald J. Trump (1st Term),2020-04-30,our nation through trying times an army of doctors nurses truckers clerks scientists service workers researchers and first responders are doing everything in their power to heal the sick find a cure and care for the needs of every american-often at grave risk to themselves all across our country americans,Mark 3:15,"And to have power to heal sicknesses, and to cast out devils:",0.1916521673759843,MAYBE,,0.3
588,-7195269361823688041,"Proclamation 3194—National Day of Prayer, 1957",Dwight D. Eisenhower,1957-08-08,whereas we are grateful for the faith in which our fathers found their strength and for the hope which has guided our nation from the earliest days and whereas it is a good thing for a people unitedly to remember their heritage of spirit and,Galatians 5:5,For we through the Spirit wait for the hope of righteousness by faith.,0.1031508408463099,MAYBE,,0.4
590,-7195269361823688041,"Proclamation 3194—National Day of Prayer, 1957",Dwight D. Eisenhower,1957-08-08,for the hope which has guided our nation from the earliest days and whereas it is a good thing for a people unitedly to remember their heritage of spirit and to refresh themselves daily in the divine truth which is their most precious inheritance and whereas in our steady drive for enduring peace among men,Ephesians 4:3,Endeavouring to keep the unity of the Spirit in the bond of peace.,0.2545218731607074,MAYBE,,0.6
592,-7195269361823688041,"Proclamation 3194—National Day of Prayer, 1957",Dwight D. Eisenhower,1957-08-08,the earth bringing happiness to the home of the humblest family and to the courts of the almighty let us pray with eager expectation that we may be inspired to sacrifice at home and abroad to achieve a life worthy of the children of god for all men everywhere in witness whereof i have hereunto set my hand and caused the seal of the united states of america to be affixed done at the city,2 Thessalonians 3:2,And that we may be delivered from unreasonable and wicked men: for all men have not faith.,0.1819132755321161,MAYBE,,0.6
593,-7195269361823688041,"Proclamation 3194—National Day of Prayer, 1957",Dwight D. Eisenhower,1957-08-08,the earth bringing happiness to the home of the humblest family and to the courts of the almighty let us pray with eager expectation that we may be inspired to sacrifice at home and abroad to achieve a life worthy of the children of god for all men everywhere in witness whereof i have hereunto set my hand and caused the seal of the united states of america to be,Job 33:4,"The spirit of God hath made me, and the breath of the Almighty hath given me life.",0.5924528912746223,MAYBE,,0.7
594,-7195269361823688041,"Proclamation 3194—National Day of Prayer, 1957",Dwight D. Eisenhower,1957-08-08,of the almighty let us pray with eager expectation that we may be inspired to sacrifice at home and abroad to achieve a life worthy of the children of god for all men everywhere in witness whereof i have hereunto set my hand and caused the seal of the united states of america to be,Romans 8:16,"The Spirit itself beareth witness with our spirit, that we are the children of God:",0.460044275900455,MAYBE,,0.6
600,-7229870597284592056,Proclamation 3772—Youth Temperance Education Week,Lyndon B. Johnson,1967-03-24,to discipline their impulses and desires to direct them toward the constructive purpose and the creative challenge during this week set aside as youth temperance education week let us consider how we may help our youngsters develop the moral and spiritual strength proudly to accept the challenge to build a better future for all mankind,Hebrews 10:24,And let us consider one another to provoke unto love and to good works:,0.3249267349960247,MAYBE,,0.4
604,-7283563448335704442,"Proclamation 7547—National Day of Prayer, 2002",George W. Bush,2002-04-26,courage and generosity in the face of terrorist attacks prayer provided americans with hope and strength for the journey ahead god has blessed our nation beyond measure we give thanks for our families and loved ones for the abundance of our land and the fruits of labor for our inalienable rights and liberties and for a great nation that leads the world in efforts to preserve those rights and liberties we give thanks for all those across the world who have joined with america in the fight against terrorism we give thanks for the men and women of our military who are fighting to defend our nation and the future of civilization we continue to,Colossians 1:3,"We give thanks to God and the Father of our Lord Jesus Christ, praying always for you,",0.3478904518222163,MAYBE,,0.6
610,-7310365785566262839,Proclamation 8015—Suspension of Entry as Immigrants and Nonimmigrants of Persons Responsible for Policies or Actions That Threaten the Transition to Democracy in Belarus,George W. Bush,2006-05-12,2 section 1 of this proclamation shall not apply with respect to any person otherwise covered by section 1 where entry of such person would not be contrary to the interest of the united states sec 3 persons covered by sections 1 and 2 of this proclamation shall be identified by the secretary of state,Acts 18:13,"Saying, This fellow persuadeth men to worship God contrary to the law.",0.1349976756142612,MAYBE,,0.6
611,-7331029624315453783,"Proclamation 8553—National Wilderness Month, 2010",Barack Obama,2010-08-31,we must ensure that future generations can experience the tranquility and grandeur of america's natural places as we resolve to meet this responsibility let us also reflect on the ways in which our lives have been enriched by the gift of the american wilderness now therefore i barack obama president,Galatians 5:25,"If we live in the Spirit, let us also walk in the Spirit.",0.2215966662669853,MAYBE,,0.5
612,-7347358432023185250,"Proclamation 2996—Thanksgiving Day, 1952",Harry S Truman,1952-11-08,for the basic freedoms which our citizens can enjoy without fear this year it is especially fitting that we offer a prayer of gratitude for the spirit of unity which binds together all parts of our country and makes us one nation indivisible now therefore i harry s truman president of the united states of,2 Corinthians 3:17,"Now the Lord is that Spirit: and where the Spirit of the Lord is, there is liberty.",0.3491922842320759,MAYBE,,0.4
617,-739881500359451311,"Proclamation 5335—Dr. Jonas E. Salk Day, 1985",Ronald Reagan,1985-05-06,salk day i urge the people of the united states to observe the day with appropriate tributes ceremonies and activities throughout the nation and by paying honor at all times to this outstanding physician and to his life's work in witness whereof i have hereunto set my hand this sixth day of may in the,Psalms 34:1,I will bless the LORD at all times: his praise shall continually be in my mouth.,0.2068747388793623,MAYBE,,0.6
619,-7422777503804533089,"Proclamation 7190—Older Americans Month, 1999",William J. Clinton,1999-04-30,have defended our fundamental values of liberty justice and equality but they also have handed down to younger generations the enduring traditions of community family and love of country that bind our society together long life is a gift we must cherish and a wonderful opportunity and responsibility for which we must prepare i urge,Titus 3:4,"But after that the kindness and love of God our Saviour toward man appeared,",0.2963277321961226,MAYBE,,0.6
622,-7444377226492702543,"Proclamation 10500—Thanksgiving Day, 2022","Joseph R. Biden, Jr.",2022-11-23,proclaim thursday november 24 2022 as a national day of thanksgiving i encourage the people of the united states of america to join together and give thanks for the friends neighbors family members and strangers who have supported each other over the past year in a reflection of goodwill and unity in witness whereof i,Ephesians 1:16,"Cease not to give thanks for you, making mention of you in my prayers;",0.2459839713889986,MAYBE,,0.6
626,-7455019773177212777,"Proclamation 6207—Veterans Day, 1990",George Bush,1990-10-17,and every day of the year to ensure that ours remains a land worth of the great love our veterans have shown for it in order that we may pay due tribute to those who have served in our armed forces the congress has provided a that november 11 of each year shall be set,Psalms 90:12,"So teach us to number our days, that we may apply our hearts unto wisdom.",0.116248489178002,MAYBE,,0.6
629,-7463515944990003304,"Proclamation 10218—Prayer for Peace, Memorial Day, 2021","Joseph R. Biden, Jr.",2021-05-28,homeland and thwart our enemies we must not lose sight of our desire for enduring peace every day countless americans pray and work for peace so that we may one day live in a world where american patriots need not make the ultimate sacrifice and where all people live in freedom and prosperity as a,1 Timothy 2:2,"For kings, and for all that are in authority; that we may lead a quiet and peaceable life in all godliness and honesty.",0.6557227683315823,MAYBE,,0.6
631,-7474169037002522127,Proclamation 6705—50th Anniversary of the Liberation of Guam,William J. Clinton,1994-06-30,the issue is decided on the battlefield toward which all national effort leads the country's fate lies in the hands of its soldier citizens in the clash of battle is found the final test of plans training equipment and-above all-the fighting spirit of units and individuals and it was the spirit of the americans fighting,Jeremiah 50:22,"A sound of battle is in the land, and of great destruction.",0.2289264915680389,MAYBE,,0.6
636,-7544523134734325932,"Proclamation 7303—National Day of Prayer, 2000",William J. Clinton,2000-05-04,across our country and we continue to rely on our faith as a pillar of strength even in this era of unprecedented peace and prosperity we pray for the spirit of reconciliation so that we may overcome the divisions of race religion culture and background that have scarred our society in recent years we pray for the spirit of compassion so that we will reach out to others who have not shared equally in this world's bounteous blessings--those here at home who struggle for economic,Ephesians 4:3,Endeavouring to keep the unity of the Spirit in the bond of peace.,0.7677214093148598,MAYBE,,0.6
637,-7544523134734325932,"Proclamation 7303—National Day of Prayer, 2000",William J. Clinton,2000-05-04,across our country and we continue to rely on our faith as a pillar of strength even in this era of unprecedented peace and prosperity we pray for the spirit of reconciliation so that we may overcome the divisions of race religion culture and background that have scarred our society in recent years we pray for the spirit of compassion so that we will reach out to others who have not shared equally in this world's bounteous blessings--those here at,Psalms 122:6,Pray for the peace of Jerusalem: they shall prosper that love thee.,0.8552913242573759,MAYBE,,0.5
641,-7551095658390775798,"Proclamation 5296—National Day of Prayer, 1985",Ronald Reagan,1985-01-29,his will to peace on earth today our nation is at peace and is enjoying prosperity but our need for prayer is even greater we can give thanks to god for the ever-increasing abundance he has bestowed on us and we can remember all those in our society who are in need of help whether,Colossians 1:3,"We give thanks to God and the Father of our Lord Jesus Christ, praying always for you,",0.3222141049371705,MAYBE,,0.7
642,-7551095658390775798,"Proclamation 5296—National Day of Prayer, 1985",Ronald Reagan,1985-01-29,citizens of this great nation to gather together on that day in homes and places of worship to pray each after his or her own manner for unity of the hearts of all mankind in witness whereof i have hereunto set my hand this twenty-ninth day of january in the year of our lord nineteen,Ephesians 4:3,Endeavouring to keep the unity of the Spirit in the bond of peace.,0.1411873897520888,MAYBE,,0.4
646,-7624508031498964704,"Proclamation 6229—Thanksgiving Day, 1990",George Bush,1990-11-14,welcome them nor inns to entertain or refresh their weatherbeaten bodies no houses or much less towns to repair to and for the season it was winter and they that know the winters of that country know them to be sharp and violent besides what could they see but a,John 10:22,"And it was at Jerusalem the feast of the dedication, and it was winter.",0.7778740718895173,MAYBE,,0.6
648,-7624508031498964704,"Proclamation 6229—Thanksgiving Day, 1990",George Bush,1990-11-14,the spirit of god and his grace they cried to the lord and he heard their voice and looked on their adversity let them therefore praise the lord because he is good and his mercies endure for ever the historic observance of a day of thanksgiving at plymouth in 1621 was one of many occasions,Psalms 116:1,"I love the LORD, because he hath heard my voice and my supplications.",0.3255987876702198,MAYBE,,0.4
658,-7624508031498964704,"Proclamation 6229—Thanksgiving Day, 1990",George Bush,1990-11-14,to country and to defend the cause of liberty now therefore i george bush president of the united states of america do hereby call upon the american people to observe thursday november 22 1990 as a national day of thanksgiving and to gather together in homes and places of worship on that day of thanks to affirm by their prayers and their gratitude the many,Psalms 116:17,"I will offer to thee the sacrifice of thanksgiving, and will call upon the name of the LORD.",0.7520685378918377,MAYBE,,0.6
662,-7708583985724683610,"Proclamation 3807—General Pulaski's Memorial Day, 1967",Lyndon B. Johnson,1967-09-26,one hundred and eighty-eight years ago casimir pulaski gave his life so that a young and valiant nation might live in freedom barely thirty years old when as a polish patriot in exile he came to fight with george washington's revolutionary army general pulaski was richly endowed with the qualities,2 Samuel 5:4,"David was thirty years old when he began to reign, and he reigned forty years.",0.5595276942865148,MAYBE,,0.6
664,-7718480538384812993,"Proclamation 5933—America Loves Its Kids Month, 1989",Ronald Reagan,1989-01-12,due as americans and human beings and the reverence thanks and obedience we owe the almighty for making us his children the scriptures also tell us that we are made in god's image and likeness more than 2 centuries ago our founders echoed that truth when they declared that all men are created equal that,1 John 3:19,"And hereby we know that we are of the truth, and shall assure our hearts before him.",0.5893399443827848,MAYBE,,0.6
667,-7730055886342902606,Proclamation 5284—Conferral of Honorary Citizenship of the United States Upon William Penn and Hannah Callowhill Penn,Ronald Reagan,1984-11-28,experiment based upon representative government public education without regard to race creed sex or ability to pay and the substitution of workhouses for prisons he had a quaker's deep faith in divine guidance and as the leader of the new colony he worked to protect rights of personal conscience and freedom of religion the principles,1 Timothy 3:9,Holding the mystery of the faith in a pure conscience.,0.9394852890780424,MAYBE,,0.6
671,-7773111938560705200,"Proclamation 5844—Thanksgiving Day, 1988",Ronald Reagan,1988-08-04,beneficent author of all the good that was that is or that will be he called upon them to raise prayers and supplications to the great lord and ruler of nations not merely for continued blessings on our own land but on all rulers and nations that they might know good government peace and concord,Psalms 105:21,"He made him lord of his house, and ruler of all his substance:",0.4397084007423697,MAYBE,,0.6
672,-7773111938560705200,"Proclamation 5844—Thanksgiving Day, 1988",Ronald Reagan,1988-08-04,prayers and supplications to the great lord and ruler of nations not merely for continued blessings on our own land but on all rulers and nations that they might know good government peace and concord a century ago president grover cleveland called for prayers and song of praise that would render to god the appreciation,Psalms 105:45,"That they might observe his statutes, and keep his laws. Praise ye the LORD.",0.8524323555822373,MAYBE,,0.4
675,-7773111938560705200,"Proclamation 5844—Thanksgiving Day, 1988",Ronald Reagan,1988-08-04,the midst of activity however necessary and valuable to give simple and humble thanks to god this gracious gratitude is the service of which washington spoke it is a service that opens our hearts to one another as members of,Colossians 1:3,"We give thanks to God and the Father of our Lord Jesus Christ, praying always for you,",0.2763723260945431,MAYBE,,0.4
677,-7773111938560705200,"Proclamation 5844—Thanksgiving Day, 1988",Ronald Reagan,1988-08-04,the face of the earth now inhabit this land their presence illuminates the basic yearning for freedom peace and prosperity that has always been the spirit of the new world in this year when we as a people enjoy the fruits of economic growth and international cooperation let us take time both to remember the,Ephesians 4:3,Endeavouring to keep the unity of the Spirit in the bond of peace.,0.5312695216583978,MAYBE,,0.6
679,-7773111938560705200,"Proclamation 5844—Thanksgiving Day, 1988",Ronald Reagan,1988-08-04,must be understood as the gift of a loving god whose greatest gift is healing let us join then with the psalmist of old o give thanks to the lord call on his name make known his deeds among the peoples sing to him sing praises to him tell of all his wonderful works glory,Psalms 136:3,O give thanks to the Lord of lords: for his mercy endureth for ever.,0.7619728173395952,MAYBE,,0.7
687,-7773111938560705200,"Proclamation 5844—Thanksgiving Day, 1988",Ronald Reagan,1988-08-04,give thanks to the lord call on his name make known his deeds among the peoples sing to him sing praises to him tell of all his wonderful works glory in his holy name let the hearts of those who seek the lord rejoice now therefore i ronald reagan president of the united states of,Psalms 107:31,"Oh that men would praise the LORD for his goodness, and for his wonderful works to the children of men!",0.7515945054991604,MAYBE,,0.6
691,-7773111938560705200,"Proclamation 5844—Thanksgiving Day, 1988",Ronald Reagan,1988-08-04,seek the lord rejoice now therefore i ronald reagan president of the united states of america do hereby proclaim thursday november 24 1988 as a national day of thanksgiving and i call upon the citizens of this great nation to gather together in homes and places of worship on that day of thanks to affirm by their prayers and their,Psalms 116:17,"I will offer to thee the sacrifice of thanksgiving, and will call upon the name of the LORD.",0.571169141334856,MAYBE,,0.6
693,-7829734133533794633,"Proclamation 5989—Father's Day, 1989",George Bush,1989-06-09,though he may be worried about everything from a sick baby to the cost of shoes his children are touched only by his quiet strength and faith in god fathers also provide an example of discipline concern and commitment children learn from their fathers that unconditional love is the foundation of a family and that,Ephesians 6:23,"Peace be to the brethren, and love with faith, from God the Father and the Lord Jesus Christ.",0.1398928699929216,MAYBE,,0.4
697,-7868663879084646710,"Proclamation 5324—National Organ Donation Awareness Week, 1985",Ronald Reagan,1985-04-22,the most precious gift that one human being can bestow upon another is the gift of life it can be given simply by making arrangements to donate our organs or those of our loved ones after death donation of our corneas would give others the gift of sight donation of our kidneys hearts lungs livers and pancreata could save the lives of many people who might otherwise die on several,Ephesians 4:7,But unto every one of us is given grace according to the measure of the gift of Christ.,0.5905532791802561,MAYBE,,0.6
699,-7971296151998828471,"Proclamation 10121—Thanksgiving Day, 2020",Donald J. Trump (1st Term),2020-11-25,gather with family and friends to celebrate this season of generosity hope and gratitude we commemorate america's founding traditions of faith family and friendship and give thanks for the principles of freedom liberty and democracy that make our country exceptional in the history of the world this november marks 400 years since the mayflower and,Ephesians 1:16,"Cease not to give thanks for you, making mention of you in my prayers;",0.131674917385475,MAYBE,,0.4
702,-7971296151998828471,"Proclamation 10121—Thanksgiving Day, 2020",Donald J. Trump (1st Term),2020-11-25,26 2020 as a national day of thanksgiving i encourage all americans to gather in homes and places of worship to offer a prayer of thanks to god for our many blessings in witness whereof i have hereunto set my hand this twenty-fifth day of november in the year of our lord two thousand twenty,Colossians 1:3,"We give thanks to God and the Father of our Lord Jesus Christ, praying always for you,",0.7802906712947705,MAYBE,,0.6
707,-8009808862654629627,"Proclamation 6432—Infant Mortality Awareness Day, 1992",George Bush,1992-05-08,observe this day with appropriate programs ceremonies and activities in witness whereof i have hereunto set my hand this eighth day of may in the year of our lord nineteen hundred and ninety-two and of the independence of the united states of america the two hundred and sixteenth george bush george bush proclamation 6432-infant mortality,1 Corinthians 16:23,The grace of our Lord Jesus Christ be with you.,0.1935945164618871,MAYBE,,0.6
710,-8079477418613299212,Proclamation 10286—Grand Staircase-Escalante National Monument,"Joseph R. Biden, Jr.",2021-10-08,application to a particular parcel of land is held to be invalid the remainder of this proclamation and its application to other parcels of land shall not be affected thereby in witness whereof i have hereunto set my hand this eighth day of october in the year of our lord two thousand twenty-one and of,Amos 7:3,"The LORD repented for this: It shall not be, saith the LORD.",0.2864643676060888,MAYBE,,0.6
715,-8108052125341203751,"Proclamation 4091—Youth Appreciation Week, 1971",Richard Nixon,1971-11-05,and conscience of america refreshing our spirit as we move into the third century of our republic the mantle of responsibility and leadership will be passed to this generation of americans i am convinced that the youth of today will wear that mantle proudly carry out the responsibilities of adulthood and leadership with conviction and,Luke 11:30,"For as Jonas was a sign unto the Ninevites, so shall also the Son of man be to this generation.",0.1858703155513874,MAYBE,,0.6
717,-8136352305476461400,"Proclamation 9162—National Days of Prayer and Remembrance, 2014",Barack Obama,2014-09-04,grieve as we offer some measure of comfort once more we honor the courage and selflessness of all who responded we reflect on the strength and grace that lift us up from the depths of our despair above all we reaffirm the true spirit of 9/11-love compassion and sacrifice-and we enshrine it forever in the,Philemon 1:25,The grace of our Lord Jesus Christ be with your spirit. Amen.,0.7127983863116865,MAYBE,,0.4
721,-8189171783853695893,"Proclamation 5927—Martin Luther King, Jr., Day, 1989",Ronald Reagan,1988-12-23,king's work is not done but neither is his witness stilled he urged again and again that all of us come to love and befriend one another to live in brotherhood and reconciliation to nourish each and every individual's dignity and self-respect we must reaffirm in every generation the lessons of justice and charity that,Hebrews 10:24,And let us consider one another to provoke unto love and to good works:,0.4336187202373676,MAYBE,,0.6
722,-8190898126832503590,"Proclamation 6844—United Nations Day, 1995",William J. Clinton,1995-10-23,nuclear arms and other weapons of mass destruction it works to provide security for the conduct of free elections and united nations troops strive to keep the peace in places of great importance to the united states-on the kuwait border in the mediterranean and in europe we can also be,Ephesians 4:3,Endeavouring to keep the unity of the Spirit in the bond of peace.,0.9282128442499076,MAYBE,,0.7
723,-8207965068406032479,"Proclamation 9025—Gold Star Mother's and Family's Day, 2013",Barack Obama,2013-09-26,thread of our nation's character-the truth that america endures because it is home to an unbroken line of patriots willing to lay down their lives for the land they love as we honor the men and women who gave their last full measure of devotion we hold close the families,Acts 15:26,Men that have hazarded their lives for the name of our Lord Jesus Christ.,0.647050752033536,MAYBE,,0.4
728,-829803332782059083,"Proclamation 3966—Red Cross Month, 1970",Richard Nixon,1970-02-25,extended until it includes the peoples of the entire earth nowhere is the compassionate feeling for mankind and his welfare better exemplified than in the mission of the red cross the humanitarian work of the red cross is recognized by all nations for eighty-nine years the american red cross has served this nation and its people unselfishly while constantly striving to do more now therefore i richard nixon president of the united states of america and honorary chairman of the american national red cross do hereby designate march 1970 as red cross month a time when the organization will ask for your active support i urge every american to do his utmost to secure the strength of the red cross by serving as a volunteer if possible and by contributing to his full ability in witness whereof i have hereunto set my hand this 25th day of february in the year of our lord nineteen hundred and seventy and of the independence of the united states of america the one hundred and ninety-fourth richard nixon richard nixon proclamation 3966-red cross month 1970,Mark 15:21,"And they compel one Simon a Cyrenian, who passed by, coming out of the country, the father of Alexander and Rufus, to bear his cross.",0.1298354219048869,MAYBE,,0.6
730,-8304881769517497420,"Proclamation 6184—Emergency Medical Services Week, 1990",George Bush,1990-09-20,observe this week with appropriate ceremonies and activities in witness whereof i have hereunto set my hand this twentieth day of september in the year of our lord nineteen hundred and ninety and of the independence of the united states of america the two hundred and fifteenth george bush george bush proclamation 6184-emergency medical services,1 Corinthians 16:23,The grace of our Lord Jesus Christ be with you.,0.178699849959791,MAYBE,,0.6
731,-8344644205973775567,"Proclamation 10338—National Teen Dating Violence Awareness and Prevention Month, 2022","Joseph R. Biden, Jr.",2022-01-31,so that together we can stop it in witness whereof i have hereunto set my hand this thirty-first day of january in the year of our lord two thousand twenty-two,1 Corinthians 1:7,So that ye come behind in no gift; waiting for the coming of our Lord Jesus Christ:,0.1306273326154872,MAYBE,,0.7
733,-8357101846768532033,Proclamation 9739—Adjusting Imports of Aluminum Into the United States,Donald J. Trump (1st Term),2018-04-30,which is subject to the duty imposed pursuant to proclamation 9704 as amended by proclamation 9710 after the words any aluminum article in the first and second sentences 4 aluminum articles shall not be subject upon entry for consumption to the duty established in clause 2 of proclamation 9704 as,Titus 3:10,A man that is an heretick after the first and second admonition reject;,0.1531286231696432,MAYBE,,0.6
737,-8428419272930281875,"Proclamation 4077—Citizenship Day and Constitution Week, 1971",Richard Nixon,1971-08-30,age enduring and timeless yet it is vital and life-giving affirming as no other written document can that the ideals upon which men acted in the early days of our republic are as essential now as they were then in commemoration of the signing of the constitution on september 17 1787 and in recognition of,Luke 1:75,"In holiness and righteousness before him, all the days of our life.",0.2046097351635603,MAYBE,,0.6
739,-8448580116314217490,Proclamation 3979—Designating a National Day of Prayer and Thanksgiving,Richard Nixon,1970-04-17,safety to our small planet three fellow human beings now james a lovell jr fred w haise jr and john l swigert jr are home again the prayers of millions all over the world helped to bring them home safely i urge my fellow americans and all the peoples of the world to join with,Psalms 72:20,The prayers of David the son of Jesse are ended.,0.3065643633871627,MAYBE,,0.6
741,-8459734023443041818,"Proclamation 8204—Thanksgiving Day, 2007",George W. Bush,2007-11-15,gifts of our prosperous land our country was founded by men and women who realized their dependence on god and were humbled by his providence and grace the early explorers and settlers who arrived in this land gave thanks for god's protection and for the extraordinary natural abundance they found since the first national day,John 1:16,"And of his fulness have all we received, and grace for grace.",0.4931404292469745,MAYBE,,0.3
744,-8494164263466104757,"Proclamation 5098—Thanksgiving Day, 1983",Ronald Reagan,1983-09-15,americans to express gratitude to their god and their country in his remarks at gettysburg president lincoln referred to ours as a nation under god we rejoice in the fact that while we have maintained separate institutions of church and state over our 200 years of freedom we have at the same time preserved reverence,Philippians 4:4,"Rejoice in the Lord alway: and again I say, Rejoice.",0.4781413783681103,MAYBE,,0.4
745,-8494164263466104757,"Proclamation 5098—Thanksgiving Day, 1983",Ronald Reagan,1983-09-15,americans to express gratitude to their god and their country in his remarks at gettysburg president lincoln referred to ours as a nation under god we rejoice in the fact that while we have maintained separate institutions of church and state over our 200 years of freedom we have at the same time preserved reverence,Psalms 97:12,"Rejoice in the LORD, ye righteous; and give thanks at the remembrance of his holiness.",0.6862527663306723,MAYBE,,0.6
748,-8545281044571462679,"Proclamation 8215—Religious Freedom Day, 2008",George W. Bush,2008-01-14,1786 passage of the virginia statute for religious freedom the freedom to worship according to one's conscience is one of our nation's most cherished values it is the first protection offered in the bill of rights that congress shall make no law respecting an establishment of religion or prohibiting the free exercise thereof in america,Matthew 22:38,This is the first and great commandment.,0.1815582882790674,MAYBE,,0.6
749,-8565494384733062397,Proclamation 5678—United States Olympic Festival1987 Celebration United States Olympic Festival1987 Day,Ronald Reagan,1987-07-15,"identical to those performed in the international games during this festival skills are refined and a camaraderie is fostered among our athletes that signifies american unity and exemplifies the spirit of the olympic movement some 4,000 athletes trainers and coaches in addition to 7,000 volunteers and more than 300,000 spectators will participate in the 1987",Ephesians 4:3,Endeavouring to keep the unity of the Spirit in the bond of peace.,0.1285957537121427,MAYBE,,0.5
753,-8582865174030866370,"Proclamation 6241—National Sanctity of Human Life Day, 1991",George Bush,1991-01-11,day i call on all americans to reflect on the sanctity of human life in all its stages and to gather in homes and places of worship to give thanks for the gift of life and to reaffirm our commitment to respect the life and the dignity of every human being in witness whereof i,Ephesians 1:16,"Cease not to give thanks for you, making mention of you in my prayers;",0.8775073249001785,MAYBE,,0.4
756,-8594372675412516285,"Proclamation 4693—Thanksgiving Day, 1979",Jimmy Carter,1979-09-28,for a bounteous harvest in a world where hunger and despair still stalk much of mankind like those who came before us we come to give thanks for our singular deliverances and blessings in a time of both danger and great promise may we be thankful in proportion to that which we have received trusting,Ephesians 1:16,"Cease not to give thanks for you, making mention of you in my prayers;",0.8825971112690316,MAYBE,,0.4
759,-8603323613222469113,"Proclamation 7028—Gold Star Mother's Day, 1997",William J. Clinton,1997-09-25,year we remember the millions of selfless americans whose wartime service helped preserve our freedom and the values we hold dear and it is fitting that we should do so but we must also remember that not all of the sacrifices that sustained us were made on the battlefield long after the devastation of war,Luke 1:71,"That we should be saved from our enemies, and from the hand of all that hate us;",0.5583709768468733,MAYBE,,0.3
761,-8616163386682377691,Proclamation 2348—Neutrality of the United States,Franklin D. Roosevelt,1939-09-05,all persons residing or being within the territory or jurisdiction of the united states to observe the laws thereof and to commit no act contrary to the provisions of the said statutes or treaties or in violation of the law of nations in that behalf and i do hereby give,Acts 18:13,"Saying, This fellow persuadeth men to worship God contrary to the law.",0.4804509391737458,MAYBE,,0.4
762,-8619595275857040262,"Proclamation 4732—Pan American Day and Pan American Week, 1980",Jimmy Carter,1980-03-10,ideals of peace with freedom cooperation with mutual respect and unity with individual dignity the people of the united states of america reaffirm their belief in this spirit each year on pan american day as the nations of the americas enter the decade of the 1980's their peoples confidently seek a future of economic growth,Ephesians 4:3,Endeavouring to keep the unity of the Spirit in the bond of peace.,0.8314626645912265,MAYBE,,0.4
765,-8648067441140448483,Proclamation 2571—Thanksgiving Day,Franklin D. Roosevelt,1942-11-26,it is a good thing to give thanks unto the lord across the uncertain ways of space and time our hearts echo those words for the days are with us again when at the gathering of the harvest we solemnly express our dependence upon almighty god the final months of this year now almost spent,Ephesians 5:16,"Redeeming the time, because the days are evil.",0.7483938855074992,MAYBE,,0.4
773,-8648067441140448483,Proclamation 2571—Thanksgiving Day,Franklin D. Roosevelt,1942-11-26,shepherd i shall not want he maketh me to lie down in green pastures he leadeth me beside the still waters he restoreth my soul he leadeth me in the paths of righteousness for his name's sake yea though i walk through the valley of the shadow of death i will fear no evil for thou art with me thy rod and thy staff they comfort me thou preparest a table before me in the,Job 10:21,"Before I go whence I shall not return, even to the land of darkness and the shadow of death;",0.2573086440533614,MAYBE,,0.6
775,-8648067441140448483,Proclamation 2571—Thanksgiving Day,Franklin D. Roosevelt,1942-11-26,he maketh me to lie down in green pastures he leadeth me beside the still waters he restoreth my soul he leadeth me in the paths of righteousness for his name's sake yea though i walk through the valley of,Proverbs 8:20,"I lead in the way of righteousness, in the midst of the paths of judgment:",0.5686870341987135,MAYBE,,0.6
777,-8648067441140448483,Proclamation 2571—Thanksgiving Day,Franklin D. Roosevelt,1942-11-26,waters he restoreth my soul he leadeth me in the paths of righteousness for his name's sake yea though i walk through the valley of the shadow of death i will fear no evil for thou art with me thy rod and thy staff they comfort me thou preparest a table before me in the,Job 38:17,Have the gates of death been opened unto thee? or hast thou seen the doors of the shadow of death?,0.5327674263206614,MAYBE,,0.3
781,-8648067441140448483,Proclamation 2571—Thanksgiving Day,Franklin D. Roosevelt,1942-11-26,table before me in the presence of mine enemies thou anointest my head with oil my cup runneth over surely goodness and mercy shall follow me all the days of my life and i will dwell in the house of,Luke 1:75,"In holiness and righteousness before him, all the days of our life.",0.4014685473035365,MAYBE,,0.6
782,-8648067441140448483,Proclamation 2571—Thanksgiving Day,Franklin D. Roosevelt,1942-11-26,anointest my head with oil my cup runneth over surely goodness and mercy shall follow me all the days of my life and i will dwell in the house of the lord for ever inspired with faith and courage by these words let us turn again to the work that,Zechariah 2:10,"Sing and rejoice, O daughter of Zion: for, lo, I come, and I will dwell in the midst of thee, saith the LORD.",0.1587441646768287,MAYBE,,0.5
784,-8648067441140448483,Proclamation 2571—Thanksgiving Day,Franklin D. Roosevelt,1942-11-26,my cup runneth over surely goodness and mercy shall follow me all the days of my life and i will dwell in the house of the lord for ever inspired with faith and courage by these words let us turn again to the work that confronts us in this time,Jeremiah 26:7,So the priests and the prophets and all the people heard Jeremiah speaking these words in the house of the LORD.,0.1375244840830067,MAYBE,,0.6
787,-8707403502629718042,"Proclamation 10290—National Character Counts Week, 2021","Joseph R. Biden, Jr.",2021-10-15,leave for our children our character is defined and revealed by the choices we make over a lifetime and in the case of our nation from generation to generation as we celebrate national character counts week i encourage all americans to examine and embody the highest ideals that define our nation and that have helped,Joel 3:20,"But Judah shall dwell for ever, and Jerusalem from generation to generation.",0.1775728339495564,MAYBE,,0.6
790,-8740919953608875944,Proclamation 7296—Bicentennial of the Library of Congress,William J. Clinton,2000-04-21,mission to make available and useful and to sustain and preserve a universal collection of knowledge and creativity for future generations libraries have always enabled people in the words of james madison to arm themselves with the power which knowledge gives these words inscribed at the entrance of the james,Proverbs 22:12,"The eyes of the LORD preserve knowledge, and he overthroweth the words of the transgressor.",0.6083243821825955,MAYBE,,0.6
793,-8761622390963144111,"Proclamation 5641—Mother's Day, 1987",Ronald Reagan,1987-04-28,given us every day year by year in love and courage in toil and sacrifice in prayer and example in faith and forgiveness there is no love like a mother's-she who carries the child that god knits in the womb she who nourishes and guides she who teaches and inspires,Romans 2:11,For there is no respect of persons with God.,0.5936161209938506,MAYBE,,0.6
794,-8761622390963144111,"Proclamation 5641—Mother's Day, 1987",Ronald Reagan,1987-04-28,given us every day year by year in love and courage in toil and sacrifice in prayer and example in faith and forgiveness there is no love like a mother's-she who carries the child that god knits in the womb she who nourishes and guides she who teaches and inspires,Song of Solomon 4:7,"Thou art all fair, my love; there is no spot in thee.",0.5096650293359287,MAYBE,,0.7
797,-8802161891500921543,"Proclamation 7518—Martin Luther King, Jr., Federal Holiday, 2002",George W. Bush,2002-01-17,was a modern american hero whose leadership rallied people of all races to rise up against injustice his commitment to stand peacefully for the conviction that all men are created equal brought about changes in the laws of our nation and he paid the ultimate price for the courage he demonstrated in attempting to ensure that all men and women were treated equally in the,Job 37:7,He sealeth up the hand of every man; that all men may know his work.,0.1107027343489169,MAYBE,,0.6
798,-8802161891500921543,"Proclamation 7518—Martin Luther King, Jr., Federal Holiday, 2002",George W. Bush,2002-01-17,and women will know and children will be taught that we have a finer land a better people a more noble civilization because these humble children of god were willing to suffer for righteousness sake we are so thankful for those humble children of god and we are thankful for the life and times of dr martin luther king jr his abiding faith in america has helped us become a,1 John 5:2,"By this we know that we love the children of God, when we love God, and keep his commandments.",0.5109088268276966,MAYBE,,0.4
801,-8822278732430252711,"Proclamation 10136—National Sanctity of Human Life Day, 2021",Donald J. Trump (1st Term),2021-01-17,banned abortion and has resulted in the loss of more than 50 million innocent lives but strong mothers courageous students and incredible community members and people of faith are leading a powerful movement to awaken america's conscience and restore the belief that every life is worthy of respect protection and care because of the devotion,1 Timothy 3:9,Holding the mystery of the faith in a pure conscience.,0.5332247013405369,MAYBE,,0.3
803,-8846158340048914698,"Proclamation 4303—United States Space Week, 1974",Richard Nixon,1974-07-13,icarus but we know that a beginning has been made that will affect the course of human life forever it is entirely fitting that we should commemorate the beginnings of man's journey into his universe on the anniversary of that first landing on the moon,Ephesians 1:12,"That we should be to the praise of his glory, who first trusted in Christ.",0.382283963920789,MAYBE,,0.4
806,-8854742503911785821,"Proclamation 8779—Irish-American Heritage Month, 2012",Barack Obama,2012-03-01,any valuables land or stability they had behind but they came instead with the true treasures of their homeland-song and literature humor and tradition faith and family and when they landed on our shores they shared their gifts generously adding immeasurable value to towns cities and communities throughout our nation today we draw on the,Luke 5:11,"And when they had brought their ships to land, they forsook all, and followed him.",0.5615584525404856,MAYBE,,0.6
808,-8862621693654025974,"Proclamation 10445—Patriot Day and National Day of Service and Remembrance, 2022","Joseph R. Biden, Jr.",2022-09-09,and national day of service and remembrance we pay tribute to the heroes and victims who lost their lives on september 11 and we recommit ourselves to the spirit of unity patriotism and service that carried our nation through in the days that followed before they were national heroes the women and men we honor,Ephesians 4:3,Endeavouring to keep the unity of the Spirit in the bond of peace.,0.2631931684684628,MAYBE,,0.6
810,-8894046768728967810,"Proclamation 10479—National Forest Products Week, 2022","Joseph R. Biden, Jr.",2022-10-14,by the president of the united states of america a proclamation during national forest products week we give thanks for the beauty of our forests and the bounty they provide from the lumber in our homes and the paper we print to the medicines we,1 Thessalonians 1:2,"We give thanks to God always for you all, making mention of you in our prayers;",0.3047414444398716,MAYBE,,0.3
814,-8905299803694243871,"Proclamation 8532—Prayer for Peace, Memorial Day, 2010",Barack Obama,2010-05-28,the men and women in uniform who gave their last full measure of devotion so we might live in freedom we cherish their memory and pray for the peace for which they laid down their lives we mourn with the families and friends of those we have lost and hope they find comfort in knowing,Psalms 122:6,Pray for the peace of Jerusalem: they shall prosper that love thee.,0.5560534593214147,MAYBE,,0.6
815,-8905299803694243871,"Proclamation 8532—Prayer for Peace, Memorial Day, 2010",Barack Obama,2010-05-28,families and friends of those we have lost and hope they find comfort in knowing their loved ones died with honor we ask for god's grace to protect those fighting in distant lands and we renew our promise to support our troops their families and our veterans their unwavering devotion inspires us all-they are the,John 1:16,"And of his fulness have all we received, and grace for grace.",0.8403746224719615,MAYBE,,0.7
817,-8964042826227977686,"Proclamation 5594—National Day of Prayer, 1987",Ronald Reagan,1986-12-22,nowhere else to go during world war ii an unknown soldier in a trench in tunisia left behind a scrap of paper with the verses stay with me god the night is dark the night is cold my little spark of courage dies the night is long be with me god and make me strong america has lived through many a cold dark night when the cupped hands of prayer were our only shield against the extinction of courage though that flame has flickered from time to time it burns brightest when we are willing as we ought to be now to turn our faces and our hearts to god not only at moments of personal danger and civil strife but in the full flower of the liberty peace and abundance that he has showered,2 Samuel 10:12,"Be of good courage, and let us play the men for our people, and for the cities of our God: and the LORD do that which seemeth him good.",0.5248192505579942,MAYBE,,0.6
818,-9021043895759247950,"Proclamation 10765—Prayer for Peace, Memorial Day, 2024","Joseph R. Biden, Jr.",2024-05-24,can be-how it can bring you back to the day you lost a piece of your soul it is overwhelming no words can ease that grief but i hope you find a small measure of solace in knowing that we will never forget the price your loved one paid for our freedom-and we will never,Psalms 119:81,My soul fainteth for thy salvation: but I hope in thy word.,0.4963988838173641,MAYBE,,0.7
821,-9045202883640940405,"Proclamation 8755—Thanksgiving Day, 2011",Barack Obama,2011-11-16,of peace harmony tranquility and union in times of adversity and times of plenty we have lifted our hearts by giving humble thanks for the blessings we have received and for those who bring meaning to our lives today let us offer gratitude to our men and women in uniform for their many sacrifices and,Romans 1:5,"By whom we have received grace and apostleship, for obedience to the faith among all nations, for his name:",0.4323276554036606,MAYBE,,0.6
822,-9045202883640940405,"Proclamation 8755—Thanksgiving Day, 2011",Barack Obama,2011-11-16,and fellow citizens in need of a helping hand as we gather in our communities and in our homes around the table or near the hearth we give thanks to each other and to god for the many kindnesses and comforts that grace our lives let us pause to recount the simple gifts that sustain,1 Thessalonians 1:2,"We give thanks to God always for you all, making mention of you in our prayers;",0.6712103856979922,MAYBE,,0.6
823,-9045202883640940405,"Proclamation 8755—Thanksgiving Day, 2011",Barack Obama,2011-11-16,and fellow citizens in need of a helping hand as we gather in our communities and in our homes around the table or near the hearth we give thanks to each other and to god for the many kindnesses and comforts that grace our lives let us pause to recount the simple gifts that sustain,Colossians 1:3,"We give thanks to God and the Father of our Lord Jesus Christ, praying always for you,",0.2798773054724148,MAYBE,,0.5
824,-9045202883640940405,"Proclamation 8755—Thanksgiving Day, 2011",Barack Obama,2011-11-16,and in our homes around the table or near the hearth we give thanks to each other and to god for the many kindnesses and comforts that grace our lives let us pause to recount the simple gifts that sustain us and resolve to pay them forward in the year to come now therefore i,John 1:16,"And of his fulness have all we received, and grace for grace.",0.4618456999883975,MAYBE,,0.4
826,-9056372970221950418,"Proclamation 6159—Rose Fitzgerald Kennedy Family Appreciation Day, 1990",George Bush,1990-07-18,institution she has cherished and defended for years that institution is the family in the inimitable shelter of family life we gain a sense of identity and purpose the love and knowledge passed from generation to generation provides us with a link to the past and it gives us a stake in the future through family life our country's most cherished values and traditions are passed from one generation to the next indeed as members of a family we learn important lessons about love and commitment duty and fidelity and respect and concern for others it is through our parents and other close relatives that most of us discover how great god's love for mankind must be and it is through them we learn his command ments and the importance of obeying them because we carry these lessons with us,1 John 4:19,"We love him, because he first loved us.",0.365999175799083,MAYBE,,0.6
829,-9080626274068399228,"Proclamation 3887—Enlarging the Arches National Monument, Utah",Lyndon B. Johnson,1969-01-20,and se a se a secs 21 22 23 and 24 secs 25 26 27 and 28-those portions lying north of the right bank of the colorado river sec 29 ne a ne a sec 31 s1/2 sec 32 that portion of the s1/2 lying west and north of the right bank of the colorado river sec 33 that portion lying west and north of the right bank of the colorado river t 25 s r 22 e sec 5 that portion lying west of the right bank of the colorado river secs 6 and 7 secs 8 9 10 15 16 and 17-those portions adjoining the right bank of the colorado river sec 18 secs 19 and 20-those portions lying north of the right bank of the colorado river t 24 s r 23 e sec 18 sw a sec 19 w 1/2 sec 30 lots 3 to 7 inclusive and lots 11 and,Joshua 13:16,"And their coast was from Aroer, that is on the bank of the river Arnon, and the city that is in the midst of the river, and all the plain by Medeba;",0.6291059072499108,MAYBE,,0.6
832,-9148616246856369082,"Proclamation 9741—National Day of Prayer, 2018",Donald J. Trump (1st Term),2018-05-03,goodness of our maker and may our praise and gratitude never cease on this national day of prayer let us come together all according to their faiths to thank god for his many blessings and ask for his continued guidance and strength in 1988 the congress by public law 100-307 as amended called on the president to issue each year a proclamation designating the first thursday in may as a national day of prayer on which the people of the united states may turn to god in prayer and meditation at churches in groups and as individuals now therefore i donald j trump president of the united states of america do hereby proclaim may 3,2 Samuel 10:12,"Be of good courage, and let us play the men for our people, and for the cities of our God: and the LORD do that which seemeth him good.",0.8274198882388036,MAYBE,,0.6
836,-9169536863827521358,"Proclamation 3028—Citizenship Day, 1953",Dwight D. Eisenhower,1953-08-07,our citizens to renew and reaffirm on citizenship day their allegiance to the principles and ideals to which our constitution gives historic testimony so that we may fortify in our hearts that spiritual unity which is our greatest strength in witness whereof i have hereunto set my hand and caused,Psalms 90:12,"So teach us to number our days, that we may apply our hearts unto wisdom.",0.3827129431793063,MAYBE,,0.6
839,-9198062969441665290,"Proclamation 8831—Prayer for Peace, Memorial Day, 2012",Barack Obama,2012-05-25,of the venerable warriors we have lost and may he watch over the men and women who serve us now today tomorrow and in perpetuity let us give thanks to them by remaining true to the values and virtues for which they fight in honor of all of our fallen service members the congress by,Colossians 1:3,"We give thanks to God and the Father of our Lord Jesus Christ, praying always for you,",0.4169756229006802,MAYBE,,0.6
842,-9215163291372909833,"Proclamation 5463—Education Day, U.S.A., 1986",Ronald Reagan,1986-04-19,one word wisdom happy the man scripture tells us who finds wisdom her ways are ways of pleasantness and all her paths are peace she is a tree of life to those who come to possess her the congress has sought to call attention to these durable values by adopting resolutions that pay tribute to,Proverbs 11:30,The fruit of the righteous is a tree of life; and he that winneth souls is wise.,0.6379560347944668,MAYBE,,0.7
844,-925308938305901834,"Proclamation 4937—Father's Day, 1982",Ronald Reagan,1982-04-27,by assisting with child care and household tasks fathers thus help provide the continuity and stability that ensure the quality of family life children are the particular beneficiaries of their extra effort for children need the love and attention of both parents it is good for us to take this,Proverbs 17:6,Children's children are the crown of old men; and the glory of children are their fathers.,0.4459487864546059,MAYBE,,0.6
849,-959574917202530312,"Proclamation 8667—National Day of Prayer, 2011",Barack Obama,2011-04-29,dictates of their conscience and let us be thankful for the many other freedoms and blessings that we often take for granted let us pray for the men and women of our armed forces and the many selfless sacrifices they and their families make on behalf of our nation let us pray for the police officers firefighters and other first responders who put themselves in harm's way every day to protect their fellow citizens and let us ask god for,Psalms 122:6,Pray for the peace of Jerusalem: they shall prosper that love thee.,0.2311077006015133,MAYBE,,0.4
852,-976910445375757660,Proclamation 9394—Establishment of the Castle Mountains National Monument,Barack Obama,2016-02-12,be one of the most important in the mojave desert botanists are finding new and rare plant populations and significant new information regarding the range of species such as mexican panicgrass in the castle mountains area the castle mountains area is the only remaining portion of the 226-square mile lanfair,Job 39:8,"The range of the mountains is his pasture, and he searcheth after every green thing.",0.502491387285699,MAYBE,,0.4
854,1030118445859929360,"Proclamation 3163—Thanksgiving Day, 1956",Dwight D. Eisenhower,1956-11-12,harnessed for peaceful purposes bringing limitless possibilities of comfort and happiness both to ourselves and to future generations it is also fitting at this season that we should consider god's providence to us throughout our entire history let us remember the pilgrim fathers who fleeing from religious oppression landed on a bleak forbidding shore and,Ephesians 1:12,"That we should be to the praise of his glory, who first trusted in Christ.",0.4775021650730165,MAYBE,,0.6
855,1030118445859929360,"Proclamation 3163—Thanksgiving Day, 1956",Dwight D. Eisenhower,1956-11-12,their foresight their courage and their idealism let us give thanks to the power which has made and preserved us a nation humbly aware that we are a people greatly blessed both materially and spiritually let us pray this year not only in the spirit of thanksgiving but also as,Romans 8:16,"The Spirit itself beareth witness with our spirit, that we are the children of God:",0.3532832473892809,MAYBE,,0.4
862,1109931464606235948,"Proclamation 9043—National Character Counts Week, 2013",Barack Obama,2013-10-18,as americans we are bound together by a set of ideals put forth by our founders-that we are all created equal that we possess certain unalienable rights including the rights to life liberty and the pursuit of happiness and that above all we are one,1 Corinthians 10:17,"For we being many are one bread, and one body: for we are all partakers of that one bread.",0.1221212469295315,MAYBE,,0.6
865,1146294754366597467,"Proclamation 5970—Older Americans Month, 1989",George Bush,1989-05-04,through volunteer work all older americans whether they hold jobs volunteer or quietly devote their time to family and friends enrich our lives beyond measure therefore let us honor them not only during older americans month but throughout the year let us always show our appreciation for senior citizens by respecting in policy as well,1 Thessalonians 5:6,"Therefore let us not sleep, as do others; but let us watch and be sober.",0.1327645189027471,MAYBE,,0.6
867,1224384348271051355,"Proclamation 6002—National POW/MIA Recognition Day, 1989",George Bush,1989-07-28,for the treatment of war prisoners many never survived the courage faith and devotion to duty demonstrated by these servicemen who risked their freedom indeed their lives for our sake has moved the hearts of all americans our nation will not forget these heroes and the tremendous sacrifices they made for our country nor will,Acts 15:26,Men that have hazarded their lives for the name of our Lord Jesus Christ.,0.8670461169314045,MAYBE,,0.4
872,1265493026293783582,Proclamation 4844—Jewish Heritage Week,Ronald Reagan,1981-05-01,officials and interested organizations to observe that week with appropriate ceremonies activities and reflection in witness whereof i have hereunto set my hand this first day of may in the year of our lord nineteen hundred and eighty-one and of the independence of the united states of america the two,Exodus 40:17,"And it came to pass in the first month in the second year, on the first day of the month, that the tabernacle was reared up.",0.1521260425617948,MAYBE,,0.6
874,131620243973481913,"Proclamation 7708—National Farm Safety and Health Week, 2003",George W. Bush,2003-09-25,hard-working farm and ranch families for food fiber and the good stewardship of our environment as we celebrate national farm safety and health week we give thanks for their dedication sacrifice and contributions to our country and we renew our commitment to the health and livelihoods of american farm and,Colossians 1:3,"We give thanks to God and the Father of our Lord Jesus Christ, praying always for you,",0.2261600965000049,MAYBE,,0.6
877,1339797534661683403,"Proclamation 6278—Loyalty Day, 1991",George Bush,1991-04-22,that inspired that great document let us renew our loyalty to the vision of this country's founders so that the united states might always be as it is written in our pledge of allegiance one nation under god indivisible with liberty and justice for all to foster loyalty to principles on which the united states,Acts 15:15,"And to this agree the words of the prophets; as it is written,",0.1555590839429283,MAYBE,,0.6
881,1388172254115300510,"Proclamation 8046—National Days of Prayer and Remembrance, 2006",George W. Bush,2006-09-05,price while wearing our nation's uniform on these days of prayer and remembrance we mourn with those who still mourn and find comfort through faith we give thanks to the almighty for our liberty and we pray for his blessing on all those who were lost and for strength in the work ahead may god,Colossians 1:3,"We give thanks to God and the Father of our Lord Jesus Christ, praying always for you,",0.1868135336407146,MAYBE,,0.7
882,1388172254115300510,"Proclamation 8046—National Days of Prayer and Remembrance, 2006",George W. Bush,2006-09-05,price while wearing our nation's uniform on these days of prayer and remembrance we mourn with those who still mourn and find comfort through faith we give thanks to the almighty for our liberty and we pray for his blessing on all those who were lost and for strength in the work ahead may god,Psalms 136:3,O give thanks to the Lord of lords: for his mercy endureth for ever.,0.855913930980557,MAYBE,,0.4
884,1459359092647812980,Proclamation 8611—40th Anniversary of the Environmental Protection Agency,Barack Obama,2010-12-02,urgent environmental challenges including industrial waste polluting our waters acid rain poisoning our forests and lakes the thinning of the ozone layer that shields the earth and safe handling of electronic waste throughout its history epa has been a champion for healthy families by reducing the environmental risks that affect,Job 5:10,"Who giveth rain upon the earth, and sendeth waters upon the fields:",0.1000633735451997,MAYBE,,0.6
885,1470999644279243398,"Proclamation 8085—Thanksgiving Day, 2006",George W. Bush,2006-11-16,as americans gather with family and friends to celebrate thanksgiving day we give thanks for the many ways that our nation and our people have been blessed the thanksgiving tradition dates back to the earliest days of our society celebrated,Colossians 1:3,"We give thanks to God and the Father of our Lord Jesus Christ, praying always for you,",0.4027062703884614,MAYBE,,0.4
888,1470999644279243398,"Proclamation 8085—Thanksgiving Day, 2006",George W. Bush,2006-11-16,to gather together in their homes and places of worship with family friends and loved ones to reinforce the ties that bind us and give thanks for the freedoms and many blessings we enjoy in witness whereof i have hereunto set my hand this sixteenth day of november in the,1 Thessalonians 5:18,In every thing give thanks: for this is the will of God in Christ Jesus concerning you.,0.5136569291887033,MAYBE,,0.4
891,1471137178463502609,"Proclamation 10203—National Day of Prayer, 2021","Joseph R. Biden, Jr.",2021-05-05,constitution and the laws of the united states do hereby proclaim may 6 2021 as a national day of prayer i invite the citizens of our nation to give thanks in accordance with their own faiths and consciences for our many freedoms and blessings and i join all people of faith in prayers for spiritual,Ephesians 1:16,"Cease not to give thanks for you, making mention of you in my prayers;",0.8887351823358116,MAYBE,,0.6
895,1501058782322531348,"Proclamation 5412—Thanksgiving Day, 1985",Ronald Reagan,1985-11-15,this treasured custom derives from our judeo-christian heritage unto thee o god do we give thanks the psalmist sang praising god not only for the wondrous works of his creation but for loving guidance and deliverance from dangers a band of settlers arriving in maine in 1607 held a service of thanks for their safe,Job 37:14,"Hearken unto this, O Job: stand still, and consider the wondrous works of God.",0.4005595091382529,MAYBE,,0.6
897,1501058782322531348,"Proclamation 5412—Thanksgiving Day, 1985",Ronald Reagan,1985-11-15,every home and every heart be filled with the spirit of gratitude and praise and love on this thanksgiving day now therefore i ronald reagan president of the united states of america in the spirit,Psalms 71:8,Let my mouth be filled with thy praise and with thy honour all the day.,0.5177544412890694,MAYBE,,0.4
900,1519580240749088580,"Proclamation 6968—National Day of Hope and Renewal, 1997",William J. Clinton,1997-01-20,shared values of family and faith work and opportunity and let us resolve to work together one nation under god to build a bridge of hope and renewal to a new american century now therefore i william j clinton president of the united states of america by the authority vested in me by the constitution and laws of the united states do hereby proclaim january 20 1997 a national day of hope and renewal and i call upon the citizens of this great nation to observe this day by reflecting on their obligations to one another and to our beloved country and by facing the future with a spirit of hope and renewal in witness whereof i have hereunto set my hand this twentieth day of january in the year of our lord nineteen hundred and ninety-seven and of the,Psalms 39:7,"And now, Lord, what wait I for? my hope is in thee.",0.1282925247758204,MAYBE,,0.4
902,1521537674177083936,"Proclamation 6890—Law Day, U.S.A., 1996",William J. Clinton,1996-04-30,the world and that future generations will continue to share its blessings on this day and throughout the year let us consider the written instruments that have so profoundly shaped our experience and pay tribute to all those who enforce and maintain our legal and,Hebrews 10:24,And let us consider one another to provoke unto love and to good works:,0.1649022115534096,MAYBE,,0.5
903,1543468698745625239,Proclamation 3589—Commemoration of the Beginnings of the Office of the Presidency of the United States,Lyndon B. Johnson,1964-04-30,office of the american presidency be used in the work of perfecting our national unity establishing justice insuring domestic tranquility providing for the common defense promoting the general welfare and,Ephesians 4:12,"For the perfecting of the saints, for the work of the ministry, for the edifying of the body of Christ:",0.2080238701094756,MAYBE,,0.4
907,1577097091130057612,"Proclamation 3294—Redefining the Boundaries of the Allegheny, George Washington, and Jefferson National Forests",Dwight D. Eisenhower,1959-05-20,to said corner 2 thence easterly and northerly with line of tracts 751 and 202 to the allegheny river at warren thence easterly and northerly up the east side of said river to the point of beginning george washington national forest virginia and west virginia beginning at a point on the virginia-west virginia state line,Ezekiel 48:2-4,"And by the border of Dan, from the east side unto the west side, a portion for Asher. And by the border of Asher, from the east side even unto the west side, a portion for Naphtali. And by the border of Naphtali, from the east side unto the west side, a portion for Manasseh.",0.4991327680144849,MAYBE,,0.6
908,1577097091130057612,"Proclamation 3294—Redefining the Boundaries of the Allegheny, George Washington, and Jefferson National Forests",Dwight D. Eisenhower,1959-05-20,to said corner 2 thence easterly and northerly with line of tracts 751 and 202 to the allegheny river at warren thence easterly and northerly up the east side of said river to the point of beginning george washington national forest virginia and west virginia beginning at a point on the virginia-west virginia state line,Ezekiel 48:24-27,"And by the border of Benjamin, from the east side unto the west side, Simeon shall have a portion. And by the border of Simeon, from the east side unto the west side, Issachar a portion. And by the border of Issachar, from the east side unto the west side, Zebulun a portion. And by the border of Zebulun, from the east side unto the west side, Gad a portion.",0.4554286147705855,MAYBE,,0.6
909,1577097091130057612,"Proclamation 3294—Redefining the Boundaries of the Allegheny, George Washington, and Jefferson National Forests",Dwight D. Eisenhower,1959-05-20,to said corner 2 thence easterly and northerly with line of tracts 751 and 202 to the allegheny river at warren thence easterly and northerly up the east side of said river to the point of beginning george washington national forest virginia and west virginia beginning at a point on the virginia-west virginia state line,Ezekiel 48:6-7,"And by the border of Ephraim, from the east side even unto the west side, a portion for Reuben. And by the border of Reuben, from the east side unto the west side, a portion for Judah.",0.4219476719570602,MAYBE,,0.3
913,160055078655699955,Proclamation 9476—Establishment of the Katahdin Woods and Waters National Monument,Barack Obama,2016-08-24,whetstone falls and below embroidered with many side channels and associated floodplain forests and open streamshores of the two major tributaries the seboeis river flows in from the east and the wassataquoik stream from the west the latter dropping over 500 feet in its approximately 14-mile wild run from the border of baxter state park to its confluence with the,Psalms 75:6,"For promotion cometh neither from the east, nor from the west, nor from the south.",0.2618917201850315,MAYBE,,0.6
915,1618477590181369485,"Proclamation 10731—National Volunteer Week, 2024","Joseph R. Biden, Jr.",2024-04-19,core values that define our nation an optimism that is tested yet resolute a courage that digs deep when we need it most and an unshakeable faith in one another our nation and the future we can build together during national volunteer week we celebrate the millions of selfless americans who keep faith in all of us and give their time service and hearts to make sure no one is left behind i have often said that america is a good nation because we are a good people-every day our country's volunteers prove that to be true they lead by the power of their example from helping rebuild homes after devastating disasters to tutoring our youth and helping ensure orderly elections volunteers strengthen our communities and improve the lives of,1 Corinthians 2:5,"That your faith should not stand in the wisdom of men, but in the power of God.",0.1102694705542314,MAYBE,,0.4
916,1637555358425987162,"Proclamation 9497—Constitution Day and Citizenship Day, Constitution Week, 2016",Barack Obama,2016-09-16,diverse heritage and in our common creed we affirm our dedication to the values enshrined in our constitution we the people must forever breathe life into the words of this precious document and together ensure that its principles endure for generations to come in remembrance of the signing of the constitution and in recognition of,Acts 5:20,"Go, stand and speak in the temple to the people all the words of this life.",0.4643101924637849,MAYBE,,0.6
922,1707141767200082283,Proclamation 4726—Application of Certain Laws of the United States to the Northern Mariana Islands,Jimmy Carter,1980-02-21,this proclamation the seaward limit of the fishery conservation zone surrounding the northern mariana islands is 200 nautical miles from the baseline from which the breadth of the territorial sea is measured except that to the north of the northern mariana islands the limit of the fishery conservation zone shall be determined by straight lines,Job 37:10,By the breath of God frost is given: and the breadth of the waters is straitened.,0.24741452241975,MAYBE,,0.6
926,1752793567833957900,"Proclamation 6100—International Year of Bible Reading, 1990",George Bush,1990-02-22,more it will become plain to you what things are worth while and what are not what things make men happy loyalty right dealing speaking the truth and the things that are guaranteed to make men unhappy selfishness cowardice greed and everything that is low and mean when you have read the bible you will,John 8:32,"And ye shall know the truth, and the truth shall make you free.",0.4398537227667483,MAYBE,,0.6
927,1752793567833957900,"Proclamation 6100—International Year of Bible Reading, 1990",George Bush,1990-02-22,men unhappy selfishness cowardice greed and everything that is low and mean when you have read the bible you will know that it is the word of god because you will have found it the key to your own heart your own happiness and your own duty president wilson believed that the bible helps its,1 Corinthians 14:36,What? came the word of God out from you? or came it unto you only?,0.4413900510488027,MAYBE,,0.4
931,1759599318439819483,"Proclamation 9353—United Nations Day, 2015",Barack Obama,2015-10-22,know that grave challenges to our common security and principles risk pulling us back to a more disordered world in meeting those threats we must summon the spirit of unity and cooperation at the heart of the united nations charter-signed in 1945 by 51 countries-and rededicate ourselves in support of the united nations inherent in,Ephesians 4:3,Endeavouring to keep the unity of the Spirit in the bond of peace.,0.5854697012674105,MAYBE,,0.6
933,1806629947208040800,"Proclamation 6514—Religious Freedom Day, 1993",George Bush,1992-12-09,sanctuary which covers the others that sanctuary is the spirit of life liberty truth and justice in that spirit the united states has continued to champion religious liberty and tolerance around the world we decry,2 Corinthians 3:17,"Now the Lord is that Spirit: and where the Spirit of the Lord is, there is liberty.",0.237116544610888,MAYBE,,0.4
936,1868441229522639680,"Proclamation 5147—National Sanctity of Human Life Day, 1984",Ronald Reagan,1984-01-13,as national sanctity of human life day i call upon the citizens of this blessed land to gather on that day in homes and places of worship to give thanks for the gift of life and to reaffirm our commitment to the dignity of every human being and the sanctity of each human life in,Ephesians 1:16,"Cease not to give thanks for you, making mention of you in my prayers;",0.808909689150517,MAYBE,,0.4
938,1887666584799826254,"Proclamation 6197—National Children's Day, 1990",George Bush,1990-10-09,the opportunity to develop his or her own special gifts every child will make a singular contribution to his family and to the world around him parents have no greater or more rewarding responsibility than to welcome nurture and protect the children god has entrusted to their care in addition to supplying the steady reliable,3 John 1:4,I have no greater joy than to hear that my children walk in truth.,0.1461716761392083,MAYBE,,0.6
940,1896202638111206179,"Proclamation 5877—National Job Skills Week, 1988",Ronald Reagan,1988-10-03,helping meet the challenges of greater economic competition and rapid technological change our celebration of a week in recognition of all who foster teach and learn job skills should include awareness that jobs now being created demand capabilities and higher levels of literacy a recent report by the secretaries of commerce education and labor building,Job 42:17,"So Job died, being old and full of days.",0.6127261647033879,MAYBE,,0.6
943,1917965568775714479,"Proclamation 8974—National Day of Prayer, 2013",Barack Obama,2013-05-01,common purpose prayer brings communities together and can be a wellspring of strength and support in the aftermath of senseless acts of violence the prayers of countless americans signal to grieving families and a suffering community that they are not alone their pain is a shared pain and their hope,Psalms 72:20,The prayers of David the son of Jesse are ended.,0.596472232395331,MAYBE,,0.6
945,197578906225980773,"Proclamation 6379—National Military Families Recognition Day, 1991",George Bush,1991-11-22,in the vigilance courage and patriotism of the men and women who serve in our united states armed forces yet in large part the extraordinary spirit of our nation's service members reflects that of the families who stand behind them thus while we salute our troops for their outstanding efforts to preserve peace and to,Ephesians 4:3,Endeavouring to keep the unity of the Spirit in the bond of peace.,0.8328740034433205,MAYBE,,0.4
948,1999813628420866111,Proclamation 3650—Bennett Place Commemoration,Lyndon B. Johnson,1965-03-29,the true unity of our nation is more than a union of states it is a unity of spirit of human hearts and aspirations and hopes it is not static but is ever growing for its work is never done the true spirit of american unity is one of challenge of new goals to be sought and wan it is the spirit of ceaseless striving by all of us-by americans of every generation-to attain those great common purposes that spring from our rich and marvelous diversity and yet transcend it a moving and poignant example of this spirit occurred nearly one hundred years ago in the peace negotiations between general william t sherman and general joseph e johnston held at the bennett place near the,Ephesians 4:3,Endeavouring to keep the unity of the Spirit in the bond of peace.,0.7298749306967852,MAYBE,,0.4
952,2004292612125416724,Proclamation 3030—Regulations for Preventing Collisions at Sea,Dwight D. Eisenhower,1953-08-15,over an arc of the horizon of 220 degrees of the compass so fixed as to show the light 110 degrees on each side of the seaplane namely from right ahead to 20 degrees abaft the beam on either side and of such a character as to be visible at a distance of at least 3 miles ii on the right or starboard wing tip a green light so constructed as to show an unbroken light over an arc of the horizon of 110 degrees,2 Chronicles 4:10,"And he set the sea on the right side of the east end, over against the south.",0.8706378093303033,MAYBE,,0.6
955,2061531249899352866,Proclamation 10758—70th Anniversary of Brown v. Board of Education,"Joseph R. Biden, Jr.",2024-05-16,that bravery exists in the youngest of hearts possessing the guts and courage to stand up for the best of our country all the while they kept faith in our nation and in our north star-the sacred ideals at the heart of who we are today we know that the lessons learned from brown v,1 Corinthians 2:5,"That your faith should not stand in the wisdom of men, but in the power of God.",0.539494893677795,MAYBE,,0.6
957,2080119131377453077,"Proclamation 5357—Captive Nations Week, 1985",Ronald Reagan,1985-07-19,the liberties and freedoms which they enjoy as inherent rights are forbidden to many nations it is a time to affirm publicly our convictions that as long as the struggle from within these nations continues and as long as we remain firm in our support the light of freedom will not be extinguished together with the people of these captive nations we fight against military occupation political oppression communist expansion and totalitarian brutality the congress,John 9:5,"As long as I am in the world, I am the light of the world.",0.1150635143032718,MAYBE,,0.4
959,2094674024959448732,"Proclamation 9254—Pan American Day and Pan American Week, 2015",Barack Obama,2015-04-10,address the shared challenges our countries face today when our people-our leaders our civil society members and all the sons and daughters of the americas-join in a spirit of mutual interest and mutual respect we can build a future of greater peace security and possibility for every person who calls the americas home now therefore,Ephesians 4:3,Endeavouring to keep the unity of the Spirit in the bond of peace.,0.6274902986944715,MAYBE,,0.6
961,2158906079464942246,"Proclamation 10863—National Rural Health Day, 2024","Joseph R. Biden, Jr.",2024-11-20,in underserved and rural areas and our investments in the delta region support community-based organizations as they expand access to and coordinate health services in rural communities in the south my administration has also worked to lower the cost of health care for every american we expanded coverage under the affordable care act reducing health,Psalms 126:4,"Turn again our captivity, O LORD, as the streams in the south.",0.2465962656491161,MAYBE,,0.6
964,2201613393006634210,"Proclamation 6625—Thanksgiving Day, 1993",William J. Clinton,1993-11-17,harvest this same spirit of thanksgiving inspires our great nation and our people to act with justice and concern toward all the peoples of the world and toward one another here at home we are grateful for the dramatic progress made towards a comprehensive peace in the middle east and,Psalms 49:1,"Hear this, all ye people; give ear, all ye inhabitants of the world:",0.1127030650015674,MAYBE,,0.6
966,220591055567360155,"Proclamation 8812—National Day of Prayer, 2012",Barack Obama,2012-05-01,own faith directs them to join me in giving thanks for the many blessings we enjoy and i call upon individuals of all faiths to pray for guidance grace and protection for our great nation as we address the challenges of our time in witness whereof i have hereunto set my hand this first day,John 1:16,"And of his fulness have all we received, and grace for grace.",0.8666966193052879,MAYBE,,0.4
971,2229946653144027629,"Proclamation 6189—Minority Enterprise Development Week, 1990",George Bush,1990-09-28,to observe this week with appropriate programs ceremonies and activities in witness whereof i have hereunto set my hand this twenty-eighth day of september in the year of our lord nineteen hundred and ninety and of the independence of the united states of america the two hundred and fifteenth george bush george bush proclamation 6189-minority,1 Corinthians 16:23,The grace of our Lord Jesus Christ be with you.,0.1102116393216506,MAYBE,,0.6
974,2337340989130142012,"Proclamation 8998—Captive Nations Week, 2013",Barack Obama,2013-07-19,know that work is not yet complete even as the light of liberty and justice has spread across the globe too many people still labor in the darkness of tyranny and oppression in too many parts of the world fundamental freedoms remain unrealized and the protections of law extend only to a privileged few captive,Psalms 112:4,"Unto the upright there ariseth light in the darkness: he is gracious, and full of compassion, and righteous.",0.2326297308925023,MAYBE,,0.6
976,2420013728900408786,"Proclamation 9568—Martin Luther King, Jr., Federal Holiday, 2017",Barack Obama,2017-01-13,vigilance-is still required for us to meet the complex demands and defeat the injustices of our time with the same iron will and hope in our hearts it is our duty to secure economic opportunity access to education and equal treatment under the law for all the arc of the,2 Corinthians 1:22,"Who hath also sealed us, and given the earnest of the Spirit in our hearts.",0.1000005569377809,MAYBE,,0.4
978,2463455738979356571,Proclamation 3937—National Adult-Youth Communications Week,Richard Nixon,1969-09-25,was committed to liberty these men debated and questioned each other as equals because each shared the love of freedom that knows no boundary of age the spirit of the signers of the declaration of independence is needed in our nation more than ever before young and old we are all americans and if we,2 Corinthians 3:17,"Now the Lord is that Spirit: and where the Spirit of the Lord is, there is liberty.",0.868113837581951,MAYBE,,0.4
983,2543900866783053558,"Proclamation 3629—John F. Kennedy, A Rededication",Lyndon B. Johnson,1964-11-19,shades of interest and outlook made up a challenge where difficulty was piled upon difficulty and danger upon danger yet he was unshaken in his faith that man's problems could be solved by man and in his determination to make the effort we too must have the courage to confront complexity never permitting it to sever the nerve of action or dull the edge of faith he had qualities of greatness but it is among the hazards of fortune whether character will join with circumstances to produce great deeds it can be said of him,1 Timothy 3:9,Holding the mystery of the faith in a pure conscience.,0.2170527733473974,MAYBE,,0.6
986,2578372295067915826,"Proclamation 8326—National Pearl Harbor Remembrance Day, 2008",George W. Bush,2008-12-05,this monument will preserve our history and help share this heritage with future generations on this anniversary we honor the heroes who risked and lost their lives for our security and freedom their selfless dedication exemplifies the great character of america and continues to inspire our nation the congress by public law 103-308 as amended,Acts 15:26,Men that have hazarded their lives for the name of our Lord Jesus Christ.,0.2072837392557925,MAYBE,,0.6
989,259539643821001435,"Proclamation 4060—World Law Day, 1971",Richard Nixon,1971-06-17,from the time more than 25 centuries ago when a hebrew prophet wrote the lord is our judge our lawgiver our king he will save us western civilization's sense of salvation has been intimately related to its vision of the,Psalms 89:18,For the LORD is our defence; and the Holy One of Israel is our king.,0.4580086162627682,MAYBE,,0.7
990,259539643821001435,"Proclamation 4060—World Law Day, 1971",Richard Nixon,1971-06-17,vision for the freedom the order and the abundance which we enjoy are fruits of its application the great principle that the people are sovereign and that the law they make is supreme has operated with such signal success in our country's history that americans are turning increasingly to the compelling logic of putting it,1 Timothy 1:8,"But we know that the law is good, if a man use it lawfully;",0.2489399963179804,MAYBE,,0.4
992,2632466422638586875,"Proclamation 5760—Martin Luther King, Jr., Day, 1988",Ronald Reagan,1988-01-12,and irrationality of segregation and prejudice his was leadership that spoke to the best in every person's nature and that never failed even in the face of curses and threats iron bars and police lines to turn men's eyes toward the bright and glittering daybreak of freedom and justice arrested,Lamentations 3:35,"To turn aside the right of a man before the face of the most High,",0.3933382622349739,MAYBE,,0.6
995,2671918097787930100,"Proclamation 4474—Thanksgiving Day, 1976",Gerald R. Ford,1976-10-25,for the blessings of liberty peace and plenty that have been bestowed upon a grateful nation the early settlers of this land possessed an unconquerable spirit and a reliance on divine providence that remains a part of the american character that reliance coupled with a belief in ourselves and a love of individual freedom has,Ephesians 4:3,Endeavouring to keep the unity of the Spirit in the bond of peace.,0.7092838417453039,MAYBE,,0.6
996,2671918097787930100,"Proclamation 4474—Thanksgiving Day, 1976",Gerald R. Ford,1976-10-25,to god let us set a standard of honor justice and charity against which all the years of our third century may be measured let us make this thanksgiving a truly special one in witness whereof i have hereunto set my hand this twenty-fifth day of october in the year,Psalms 95:1,"O come, let us sing unto the LORD: let us make a joyful noise to the rock of our salvation.",0.502085025921028,MAYBE,,0.4
1000,2687786251894144781,Proclamation 10606—Establishment of the Baaj Nwaavjo I'tah Kukveni-Ancestral Footprints of the Grand Canyon National Monument,"Joseph R. Biden, Jr.",2023-08-08,including its application to a particular parcel of land is held to be invalid the remainder of this proclamation and its application to other parcels of land shall not be affected thereby in witness whereof i have hereunto set my hand this eighth day of august in the year of our lord two thousand twenty-three,Amos 7:6,"The LORD repented for this: This also shall not be, saith the Lord GOD.",0.7487209400313876,MAYBE,,0.6
1002,2747544601384092386,"Proclamation 5914—National Book Week, 1988",Ronald Reagan,1988-11-23,the early pioneers to follow them across new horizons of discovery in the americas likewise the writings of political philosophers and scholars from ancient times onward imparted wisdom and knowledge to the lovers of liberty who declared our country's independence another book the bible gave them enduring inspiration and deep confidence in the transcendent value,Colossians 2:3,In whom are hid all the treasures of wisdom and knowledge.,0.9820257920751182,MAYBE,,0.6
1006,2764880289327439409,"Proclamation 8564—National Employer Support of the Guard and Reserve Week, 2010",Barack Obama,2010-09-17,as we celebrate national employer support of the guard and reserve week we honor those who serve in the national guard and reserve and we give thanks to their employers whose support and encouragement is critical to the strength of our armed forces making up nearly half of our military force the men and women,1 Thessalonians 1:2,"We give thanks to God always for you all, making mention of you in our prayers;",0.1402518842185787,MAYBE,,0.6
1007,2764880289327439409,"Proclamation 8564—National Employer Support of the Guard and Reserve Week, 2010",Barack Obama,2010-09-17,as we celebrate national employer support of the guard and reserve week we honor those who serve in the national guard and reserve and we give thanks to their employers whose support and encouragement is critical to the strength of our armed forces making up nearly half of our military force the men and women,Colossians 1:3,"We give thanks to God and the Father of our Lord Jesus Christ, praying always for you,",0.4488536249783288,MAYBE,,0.7
1008,2767928765562473968,"Proclamation 3359—National Day of Prayer, 1960",Dwight D. Eisenhower,1960-07-22,abundant gifts of our creator second that the heritage of a faith born of hope and raised in sacrifice lays upon its heirs the high calling of being generous and responsible stewards in our own and among the kindred nations of the earth third that in this time of testing,Philippians 3:14,I press toward the mark for the prize of the high calling of God in Christ Jesus.,0.576542151782156,MAYBE,,0.4
1013,287853943263574305,"Proclamation 7411—Women's History Month, 2001",George W. Bush,2001-03-01,month with appropriate ceremonies and activities and to remember their contributions throughout the year in witness whereof i have hereunto set my hand this first day of march in the year of our lord two thousand one and of the independence of the united states of america the two hundred,Exodus 40:17,"And it came to pass in the first month in the second year, on the first day of the month, that the tabernacle was reared up.",0.4941148450724056,MAYBE,,0.6
1015,2914810588643703531,"Proclamation 10482—National First Responders Day, 2022","Joseph R. Biden, Jr.",2022-10-27,who have lost their lives in the line of duty in witness whereof i have hereunto set my hand this twenty-seventh day of october in the year of our lord two thousand twenty-two and of,Acts 15:26,Men that have hazarded their lives for the name of our Lord Jesus Christ.,0.1313180566292522,MAYBE,,0.6
1018,2962973888298201464,"Proclamation 7148—Thanksgiving Day, 1998",William J. Clinton,1998-11-17,of the united states to assemble in their homes places of worship or community centers to share the spirit of goodwill and prayer to express heartfelt thanks to god for the many blessings he has bestowed upon us and to reach out in true gratitude and friendship to our brothers and sisters across this land who together comprise our great american family in witness whereof i have hereunto set my hand this seventeenth day of november in the year of our lord nineteen hundred and,Colossians 1:3,"We give thanks to God and the Father of our Lord Jesus Christ, praying always for you,",0.3513101399727134,MAYBE,,0.6
1019,2967203469108231525,"Proclamation 9137—National Caribbean-American Heritage Month, 2014",Barack Obama,2014-05-30,working to advance commonsense immigration reform that will allow future generations of caribbean americans to share their talents with our nation as america celebrates our caribbean heritage let us hold fast to the spirit that makes our country a beacon to the world this month let us remember that we are always at our best,Hebrews 10:23,Let us hold fast the profession of our faith without wavering; (for he is faithful that promised;),0.1790351021701055,MAYBE,,0.7
1021,3021260152931253893,Proclamation 10287—Northeast Canyons and Seamounts Marine National Monument,"Joseph R. Biden, Jr.",2021-10-08,entire interrelated system in the case of the seamounts unit the boundary encompasses the four seamounts and the areas between the edges of bear and retriever seamounts on the north side bear and mytilus seamounts on the south side and out to the boundary line of the exclusive economic zone on the east side these,Joshua 19:14,And the border compasseth it on the north side to Hannathon: and the outgoings thereof are in the valley of Jiphthahel:,0.4530166335425593,MAYBE,,0.6
1022,3021260152931253893,Proclamation 10287—Northeast Canyons and Seamounts Marine National Monument,"Joseph R. Biden, Jr.",2021-10-08,are objects of historic or scientific interest in need of protection under the antiquities act and whereas i find that the unique nature of the waters and submerged lands that make up the marine environment in the northeast canyons and seamounts area and the collection of objects and resources therein,Job 26:5,"Dead things are formed from under the waters, and the inhabitants thereof.",0.1626841295476475,MAYBE,,0.5
1025,3056718074577940227,"Proclamation 9214—Thanksgiving Day, 2014",Barack Obama,2014-11-26,a native tribe who extended a hand to a new people has endured during the american revolution and the civil war days of thanksgiving drew americans together in prayer and in the spirit that guides us to better days and in each year since our nation has paused to show our gratitude for our families,Colossians 4:2,"Continue in prayer, and watch in the same with thanksgiving;",0.5348551294765866,MAYBE,,0.6
1026,3070376208600843686,"Proclamation 2978—National Day of Prayer, 1952",Harry S Truman,1952-06-17,may beseech god to grant us wisdom to know the course which we should follow and strength and patience to pursue that course steadfastly may we also give thanks to him for his constant watchfulness over us in every hour of national prosperity and national peril in witness whereof i have hereunto set my hand,1 Thessalonians 1:2,"We give thanks to God always for you all, making mention of you in our prayers;",0.5357133943104753,MAYBE,,0.4
1030,3140888919437269404,"Proclamation 7686—Father's Day, 2003",George W. Bush,2003-06-13,the many fathers who are heroes and role models for their children and we encourage more men to fulfill this responsibility by loving their sons and daughters with all their,2 Chronicles 24:3,And Jehoiada took for him two wives; and he begat sons and daughters.,0.420074387902031,MAYBE,,0.6
1031,3213963023921927527,"Proclamation 7812—Patriot Day, 2004",George W. Bush,2004-09-10,fought a relentless war on terror around the world we are staying on the offensive in this war striking the terrorists abroad so we do not have to face them here at home we pray that god watch over our brave men and women in uniform and all who are,2 Corinthians 10:3,"For though we walk in the flesh, we do not war after the flesh:",0.1692140607876475,MAYBE,,0.7
1034,3324254722662935610,"Proclamation 10638—National Domestic Violence Awareness and Prevention Month, 2023","Joseph R. Biden, Jr.",2023-09-29,first responders service providers and community members who work to make sure that every american can live in safety with dignity and respect i was always taught there is no worse sin than the abuse of power especially when that abuse is directed toward a partner but just decades ago much of our nation wanted,Romans 2:11,For there is no respect of persons with God.,0.1103350944140246,MAYBE,,0.6
1038,3382136115621295365,"Proclamation 9874—National Day of Prayer, 2019",Donald J. Trump (1st Term),2019-04-30,a proclamation designating the first thursday in may as a national day of prayer today on this national day of prayer we once again come together to give thanks to almighty god for the bountiful blessings he has bestowed on our great nation and to ask for his unfailing counsel we also acknowledge our dependence,Psalms 136:3,O give thanks to the Lord of lords: for his mercy endureth for ever.,0.1192239394531399,MAYBE,,0.4
1039,3382136115621295365,"Proclamation 9874—National Day of Prayer, 2019",Donald J. Trump (1st Term),2019-04-30,of prayer let each of us according to our own faiths call upon god for his guidance and express our gratitude for the love and grace he bestows on us and our country now therefore i donald j trump president of the united states of america by virtue of the authority vested in me by,Ephesians 4:7,But unto every one of us is given grace according to the measure of the gift of Christ.,0.6331178097373111,MAYBE,,0.5
1040,3382136115621295365,"Proclamation 9874—National Day of Prayer, 2019",Donald J. Trump (1st Term),2019-04-30,of prayer let each of us according to our own faiths call upon god for his guidance and express our gratitude for the love and grace he bestows on us and our country now therefore i donald j trump president of the united states of america by virtue of the authority vested in me by,John 1:16,"And of his fulness have all we received, and grace for grace.",0.7058568271904583,MAYBE,,0.6
1043,3406640845268232822,"Proclamation 8322—Thanksgiving Day, 2008",George W. Bush,2008-11-21,to obey his will to be grateful for his benefits and humbly to implore his protection and favor while in the midst of the civil war president abraham lincoln revived the tradition of proclaiming a day of thanksgiving asking god to heal our wounds and restore our country today as we look back on the,Psalms 105:42,"For he remembered his holy promise, and Abraham his servant.",0.4775914604308982,MAYBE,,0.6
1044,3406640845268232822,"Proclamation 8322—Thanksgiving Day, 2008",George W. Bush,2008-11-21,pay tribute to all caring citizens who reach out a helping hand and serve a cause larger than themselves on this day let us all give thanks to god who blessed our nation's first days and who blesses us today may he continue to guide and watch over our families and our country always now,Colossians 1:3,"We give thanks to God and the Father of our Lord Jesus Christ, praying always for you,",0.5706786666606342,MAYBE,,0.4
1045,3406640845268232822,"Proclamation 8322—Thanksgiving Day, 2008",George W. Bush,2008-11-21,to gather together in their homes and places of worship with family friends and loved ones to strengthen the ties that bind us and give thanks for the freedoms and many blessings we enjoy in witness whereof i have hereunto set my hand this twenty-first day of november in the,1 Thessalonians 5:18,In every thing give thanks: for this is the will of God in Christ Jesus concerning you.,0.4621805989562981,MAYBE,,0.6
1047,3407426883517937291,"Proclamation 3501—National Day of Prayer, 1962",John F. Kennedy,1962-10-11,whereas faith in almighty god was a dominant power in the lives of our founding fathers and whereas they expressed this faith in prayer and in this posture members of the continental congress mutually pledged their lives their fortunes and their sacred honor and whereas each succeeding generation has shared that faith and whereas in full recognition of our dependence upon almighty god and for our continuing need of his great blessings the congress of the united states by joint,1 Corinthians 2:5,"That your faith should not stand in the wisdom of men, but in the power of God.",0.5002212441178809,MAYBE,,0.4
1050,3411193422338252073,"Proclamation 7343—Citizenship Day and Constitution Week, 2000",William J. Clinton,2000-09-17,provided our nation with the resilience to survive trying times and the flexibility to correct past injustices at every turning point in our history the letter and spirit of the constitution have enabled us to reaffirm our union and expand the meaning of liberty its success can be measured by the millions of people who,2 Corinthians 3:17,"Now the Lord is that Spirit: and where the Spirit of the Lord is, there is liberty.",0.4655311074419662,MAYBE,,0.4
1054,3448992819086935671,"Proclamation 2823—Thanksgiving Day, 1948",Harry S Truman,1948-11-12,of an international forum where differences among nations may be submitted to world opinion with a view to harmonious adjustment we pray this year not only in the spirit of thanksgiving but also as suppliants for wisdom in our approach to the problems confronting this nation believing in the dignity of man and his right,2 Corinthians 8:21,"Providing for honest things, not only in the sight of the Lord, but also in the sight of men.",0.1090496706752831,MAYBE,,0.6
1062,3563086320694168595,Proclamation 3907—Announcing the Death of Dwight David Eisenhower,Richard Nixon,1969-03-28,could offer comfort and solace even during the darkest hours and so it should be with us who today mourn his death the memory of his greatness is now one of those real treasures free men possess it belongs now to all americans and in its simplicity its devotion its courage and its compassion his,Psalms 145:3,"Great is the LORD, and greatly to be praised; and his greatness is unsearchable.",0.5369038265567657,MAYBE,,0.4
1066,363845280162222376,"Proclamation 8859—National Days of Prayer and Remembrance, 2012",Barack Obama,2012-09-07,from us with terrible swiftness stand with their friends and family honor the courageous patriots who responded in our country's moment of need and with god's grace rededicate ourselves to a spirit of unity and renewal those who attacked us sought to deprive our nation of the very ideals for which we stand-but in the,John 1:16,"And of his fulness have all we received, and grace for grace.",0.6901690870279934,MAYBE,,0.6
1067,363845280162222376,"Proclamation 8859—National Days of Prayer and Remembrance, 2012",Barack Obama,2012-09-07,stand with their friends and family honor the courageous patriots who responded in our country's moment of need and with god's grace rededicate ourselves to a spirit of unity and renewal those who attacked us sought to deprive our nation of the very ideals for which we stand-but in the aftermath of this tragedy the,Ephesians 4:3,Endeavouring to keep the unity of the Spirit in the bond of peace.,0.4919620127733846,MAYBE,,0.7
1068,3676475336557931959,"Proclamation 7050—Veterans Day, 1997",William J. Clinton,1997-11-07,families of those still missing we owe the fullest possible accounting and every effort to determine the fate of their loved ones and to those who have died for us and for our country whether here at home or on some foreign battlefield we owe our lasting respect and the pledge to meet america's future,1 Thessalonians 5:10,"Who died for us, that, whether we wake or sleep, we should live together with him.",0.6518546520121976,MAYBE,,0.4
1071,3696887658963821311,"Proclamation 7205—Father's Day, 1999",William J. Clinton,1999-06-18,achieve their full potential as children grow and mature-from toddlers carried on their fathers shoulders to teenagers who need help navigating the challenges of adolescence to young men and women who need guidance on life love family and career-their relationships with their fathers change as well yet the need for a father's friendship and wisdom,Psalms 148:12,"Both young men, and maidens; old men, and children:",0.5745275663290358,MAYBE,,0.3
1075,3733502643222952020,"Proclamation 7504—Thanksgiving Day, 2001",George W. Bush,2001-11-16,during these extraordinary times we find particular assurance from our thanksgiving tradition which reminds us that we as a people and individually always have reason to hope and trust in god despite great adversity in 1621 in new england the pilgrims gave thanks to god in whom they placed their hope even though a bitter winter had taken many of their brethren in the winter of 1777 general george washington and his army having just suffered great misfortune stopped near valley forge pennsylvania to give thanks to god and there in the throes of great difficulty they found the hope they needed to persevere that hope in freedom eventually inspired them to victory in 1789 president washington recollecting the countless blessings for which our new nation should give thanks declared the first national day of,Acts 24:15,"And have hope toward God, which they themselves also allow, that there shall be a resurrection of the dead, both of the just and unjust.",0.5340535675442455,MAYBE,,0.6
1076,3733502643222952020,"Proclamation 7504—Thanksgiving Day, 2001",George W. Bush,2001-11-16,during these extraordinary times we find particular assurance from our thanksgiving tradition which reminds us that we as a people and individually always have reason to hope and trust in god despite great adversity in 1621 in new england the pilgrims gave thanks to god in whom they placed their hope even though a bitter winter had taken many of their brethren in the winter of 1777 general george washington and his army having just suffered great misfortune stopped near valley forge pennsylvania to give thanks to god and there in the throes of great difficulty they found the hope they needed to persevere that hope in freedom eventually inspired them to victory in 1789 president washington recollecting the countless blessings for which our new nation should give thanks declared the first national day of,Hebrews 6:19,"Which hope we have as an anchor of the soul, both sure and stedfast, and which entereth into that within the veil;",0.1876238479545643,MAYBE,,0.7
1077,3733502643222952020,"Proclamation 7504—Thanksgiving Day, 2001",George W. Bush,2001-11-16,that we as a people and individually always have reason to hope and trust in god despite great adversity in 1621 in new england the pilgrims gave thanks to god in whom they placed their hope even though a bitter winter had taken many of their brethren in the winter of 1777 general george washington and his army having just suffered great misfortune stopped near valley forge pennsylvania to give thanks to god and there in the throes of great difficulty they found the hope they needed to persevere that hope in freedom eventually inspired them to victory in 1789,Colossians 1:3,"We give thanks to God and the Father of our Lord Jesus Christ, praying always for you,",0.9134059880731956,MAYBE,,0.4
1080,3733502643222952020,"Proclamation 7504—Thanksgiving Day, 2001",George W. Bush,2001-11-16,americans of every belief and heritage give thanks to god for the many blessings we enjoy as a free faithful and fair-minded land let us particularly give thanks for the selfless sacrifices of those who responded in service to others after the terrorist attacks setting aside their own safety as they reached out to help their neighbors let us also give thanks for our leaders at every level who have planned and coordinated the myriad of responses needed to address this unprecedented national crisis and let us give thanks for the millions of people of faith who have opened their hearts to those in need with love and prayer bringing us a deeper unity and,Ephesians 1:16,"Cease not to give thanks for you, making mention of you in my prayers;",0.8960803145921843,MAYBE,,0.4
1082,3761669981531012525,"Proclamation 8559—Patriot Day and National Day of Service and Remembrance, 2010",Barack Obama,2010-09-10,unity in the wake of loss and uncertainty americans from every corner of our country joined together to demonstrate the unparalleled human capacity for good to rekindle this spirit i signed the edward m kennedy serve america act last year which recognizes september 11 as a national day of service and remembrance i called upon,Ephesians 4:3,Endeavouring to keep the unity of the Spirit in the bond of peace.,0.6507349782653347,MAYBE,,0.6
1084,3802995937367379382,"Proclamation 10736—Jewish American Heritage Month, 2024","Joseph R. Biden, Jr.",2024-04-30,honor jewish americans who have never given up on the promise of our nation we celebrate the contributions culture and values that they have passed down from generation to generation and that have shaped who we are as americans we remember that the power lies within each of us to rise together against hate to,Joel 3:20,"But Judah shall dwell for ever, and Jerusalem from generation to generation.",0.5345342627209023,MAYBE,,0.6
1086,3873280044294756817,"Proclamation 8541—Captive Nations Week, 2010",Barack Obama,2010-07-16,that the world can change and walls could come down their courageous struggles and ultimate success-and the enduring conviction of all who keep the light of freedom alive-remind us that human destiny will be what we make of it the journey towards worldwide freedom and democracy sought in 1959 remains,John 9:5,"As long as I am in the world, I am the light of the world.",0.3125671212626402,MAYBE,,0.4
1090,3913525951391391237,"Proclamation 5966—Jewish Heritage Week, 1989",George Bush,1989-05-01,judaic traditions of defending freedom promoting justice and assisting those in need are embraced by our nation's own laws and customs like so many others jews came to the united states in search of freedom and a chance to build a better life they found this land rich in educational and economic opportunities and have,John 11:19,"And many of the Jews came to Martha and Mary, to comfort them concerning their brother.",0.7548972143077249,MAYBE,,0.6
1093,3943106448284528024,"Proclamation 9274—National Day of Prayer, 2015",Barack Obama,2015-05-06,those who mourn for healing for those who are sick and for protection for those who are in harm's way when we pray we are reminded that we are not alone-our hope is a common hope our pain is shared and we are all children of god around the globe too few know the protections we enjoy in america millions of individuals worldwide are subjected to discrimination abuse and sanctioned,Romans 8:16,"The Spirit itself beareth witness with our spirit, that we are the children of God:",0.1435300981937388,MAYBE,,0.6
1095,3943106448284528024,"Proclamation 9274—National Day of Prayer, 2015",Barack Obama,2015-05-06,fellowship we seek to see our own reflection in the struggle of others to be our brothers and sisters keepers and to keep faith-in one another in the promise of our nation and in the almighty the congress by public law 100-307 as amended has called on the president to issue each year a proclamation,Ephesians 5:21,Submitting yourselves one to another in the fear of God.,0.8145978368423565,MAYBE,,0.4
1109,4099554699499644804,Proclamation 4112—National Day of Prayer,Richard Nixon,1972-02-17,but until the deed is done and the peace is won we must be patient and strong therefore let each man woman and child in this land recall the ancient wisdom of the scriptures our help is in the name,Jeremiah 42:13,"But if ye say, We will not dwell in this land, neither obey the voice of the LORD your God,",0.1366677488628767,MAYBE,,0.6
1117,4133605485579787351,"Proclamation 5309—Afghanistan Day, 1985",Ronald Reagan,1985-03-21,in a time of prosperity we do not think of hunger and hardship in a time of peace we do not think of suffering and war in a time when our families are together and healthy we do not think of the pain we would feel if they were pulled apart yet for the people of afghanistan it is impossible to escape such thoughts because,2 Corinthians 10:3,"For though we walk in the flesh, we do not war after the flesh:",0.1155860165854476,MAYBE,,0.6
1120,4205166955462941562,"Proclamation 5802—National Child Abuse Prevention Month, 1988",Ronald Reagan,1988-04-28,the innocence and the godgiven individual dignity and worth of every child and treasure the sanctity of every human life it is in this spirit that we must assure america's children a loving safe and healthful environment the members of professions such as law enforcement social work church medicine mental,Romans 8:16,"The Spirit itself beareth witness with our spirit, that we are the children of God:",0.7230578061963501,MAYBE,,0.6
1121,4224939565308656789,"Proclamation 4083—Veterans Day, 1971",Richard Nixon,1971-09-23,there are no persons more deeply devoted to peace than those who have directly experienced the horrors of war and there is no group of americans who have done more to prepare the way for lasting peace than those who have actively resisted the forces of aggression and tyranny as,Isaiah 48:22,"There is no peace, saith the LORD, unto the wicked.",0.7654281035007063,MAYBE,,0.7
1123,4283572029605885232,"Proclamation 5713—National Poison Prevention Week, 1988",Ronald Reagan,1987-10-01,week by participating in appropriate ceremonies and events and by learning how to prevent childhood poisonings in witness whereof i have hereunto set my hand this first day of october in the year of our lord nineteen hundred and eighty-seven and of the independence of the united states of america the two hundred and twelfth,Mark 16:2,"And very early in the morning the first day of the week, they came unto the sepulchre at the rising of the sun.",0.2829198649378652,MAYBE,,0.6
1126,4340570246480818498,"Proclamation 9100—National Volunteer Week, 2014",Barack Obama,2014-04-04,in the example of our people with unity of purpose and unmatched resolve we confront our shared challenges as one people and emerge stronger than before we saw this spirit in action when in the wake of a devastating mudslide in washington state americans stepped in to provide food shelter and support to survivors we,Ephesians 4:3,Endeavouring to keep the unity of the Spirit in the bond of peace.,0.3166718558040857,MAYBE,,0.6
1129,4385502621284784254,"Proclamation 9457—Lesbian, Gay, Bisexual, and Transgender Pride Month, 2016",Barack Obama,2016-05-31,has made great strides in recognizing what these brave individuals long knew to be true in their hearts-that love is love and that no person should be judged by anything but the content of their character during lesbian gay bisexual and transgender pride month as americans wave their flags of pride high and march boldly,James 2:12,"So speak ye, and so do, as they that shall be judged by the law of liberty.",0.4650260892783774,MAYBE,,0.6
1133,4498112400412078354,Proclamation 7318—Establishment of the Cascade-Siskiyou National Monument,William J. Clinton,2000-06-09,habitat crucial to the threatened northern spotted owl and numerous other bird species such as the western bluebird the western meadowlark the pileated woodpecker the flammulated owl and the pygmy nuthatch the monument's geology contributes substantially to its spectacular biological diversity the majority of the monument is within the cascade mountain range the western edge,Deuteronomy 14:16,"The little owl, and the great owl, and the swan,",0.6641105758490428,MAYBE,,0.7
1134,4503194666388908407,"Proclamation 3036—Thanksgiving Day, 1953",Dwight D. Eisenhower,1953-11-07,time to follow the tradition handed down by our pilgrim fathers of pausing from our labors for one day to render thanks to almighty god for his bounties now that the year is drawing to a close once again it is fitting that we incline our thoughts to his mercies,2 Corinthians 9:15,Thanks be unto God for his unspeakable gift.,0.187296423472402,MAYBE,,0.4
1137,4512163878016474965,"Proclamation 6758—National Pearl Harbor Remembrance Day, 1994",William J. Clinton,1994-11-29,americans made the ultimate sacrifice to ensure the continued survival of our nation and the precious gift of peace on this day we give thanks to the noble veterans of world war ii for the priceless liberty they helped to secure for them for their children and for all the,Psalms 136:3,O give thanks to the Lord of lords: for his mercy endureth for ever.,0.3903556865559878,MAYBE,,0.4
1142,4576741168773518845,Proclamation 10873—Establishment of the Frances Perkins National Monument,"Joseph R. Biden, Jr.",2024-12-16,a particular parcel of land is held to be invalid the remainder of this proclamation and its application to other parcels of land shall not be affected thereby in witness whereof i have hereunto set my hand this sixteenth day of december in the year of our lord two thousand,Amos 7:3,"The LORD repented for this: It shall not be, saith the LORD.",0.3318478216474904,MAYBE,,0.6
1144,4587585409670669991,"Proclamation 10805—National Grandparents Day, 2024","Joseph R. Biden, Jr.",2024-09-06,grandparents and recognize their continuing contributions to our nation throughout my life i have carried the values my grandparents instilled in me-but above all i have carried in my heart their memories and unconditional love like grandparents across the country they taught me to be resilient no matter what life may hand you to take,Romans 9:2,That I have great heaviness and continual sorrow in my heart.,0.3448792972191697,MAYBE,,0.6
1147,462812764724582296,"Proclamation 6106—National Consumers Week, 1990",George Bush,1990-03-08,balancing consumer spending and saving and investing for the future the ability to read labels to follow written instructions and to balance a checkbook is essential not only in the marketplace but also in the workplace ensuring that all americans especially those young people currently studying in our nation's schools gain such knowledge and skills is a responsibility and challenge,2 Corinthians 8:21,"Providing for honest things, not only in the sight of the Lord, but also in the sight of men.",0.1472330218224612,MAYBE,,0.6
1148,464144880927241189,"Proclamation 6525—National Day of Fellowship and Hope, 1993",William J. Clinton,1993-01-20,proclamation as i assume the office of president i stand humbly before god and ask for his guidance and blessings for our great nation at the same time i ask the citizens of america to join me in renewing our commitment to the american ideals of fellowship and hope the obligation of a president is,Jeremiah 31:1,"At the same time, saith the LORD, will I be the God of all the families of Israel, and they shall be my people.",0.1708465176816573,MAYBE,,0.5
1150,464144880927241189,"Proclamation 6525—National Day of Fellowship and Hope, 1993",William J. Clinton,1993-01-20,that we are united in a common purpose working toward a common good in renewing our commitment to fellowship throughout our great nation we recall the spirit of thomas jefferson who said on the occasion of his first inaugural address let us then fellow citizens unite with one heart and one mind let us restore,Ephesians 4:23,And be renewed in the spirit of your mind;,0.283752497570619,MAYBE,,0.6
1154,4674857345273963236,"Proclamation 6997—Loyalty Day, 1997",William J. Clinton,1997-05-01,of country and to defend democracy advance human rights and oppose the specter of oppression today we are blessed to be living in a time of unprecedented peace and possibility when the ideals of democracy and human dignity so eloquently articulated by our founders have been widely embraced by nations,Ecclesiastes 3:8,"A time to love, and a time to hate; a time of war, and a time of peace.",0.2813936305043865,MAYBE,,0.6
1155,46877978372141573,"Proclamation 6173—Citizenship Day and Constitution Week, 1990",George Bush,1990-08-28,incapable of the baseness which manifests itself either in arrogance or in envy but who while demanding justice for himself is no less scrupulous to do justice to others responsible citizenship begins with being a loving and responsible parent an eager and attentive student and a just and caring neighbor as citizens of the united,Psalms 82:3,Defend the poor and fatherless: do justice to the afflicted and needy.,0.6993269123862927,MAYBE,,0.4
1159,4730882461157861242,"Proclamation 5959—Law Day, U.S.A., 1989",George Bush,1989-04-21,is reflected in the solemn oath taken by all federal judges before they assume office the vow to administer justice without respect to persons and do equal right to the poor and to the rich under that oath judges must decide every citizen's claim on its merits not on the basis of the claimant's status,Job 36:6,He preserveth not the life of the wicked: but giveth right to the poor.,0.2230434079743384,MAYBE,,0.6
1162,4772647092041539207,Proclamation 3754—Educational and Cultural Materials,Lyndon B. Johnson,1966-11-03,i have hereunto set my hand and caused the seal of the united states of america to be affixed done at the city of washington this third day of november in the year of our lord nineteen hundred and sixty-six and of the independence of the united states of america the one hundred and ninety-first,Ezra 6:15,"And this house was finished on the third day of the month Adar, which was in the sixth year of the reign of Darius the king.",0.1389336964313208,MAYBE,,0.6
1163,4787293315377012512,Proclamation 2267—Extending the Period for Furnishing Proof of Use in Manufacture of Bonded Wool and Camel Hair,Franklin D. Roosevelt,1937-12-29,"the tariff act of 1930 46 stat 696 u.s.c title 19,sec 1318 provides whenever the president shall by proclamation declare an emergency to exist by reason of a state of war or otherwise he may authorize the secretary of the treasury to extend during the continuance of such emergency the time herein prescribed for the",John 6:18,And the sea arose by reason of a great wind that blew.,0.1113626899028077,MAYBE,,0.5
1164,4792068079306056980,"Proclamation 5936—National Day of Prayer and Thanksgiving, 1989",George Bush,1989-01-20,authority vested in me by the constitution and laws of the united states do hereby proclaim january 22 1989 a national day of prayer and thanksgiving and call upon the citizens of our great nation to gather together on this day in homes and places of worship to pray in thanksgiving for our blessings of,Psalms 116:17,"I will offer to thee the sacrifice of thanksgiving, and will call upon the name of the LORD.",0.4526905912699905,MAYBE,,0.6
1166,4842198958196071547,"Proclamation 7701—National Days of Prayer and Remembrance, 2003",George W. Bush,2003-09-04,about the character of america during these national days of prayer and remembrance we honor those who were killed and their families and we ask god for strength and wisdom as we carry out the noble mission that our nation began that morning the passage of time cannot erase the pain and devastation that were inflicted on our people we will always remember those who were brutally taken from us and we ask god to comfort the loved ones left behind their courage and determination have inspired our nation we thank god for the unity and compassion americans have demonstrated since september 11 2001 the great strength of america is the heart and soul of the american people and we will continue to help those who are hurting or are in need we pray that god watch over our brave men and women in uniform we are grateful to them and to their families for their service and sacrifice we pray for peace and ask god for patience and resolve in our war against terror and evil this conflict was begun on the timing and terms of others it will end in a way and,2 Samuel 10:12,"Be of good courage, and let us play the men for our people, and for the cities of our God: and the LORD do that which seemeth him good.",0.4116610607617008,MAYBE,,0.7
1169,4857535540795640588,"Proclamation 5577—American Indian Week, 1986",Ronald Reagan,1986-11-24,greater indian control of indian resources during the thanksgiving season generations of americans have been reminded of the early friendship of the pilgrims and american indians we give thanks to god for the friendship cooperation and brotherhood between american indians and other americans as we thank him for all the many blessings he bestows on,Colossians 1:3,"We give thanks to God and the Father of our Lord Jesus Christ, praying always for you,",0.2014275946513978,MAYBE,,0.6
1171,4871453971326342106,"Proclamation 4905—National Construction Industry Week, 1982",Ronald Reagan,1982-03-01,the united states and all government agencies to observe the week with appropriate programs ceremonies and activities in witness whereof i have hereby set my hand this first day of march in the year of our lord nineteen hundred and eighty two and of the independence of the united states of america the two hundred,Mark 16:2,"And very early in the morning the first day of the week, they came unto the sepulchre at the rising of the sun.",0.2585197144670347,MAYBE,,0.6
1173,4891960044350035071,"Proclamation 3750—National Day of Prayer, 1966",Lyndon B. Johnson,1966-10-01,and in his own faith let us recognize our dependence upon almighty god express thanksgiving for the blessings he has bestowed upon us examine our hearts in the light of his word end the brutal divisions between his children in witness whereof i have hereunto set my hand and caused the seal of the united,Isaiah 2:5,"O house of Jacob, come ye, and let us walk in the light of the LORD.",0.1046382047433769,MAYBE,,0.4
1178,5036631265930803629,"Proclamation 10083—Gold Star Mother's and Family's Day, 2020",Donald J. Trump (1st Term),2020-09-25,who gave their lives in service to this nation and to their families who remain forever changed on this solemn day of remembrance we hold these families in our hearts remember them in our prayers support them in our words and deeds and join them in honoring their hero's ultimate sacrifice may god provide them,2 Corinthians 1:22,"Who hath also sealed us, and given the earnest of the Spirit in our hearts.",0.2964623484771613,MAYBE,,0.6
1179,5038566699129731864,Proclamation 4211—Thirtieth Anniversary of the Warsaw Ghetto Uprising,Richard Nixon,1973-04-21,ghetto who by their heroic deeds reaffirmed the determination of the oppressed to fight for freedom and dignity and thereby helped keep alive the spirit of liberty in witness whereof i have hereunto set my hand this twenty-first day of april in the year of our lord nineteen hundred seventy-three,2 Corinthians 3:17,"Now the Lord is that Spirit: and where the Spirit of the Lord is, there is liberty.",0.9325528621696488,MAYBE,,0.4
1184,5122552485199558334,"Proclamation 10225—National Immigrant Heritage Month, 2021","Joseph R. Biden, Jr.",2021-06-01,our nation's founding and to observe this month with appropriate programming and activities in witness whereof i have hereunto set my hand this first day of june in the year of our lord two thousand twenty-one and of the independence of the united states of america the two hundred and,Exodus 40:17,"And it came to pass in the first month in the second year, on the first day of the month, that the tabernacle was reared up.",0.404828950952515,MAYBE,,0.6
1190,5210387832993317785,"Proclamation 2692—Flag Day, 1946",Harry S Truman,1946-05-29,a people and the many blessings which providence has heaped upon us and whereas for many years it has been customary to observe the anniversary of the day of the adoption of the flag as flag day and whereas in this year following our great victories on the field of battle it is especially appropriate,Isaiah 34:8,"For it is the day of the LORD's vengeance, and the year of recompences for the controversy of Zion.",0.1114575306978085,MAYBE,,0.6
1192,5228882590821297319,"Proclamation 7289—National Former Prisoner of War Recognition Day, 2000",William J. Clinton,2000-04-08,in many of our darkest hours as we observe this special day for the first time in this new century let us remember and honor the sacrifices of america's prisoners of war and their families and let us keep faith with them by remaining resolute in defending liberty and securing a just and peaceful world,Psalms 107:22,"And let them sacrifice the sacrifices of thanksgiving, and declare his works with rejoicing.",0.7397037182917199,MAYBE,,0.6
1194,5259187020882242345,Proclamation 5073—Bicentennial Year of the Birth of Simon Bolivar,Ronald Reagan,1983-07-19,ideals bind us closer together bolivar more than any other figure in the history of the western hemisphere understood that while we are citizens of separate countries we are members of one family in the new world-we are americans the congress of the united states by senate concurrent resolution 14 has authorized and requested the,Ephesians 5:30,"For we are members of his body, of his flesh, and of his bones.",0.161580463126754,MAYBE,,0.4
1196,5304839944549520154,"Proclamation 6181—Religious Freedom Week, 1990",George Bush,1990-09-20,with appropriate programs ceremonies and activities in witness whereof i have hereunto set my hand this twentieth day of september in the year of our lord nineteen hundred and ninety and of the independence of the united states of america the two hundred and fifteenth george bush george bush proclamation,1 Corinthians 16:23,The grace of our Lord Jesus Christ be with you.,0.1259894130971371,MAYBE,,0.3
1197,5321461277078617623,"Proclamation 3727—Prayer for Peace, Memorial Day, 1966",Lyndon B. Johnson,1966-05-26,may be heard on this memorial day as we honor the memory of brave men who have borne our colors in war we pray to god for his mercy we pray for the wisdom to find a way to end this struggle of nation against nation of brother against brother we pray that soon we,Psalms 136:2-3,O give thanks unto the God of gods: for his mercy endureth for ever. O give thanks to the Lord of lords: for his mercy endureth for ever.,0.459723356521124,MAYBE,,0.6
1198,5321461277078617623,"Proclamation 3727—Prayer for Peace, Memorial Day, 1966",Lyndon B. Johnson,1966-05-26,may be heard on this memorial day as we honor the memory of brave men who have borne our colors in war we pray to god for his mercy we pray for the wisdom to find a way to end this struggle of nation against nation of brother against brother we pray that soon we,Psalms 136:23,Who remembered us in our low estate: for his mercy endureth for ever:,0.3569455437834306,MAYBE,,0.5
1199,5321461277078617623,"Proclamation 3727—Prayer for Peace, Memorial Day, 1966",Lyndon B. Johnson,1966-05-26,may be heard on this memorial day as we honor the memory of brave men who have borne our colors in war we pray to god for his mercy we pray for the wisdom to find a way to end this struggle of nation against nation of brother against brother we pray that soon we,Psalms 136:26,O give thanks unto the God of heaven: for his mercy endureth for ever.,0.320426119553152,MAYBE,,0.6
1202,5344663376061975881,"Proclamation 7780—National Day of Prayer, 2004",George W. Bush,2004-04-30,encourages americans of every faith to give thanks for god's many blessings and to pray for each other and our nation prayer is an opportunity to praise god for his mighty works his gift of freedom his mercy and his boundless love through prayer we recognize the limits of earthly power and acknowledge the sovereignty,2 Corinthians 9:15,Thanks be unto God for his unspeakable gift.,0.4737443242688158,MAYBE,,0.6
1208,5386444991174418696,"Proclamation 7123—Citizenship Day and Constitution Week, 1998",William J. Clinton,1998-09-16,and women cared so intensely about our nation and their fellow human beings that they were willing to forgo their own comfort and sometimes even to sacrifice their own lives for the ideal of freedom envisioned by our founders in commemoration of the signing of the constitution and in recognition of the importance of active,Proverbs 1:18,And they lay wait for their own blood; they lurk privily for their own lives.,0.7166027144264714,MAYBE,,0.4
1210,5406559914477915757,"Proclamation 2439—Closed Area Under the Migratory Bird Treaty Act, Washington",Franklin D. Roosevelt,1940-11-07,n r 10 w on the east bank and near the mouth of bear river at willapa bay thence west approximately 20 chains to the west side of bear river channel thence in willapa bay with the west side of said channel northerly to a point which bears s 35 w 25 chains approximately from the southernmost extremity of high point on long island thence continuing with bear river channel westerly to a point on the east side of tarlett slough channel at its point of confluence with the said bear river channel thence crossing tarlett slough channel westerly to a point on the west side of said channel a comer in the southwesterly boundary of the long island oyster reserve thence continuing in willapa bay with the west north,Ezekiel 48:2,"And by the border of Dan, from the east side unto the west side, a portion for Asher.",0.196554019876463,MAYBE,,0.4
1217,5534732216712321053,"Proclamation 10373—Days of Remembrance of Victims of the Holocaust, 2022","Joseph R. Biden, Jr.",2022-04-22,must always be known and shared with future generations in perpetuity i have taught my own children and grandchildren about the horrors of the holocaust just as my father taught me i have taken my family to bear witness to the darkness at the dachau concentration camp so that they could understand why we must,Luke 22:29,"And I appoint unto you a kingdom, as my Father hath appointed unto me;",0.1523321202318384,MAYBE,,0.6
1219,553548695957066972,"Proclamation 3881—Thanksgiving Day, 1968",Lyndon B. Johnson,1968-11-15,season let us offer more than words of thanksgiving to god let us resolve to offer him the best that is within us--tolerance respect for life faith in the destiny of all men to live in peace now therefore i lyndon b johnson president of the united states of america in consonance with section 6103,1 Corinthians 2:5,"That your faith should not stand in the wisdom of men, but in the power of God.",0.156569361938837,MAYBE,,0.6
1223,5586766477677500353,Proclamation 6789—National Day of Mourning in Memory of Those Who Died in Oklahoma City,William J. Clinton,1995-04-21,laughter our nation can never replace the spirit of their character but even as we grieve we resolve today in solemn promise that those on earth shall never be bowed by murderous cowards this sin against humanity shall not go unpunished it has been said that in every child who is born the potentiality of,Proverbs 10:30,The righteous shall never be removed: but the wicked shall not inhabit the earth.,0.6137809843168538,MAYBE,,0.6
1224,5586766477677500353,Proclamation 6789—National Day of Mourning in Memory of Those Who Died in Oklahoma City,William J. Clinton,1995-04-21,kind and trusting ways we redeem the value of their lives no further than by heeding the voices of children everywhere who ask simply and invariably for peace and love we take comfort in knowing that all who perished are in god's hands now therefore i william j clinton president of the united states of,Jude 1:2,"Mercy unto you, and peace, and love, be multiplied.",0.1422120726127856,MAYBE,,0.4
1227,5693591347257657794,"Proclamation 9319—Patriot Day and National Day of Service and Remembrance, 2015",Barack Obama,2015-09-10,that defines our great nation volunteers donated time money and blood to ensure wounds gave way to healing and recovery young people raised until then in a time of peace stepped forward to serve and defend us and meet the threats of our time and people from across our country and the world joined together,Ecclesiastes 3:8,"A time to love, and a time to hate; a time of war, and a time of peace.",0.7473855505361238,MAYBE,,0.4
1232,5800000984336054838,"Proclamation 3213—United Nation Human Rights Day, 1957",Dwight D. Eisenhower,1957-12-07,our faith in the individual and let us as members of the brotherhood of all free men strengthen and defend the blessings of liberty for this generation and for generations to come in witness whereof i have hereunto set my hand and caused the seal of the united states of america to be affixed done,Luke 7:31,"And the Lord said, Whereunto then shall I liken the men of this generation? and to what are they like?",0.3306395418102061,MAYBE,,0.6
1235,5800130649417050360,"Proclamation 5931—National Sanctity of Human Life Day, 1989",Ronald Reagan,1989-01-09,sunday january 22 1989 as national sanctity of human life day i call upon all americans to reflect on their heritage as a free people under god and the duty incumbent upon each of us to recognize the personhood of every individual and to defend the life of every innocent person from the moment of,Psalms 55:16,"As for me, I will call upon God; and the LORD shall save me.",0.110653962630615,MAYBE,,0.6
1237,581639341104126938,"Proclamation 6029—Religious Freedom Week, 1989",George Bush,1989-09-27,law but also faithfully upheld by generations of americans the first men and women to settle in america came to this country in search of the opportunity to worship god freely since then this country has been a haven for millions of people seeking refuge from religious persecution indeed in our pluralistic society where the,Acts 18:13,"Saying, This fellow persuadeth men to worship God contrary to the law.",0.5129304272284566,MAYBE,,0.6
1240,5833438957347024041,"Proclamation 6826—Gold Star Mother's Day, 1995",William J. Clinton,1995-09-21,with gold star mothers in remembering their children's dedication to duty and their ultimate sacrifice we pray that these mothers can find solace in knowing that their sons and daughters helped to keep the beacon of peace and freedom burning lighting the way to a better world in recognition of the outstanding courage of our,Psalms 106:37,"Yea, they sacrificed their sons and their daughters unto devils,",0.6234366900859417,MAYBE,,0.6
1241,5833438957347024041,"Proclamation 6826—Gold Star Mother's Day, 1995",William J. Clinton,1995-09-21,remembering their children's dedication to duty and their ultimate sacrifice we pray that these mothers can find solace in knowing that their sons and daughters helped to keep the beacon of peace and freedom burning lighting the way to a better world in recognition of the outstanding courage of our gold star mothers the congress,Ephesians 4:3,Endeavouring to keep the unity of the Spirit in the bond of peace.,0.2475604490570467,MAYBE,,0.7
1244,5837488947937862436,"Proclamation 5576—National Family Week, 1986",Ronald Reagan,1986-11-21,to celebrate this week with appropriate ceremonies and activities taking note that this observance coincides with the celebration of thanksgiving i ask that all americans give thanks to god on that day for the blessings of family life in our nation and for his continued favor on our people in witness whereof i have hereunto set my hand this twenty-first day of november in the year of our lord nineteen hundred and eighty-six and of,Colossians 1:3,"We give thanks to God and the Father of our Lord Jesus Christ, praying always for you,",0.4861780332659457,MAYBE,,0.6
1247,5855493507409334764,Proclamation 8072—50th Anniversary of the Hungarian Revolution,George W. Bush,2006-10-18,lay the foundation of peace for generations to come as we celebrate this anniversary we also recognize the many ways hungarian americans have enriched and strengthened our country their spirit and hard work have contributed to the vitality success and prosperity of our nation and we continue to be inspired by their courage and conviction,Ephesians 4:3,Endeavouring to keep the unity of the Spirit in the bond of peace.,0.113783031741644,MAYBE,,0.6
1249,5867278962217136950,"Proclamation 3848—Mother's Day, 1968",Lyndon B. Johnson,1968-04-29,the hope the courage and the faith that guide us through all our lives are priceless gifts that go back in time beyond our first recollections they were given us by our mothers and enriched with each passing year to the extent that each of us makes use of these gifts our adult lives will reflect our faith our compassion and our strength to meet our problems and obligations and to deal with them wisely and justly in the finest traditions of our national character,1 Timothy 3:9,Holding the mystery of the faith in a pure conscience.,0.1272002591160853,MAYBE,,0.6
1257,5932494092439241714,"Proclamation 10744—National Day of Prayer, 2024","Joseph R. Biden, Jr.",2024-05-01,and the laws of the united states do hereby proclaim may 2 2024 as a national day of prayer i call upon the citizens of our nation to give thanks in accordance with their own faith and conscience for our many freedoms and blessings and i invite all people of faith to join me in,Ephesians 1:16,"Cease not to give thanks for you, making mention of you in my prayers;",0.6832500003187197,MAYBE,,0.6
1258,594675203669218692,"Proclamation 9117—National Day of Prayer, 2014",Barack Obama,2014-04-30,laws of the united states do hereby proclaim may 1 2014 as a national day of prayer i invite the citizens of our nation to give thanks in accordance with their own faiths and consciences for our many freedoms and blessings and i join all people of faith in asking,Ephesians 1:16,"Cease not to give thanks for you, making mention of you in my prayers;",0.6943890321811216,MAYBE,,0.6
1260,5991172196279486673,"Proclamation 9968—Thanksgiving Day, 2019",Donald J. Trump (1st Term),2019-11-27,november 28 2019 as a national day of thanksgiving i encourage all americans to gather in homes and places of worship to offer a prayer of thanks to god for our many blessings in witness whereof i have hereunto set my hand this twenty-seventh day of november in the year of our lord two thousand,1 Thessalonians 1:2,"We give thanks to God always for you all, making mention of you in our prayers;",0.8006862222896819,MAYBE,,0.4
1261,5991172196279486673,"Proclamation 9968—Thanksgiving Day, 2019",Donald J. Trump (1st Term),2019-11-27,november 28 2019 as a national day of thanksgiving i encourage all americans to gather in homes and places of worship to offer a prayer of thanks to god for our many blessings in witness whereof i have hereunto set my hand this twenty-seventh day of november in the year of our lord two thousand,Colossians 1:3,"We give thanks to God and the Father of our Lord Jesus Christ, praying always for you,",0.6783793725714001,MAYBE,,0.5
1264,5996303867497565638,"Proclamation 9605—National Day of Prayer, 2017",Donald J. Trump (1st Term),2017-05-04,for his continued wisdom strength and protection as we chart a course for the future we are united in prayer each according to our own faith and tradition and we believe that in america people of all faiths creeds and religions must be free to exercise their natural right to worship according to their consciences we are also reminded and reaffirm that all human beings have the right not only to pray and worship according to their consciences but to practice their faith in their homes schools charities and businesses-in private and in the public square-free from government coercion discrimination or persecution religion is not merely an intellectual exercise but also a practical one that demands action in the world even the many prisoners around the world who are persecuted for their faith can pray privately in their cells but our constitution demands more the freedom to practice one's faith publicly the religious liberty guaranteed by the constitution is not a favor from the government but a natural right bestowed by god our constitution and,Ephesians 6:23,"Peace be to the brethren, and love with faith, from God the Father and the Lord Jesus Christ.",0.5883089206777258,MAYBE,,0.6
1271,6137252354512987901,"Proclamation 2600—Thanksgiving Day, 1943",Franklin D. Roosevelt,1943-11-11,the barns and bins and cellars our total food production for the year is the greatest in the annals of our country for all these things we are devoutly thankful knowing also that so great mercies exact from us the greatest measure of sacrifice and service now therefore i franklin,Colossians 3:14,"And above all these things put on charity, which is the bond of perfectness.",0.2491121063334868,MAYBE,,0.6
1274,619503543582240694,"Proclamation 10070—National Days of Prayer and Remembrance, 2020",Donald J. Trump (1st Term),2020-09-03,restoration as it blooms with the seasons and reminds us of its triumph over destruction we remember the words of john 1:5 the light shines in the darkness and the darkness has not overcome it in the nearly two decades that have passed since this tragedy our nation has grown stronger and more resilient as,Genesis 1:18,"And to rule over the day and over the night, and to divide the light from the darkness: and God saw that it was good.",0.3143604441629004,MAYBE,,0.6
1277,620369207559405129,Proclamation 9570—National Day of Patriotic Devotion,Donald J. Trump (1st Term),2017-01-20,must maintain faith in our sacred values and heritage our constitution is written on parchment but it lives in the hearts of the american people there is no freedom where the people do not believe in it no law where the people do not follow it and no peace where the people do not pray,Isaiah 48:22,"There is no peace, saith the LORD, unto the wicked.",0.1251678307581901,MAYBE,,0.6
1278,6237968310651253222,Proclamation 7925—National Day of Prayer and Remembrance for the Victims of Hurricane Katrina,George W. Bush,2005-09-08,victims of hurricane katrina we pledge our support for those who have been injured and for the communities that are struggling to rebuild we offer thanks to god for the goodness and generosity of so many americans who have come together to provide relief and bring hope to fellow citizens in need our nation is,1 Thessalonians 1:2,"We give thanks to God always for you all, making mention of you in our prayers;",0.7949151308711883,MAYBE,,0.6
1279,6237968310651253222,Proclamation 7925—National Day of Prayer and Remembrance for the Victims of Hurricane Katrina,George W. Bush,2005-09-08,victims of hurricane katrina we pledge our support for those who have been injured and for the communities that are struggling to rebuild we offer thanks to god for the goodness and generosity of so many americans who have come together to provide relief and bring hope to fellow citizens in need our nation is,Colossians 1:3,"We give thanks to God and the Father of our Lord Jesus Christ, praying always for you,",0.6255178638550525,MAYBE,,0.7
1284,6269249295691863912,"Proclamation 6618—United Nations Day, 1993",William J. Clinton,1993-10-23,more must be done to translate such steps into tangible results it has been said that all work that is worth anything is done in faith the united nations was built on the profound faith that people from different backgrounds creeds races and religions can live together peaceably and can pursue shared goals that faith is the antithesis of the hatred we see in some parts of the world today and is the foundation upon which a future of trust,1 Timothy 3:9,Holding the mystery of the faith in a pure conscience.,0.2158411902129677,MAYBE,,0.4
1288,6332871972785759507,"Proclamation 10766—Black Music Month, 2024","Joseph R. Biden, Jr.",2024-05-31,music began when enslaved people who were cruelly prohibited from communicating in their native languages found ways to express themselves through music set to the sound of african rhythms they captured the inhumanity tragedy and toll that america's original sin took on their lives while also telling the stories of,Amos 6:5,"That chant to the sound of the viol, and invent to themselves instruments of musick, like David;",0.4299269136445669,MAYBE,,0.6
1291,6408945199160805620,"Proclamation 10390—National Day of Prayer, 2022","Joseph R. Biden, Jr.",2022-05-04,to our nation's promise of liberty justice and equality for all as the late president dwight d eisenhower once said there is a need we all have in these days and times for some help which comes from outside ourselves across our diverse and cherished beliefs on this national day of prayer no matter how,Acts 11:27,And in these days came prophets from Jerusalem unto Antioch.,0.1146295450159141,MAYBE,,0.4
1296,6414786807986614691,"Proclamation 9014—National Days of Prayer and Remembrance, 2013",Barack Obama,2013-09-06,had to prevent even more devastation their legacy lives on in those they saved and in the memories we keep most of all it lives on in the spirit they embodied compassion resilience unity many of those we lost set aside their own well-being in the hope they could save someone they would never know,Ephesians 4:3,Endeavouring to keep the unity of the Spirit in the bond of peace.,0.5113963846519216,MAYBE,,0.4
1299,6421656484681769949,Proclamation 4165—National Day of Prayer,Richard Nixon,1972-10-09,ask what he wished of god was reverent and humble enough to pray i am but a little child give therefore thy servant an understanding heart for who is able to judge this thy so great a people in our time as in solomon's no nation can expect to prosper and live in peace-no people,2 Samuel 22:32,"For who is God, save the LORD? and who is a rock, save our God?",0.4734390344523055,MAYBE,,0.4
1303,6520248165801389338,"Proclamation 7198—National Safe Boating Week, 1999",William J. Clinton,1999-05-20,in america a country bordered by oceans and blessed with numerous lakes and rivers recreational boating enjoys a long and proud tradition from generation to generation families pass on their appreciation of the water and share the pleasures of nature's beauty and bounty annually more than 74 million americans take,Joel 3:20,"But Judah shall dwell for ever, and Jerusalem from generation to generation.",0.1087225103341057,MAYBE,,0.6
1307,6584122553724768132,"Proclamation 8893—United Nations Day, 2012",Barack Obama,2012-10-24,share the founding values of the united nations remind us that countries can resolve their differences peacefully and that all people deserve the chance to seek their own destiny free from fear and empowered with their most fundamental rights as we recognize this 67th anniversary of the united nations let us recommit to carrying that,Philippians 2:21,"For all seek their own, not the things which are Jesus Christ's.",0.193185616027492,MAYBE,,0.6
1308,6590894509716063839,"Proclamation 8730—National Energy Action Month, 2011",Barack Obama,2011-10-06,steps are helping unlock american innovation create hundreds of thousands of jobs and increase our nation's competitiveness in the global economy but these steps must mark the beginning of our efforts not the end today the stakes are high and the global competition to lead in clean energy is more intense than ever before the,Matthew 24:8,All these are the beginning of sorrows.,0.2306836423131679,MAYBE,,0.4
1311,6643109390244219239,"Proclamation 6049—National Down Syndrome Month, 1989 and 1990",George Bush,1989-10-16,do so in order that all americans might be worthy of the praise found in the beatitudes for friends of exceptional children blessed are you when by all these things you assure us that the thing that makes us individuals is not in our peculiar muscles nor in our wounded nervous systems nor in our,Romans 8:37,"Nay, in all these things we are more than conquerors through him that loved us.",0.2840136712759503,MAYBE,,0.4
1315,6742906364461196860,"Proclamation 10376—Law Day, U.S.A., 2022","Joseph R. Biden, Jr.",2022-04-28,philadelphia to uphold those fundamental principles of equality we the people would stand sovereign in america as stewards and subjects of the law-and ours would be in the words of john adams a government of laws and not of men on law day u.s.a we recommit to extending the full promise of america to all,Acts 5:20,"Go, stand and speak in the temple to the people all the words of this life.",0.1087649666564977,MAYBE,,0.6
1317,6743990563560232292,"Proclamation 5450—Afghanistan Day, 1986",Ronald Reagan,1986-03-21,by the president of the united states of america a proclamation the people of afghanistan celebrate march 21 as the beginning of their new year in ordinary times it is an occasion of joy renewal and hope for a better future march 21 1986 however does not mark the passage of an ordinary year nor does it bring cause to celebrate for the heroic afghan people it marks the beginning of yet another year in their struggle for national liberation against the ruthless soviet military force that seeks to conquer them over six years ago,Exodus 12:2,This month shall be unto you the beginning of months: it shall be the first month of the year to you.,0.2803739303864117,MAYBE,,0.4
1321,6811702521330955899,"Proclamation 9211—America Recycles Day, 2014",Barack Obama,2014-11-14,do all we can to leave the next generation a cleaner safer and more stable world america's young people are tomorrow's environmental stewards and it is our responsibility to instill in them a conservation ethic recycling reduces our country's energy consumption decreases our greenhouse gas emissions and conserves our natural resources and it is one of the first steps we can teach our children and grandchildren to take as part of their everyday lives it also creates green jobs in,1 Timothy 6:7,"For we brought nothing into this world, and it is certain we can carry nothing out.",0.1490426253567313,MAYBE,,0.6
1323,6825455157945335207,Proclamation 4897—National Day of Prayer,Ronald Reagan,1982-02-12,as a nation join together before god aware of the trials that lie ahead and of the need for divine guidance with unshakable faith in god and the liberty which is our heritage we as a free nation will continue to grow and prosper in witness whereof i have hereunto set my hand this twelfth day of february in the year of our lord nineteen hundred and eighty-two and of,Colossians 1:3,"We give thanks to God and the Father of our Lord Jesus Christ, praying always for you,",0.333420990905259,MAYBE,,0.4
1330,693673125649509982,"Proclamation 5319—Loyalty Day, 1985",Ronald Reagan,1985-04-15,to worship as they choose today in this time of peace and prosperity at home it is fitting that we reflect upon the venerable ideals that symbolize the american spirit by remaining/loyal to these ideals we will be worthy of the trust a generous god has reposed in us for this purpose the congress by,Ephesians 4:3,Endeavouring to keep the unity of the Spirit in the bond of peace.,0.7056588313576456,MAYBE,,0.6
1334,7046813008123458143,"Proclamation 8174—Patriot Day, 2007",George W. Bush,2007-09-04,who risked their lives so others might live after the attacks on 9/11 america resolved that we would go on the offense against our enemies and we would not distinguish between the terrorists and those who harbor and support them all americans honor the selfless men and women of our,Luke 1:71,"That we should be saved from our enemies, and from the hand of all that hate us;",0.3323261973479136,MAYBE,,0.6
1337,7102908384170196181,Proclamation 8654—Civil War Sesquicentennial,Barack Obama,2011-04-12,soul of our nation were contested in the hills of gettysburg and the roads of antietam the fields of manassas and the woods of the wilderness when the terrible and costly struggle was over a new meaning was conferred on our country's name-the united states of america we might be,Lamentations 5:9,We gat our bread with the peril of our lives because of the sword of the wilderness.,0.1352256029836316,MAYBE,,0.6
1338,7122089667684521102,"Proclamation 6280—National Day of Prayer, 1991",George Bush,1991-04-25,gratitude are inspired by far more than military triumph on this special day of prayer held in the 200th year of our bill of rights we give thanks for america's long and abiding legacy of freedom during the past 200 years the ideals enshrined in our bill of rights have gained favor around the world,1 Thessalonians 1:2,"We give thanks to God always for you all, making mention of you in our prayers;",0.3084808478161549,MAYBE,,0.4
1339,7122089667684521102,"Proclamation 6280—National Day of Prayer, 1991",George Bush,1991-04-25,to do just that as an elevation of the soul's eyes to heaven prayer helps us to distinguish between liberty and license to recognize that which is the grateful exercise of free will and that which is its corruption through prayer we turn our hearts toward their real home and in so doing gain a sense of proper direction and,Ezekiel 18:5,"But if a man be just, and do that which is lawful and right,",0.2106567042540089,MAYBE,,0.3
1341,7122089667684521102,"Proclamation 6280—National Day of Prayer, 1991",George Bush,1991-04-25,his mercy let us vow to fulfill not only our responsibilities but also our potential as one nation under god most important let us make our prayers pleasing to him by the regular practice of public and private virtue and by a genuine renewal of america's moral heritage as scripture,Psalms 95:1,"O come, let us sing unto the LORD: let us make a joyful noise to the rock of our salvation.",0.5801107671095654,MAYBE,,0.3
1345,7170478669908959106,"Proclamation 3517—Proclamation of Certain Agreements Supplementary Either to the General Agreement on Tariffs and Trade or to Other Trade Agreements, and Termination of Certain Trade Agreement Proclamations",John F. Kennedy,1963-01-31,annexed to this proclamation as annex f 3a 2 determination that required or appropriate that trade agreements be supplemented as president i have determined that it is required or appropriate that trade agreements and agreements supplementary thereto be applied as supplemented by each provision of the agreements of march 29 1960 and of november 7,1 Corinthians 4:2,"Moreover it is required in stewards, that a man be found faithful.",0.1219674074135623,MAYBE,,0.6
1347,7192866373024299952,"Proclamation 6524—Martin Luther King, Jr., Federal Holiday, 1993",George Bush,1993-01-11,eventually gave his life equal opportunity and justice for all throughout his quest to end racial segregation in the united states and to promote understanding and respect among all people martin luther king urged america to fulfill its promise--and its potential--as a nation dedicated to the belief that all men are created equal that they,Psalms 96:3,"Declare his glory among the heathen, his wonders among all people.",0.8945730237952657,MAYBE,,0.4
1350,7218185478288401425,"Proclamation 3150—National Day of Prayer, 1956",Dwight D. Eisenhower,1956-08-29,whereas as a people we are greatly blessed both materially and spiritually and it is fitting that we should recognize the hand of god in every matter affecting us individually and as a nation and whereas with this precept in mind the congress by a,Luke 1:71,"That we should be saved from our enemies, and from the hand of all that hate us;",0.4122680117606162,MAYBE,,0.3
1354,7283110993420246972,"Proclamation 5599—National Sanctity of Human Life Day, 1987",Ronald Reagan,1987-01-16,sanctity of human life day i call upon the citizens of this blessed land to gather on that day in homes and places of worship to give thanks for the gift of life and to reaffirm our commitment to the dignity of every human being and the sanctity of each human life in witness whereof,1 Thessalonians 5:18,In every thing give thanks: for this is the will of God in Christ Jesus concerning you.,0.2274616251040922,MAYBE,,0.6
1357,7309947341074491529,"Proclamation 4826—National Day of Prayer, 1981",Ronald Reagan,1981-03-19,it reflects a basic recognition that there is a divine authority in the universe to which this nation owes homage throughout our history americans have put their faith in god and no one can doubt that we have been blessed for it the earliest settlers of this land came in search of religious freedom see app note landing on a desolate shoreline they established a spiritual foundation that has served us ever since it was the hard work of our people the freedom they enjoyed and their faith in god that built this country and made it the envy of the world in all of our great cities and towns evidence of the faith of our people is found houses of worship of every denomination are among the oldest structures while never willing to bow to a tyrant our forefathers,1 Corinthians 2:5,"That your faith should not stand in the wisdom of men, but in the power of God.",0.2458078106613238,MAYBE,,0.6
1358,7309947341074491529,"Proclamation 4826—National Day of Prayer, 1981",Ronald Reagan,1981-03-19,it reflects a basic recognition that there is a divine authority in the universe to which this nation owes homage throughout our history americans have put their faith in god and no one can doubt that we have been blessed for it the earliest settlers of this land came in search of religious freedom see app note landing on a desolate shoreline they established a spiritual foundation that has served us ever since it was the hard work of our people the freedom they enjoyed and their faith in god that built this country and made it the envy of the world in all of our great cities and towns evidence of the faith of our people is found houses of worship of every denomination are among the oldest structures while never willing to bow to a tyrant our forefathers,1 Timothy 3:9,Holding the mystery of the faith in a pure conscience.,0.1591913622406689,MAYBE,,0.7
1359,7309947341074491529,"Proclamation 4826—National Day of Prayer, 1981",Ronald Reagan,1981-03-19,as a nation join together before god fully aware of the trials that lie ahead and the need yes the necessity for divine guidance with unshakeable faith in god and the liberty which is heritage we as a free nation will surely survive and prosper in witness whereof i have hereunto set my hand this,Mark 11:22,"And Jesus answering saith unto them, Have faith in God.",0.2332427443383163,MAYBE,,0.4
1365,7378086457580538611,"Proclamation 6039—National Children's Day, 1989",George Bush,1989-10-05,children are a great and precious blessing parents have no greater responsibility than to ensure that the young stranger god brings into their lives is welcomed loved nourished and protected as a nation we have no greater obligation than to help provide every child with the opportunity to grow up healthy safe and well-educated children not only bring joy to,3 John 1:4,I have no greater joy than to hear that my children walk in truth.,0.9497104824288192,MAYBE,,0.4
1367,7452737853964891255,Proclamation 10285—Bears Ears National Monument,"Joseph R. Biden, Jr.",2021-10-08,20 degrees and running along a north-south axis from the foothills of the abajo mountains past the san juan river and onto the navajo nation the serrated cliffs of the comb ridge monocline are visible from space and have both spiritual and practical significance to many tribal nations it is in this area that one,Job 30:6,"To dwell in the cliffs of the valleys, in caves of the earth, and in the rocks.",0.3828923830102939,MAYBE,,0.6
1369,7452737853964891255,Proclamation 10285—Bears Ears National Monument,"Joseph R. Biden, Jr.",2021-10-08,application to a particular parcel of land is held to be invalid the remainder of this proclamation and its application to other parcels of land shall not be affected thereby in witness whereof i have hereunto set my hand this eighth day of october in the year of our lord two thousand twenty-one and of,Amos 7:6,"The LORD repented for this: This also shall not be, saith the Lord GOD.",0.7448817451433842,MAYBE,,0.6
1371,7496001610810430987,"Proclamation 9712—Education and Sharing Day, U.S.A., 2018",Donald J. Trump (1st Term),2018-03-27,light of a single candle can be seen far and wide his life is an example of the power of one person to influence the lives of many may we strive to be that light for future generations instilling in them the value of education,Psalms 111:6,"He hath shewed his people the power of his works, that he may give them the heritage of the heathen.",0.2906755730761314,MAYBE,,0.3
1376,752826184233056267,"Proclamation 2952—Thanksgiving Day, 1951",Harry S Truman,1951-11-01,our material prosperity so far surpassing that of earlier years and our private spiritual blessings so deeply cherished by all for these we offer fervent thanks to god with the cooperation of our allies we are striving to attain a permanent peace and to assure success in achieving that coveted goal we reverently place our,Colossians 1:3,"We give thanks to God and the Father of our Lord Jesus Christ, praying always for you,",0.2687725322643459,MAYBE,,0.6
1378,752826184233056267,"Proclamation 2952—Thanksgiving Day, 1951",Harry S Truman,1951-11-01,and in our places of worship individually and in groups render homage to almighty god let us recall the words of the psalmist o give thanks unto the lord for he is good for his mercy endureth forever let us also on the appointed day seek divine aid in the,1 Chronicles 16:8,"Give thanks unto the LORD, call upon his name, make known his deeds among the people.",0.3173914350119569,MAYBE,,0.6
1379,752826184233056267,"Proclamation 2952—Thanksgiving Day, 1951",Harry S Truman,1951-11-01,and in our places of worship individually and in groups render homage to almighty god let us recall the words of the psalmist o give thanks unto the lord for he is good for his mercy endureth forever let us also on the appointed day seek divine aid in the,Psalms 105:1,O give thanks unto the LORD; call upon his name: make known his deeds among the people.,0.1820099855552254,MAYBE,,0.7
1382,752826184233056267,"Proclamation 2952—Thanksgiving Day, 1951",Harry S Truman,1951-11-01,and in our places of worship individually and in groups render homage to almighty god let us recall the words of the psalmist o give thanks unto the lord for he is good for his,Psalms 116:12,What shall I render unto the LORD for all his benefits toward me?,0.4793012845444672,MAYBE,,0.6
1388,752826184233056267,"Proclamation 2952—Thanksgiving Day, 1951",Harry S Truman,1951-11-01,render homage to almighty god let us recall the words of the psalmist o give thanks unto the lord for he is good for his mercy endureth forever let us also on the appointed day seek divine aid in the quest for peace in witness whereof i have hereunto set my hand and caused the,Psalms 136:22,Even an heritage unto Israel his servant: for his mercy endureth for ever.,0.7666290970260963,MAYBE,,0.7
1391,752826184233056267,"Proclamation 2952—Thanksgiving Day, 1951",Harry S Truman,1951-11-01,thanks unto the lord for he is good for his mercy endureth forever let us also on the appointed day seek divine aid in the quest for peace in witness whereof i have hereunto set,Psalms 136:8,The sun to rule by day: for his mercy endureth for ever:,0.8331455438562474,MAYBE,,0.7
1392,752826184233056267,"Proclamation 2952—Thanksgiving Day, 1951",Harry S Truman,1951-11-01,he is good for his mercy endureth forever let us also on the appointed day seek divine aid in the quest for peace in witness whereof i have hereunto set,Psalms 136:25,Who giveth food to all flesh: for his mercy endureth for ever.,0.1872993172129932,MAYBE,,0.4
1395,7551653320750108505,"Proclamation 5687—Thanksgiving Day, 1987",Ronald Reagan,1987-07-28,among them as they began their work they found common voice in the 35th psalm which concludes with a verse of joyous gratitude and my tongue shall speak of thy righteousness and of thy praise all the day long this year of course our thanksgiving day celebration coincides with the bicentennial of the constitution in,Psalms 119:172,My tongue shall speak of thy word: for all thy commandments are righteousness.,0.9370021373327132,MAYBE,,0.6
1398,7551653320750108505,"Proclamation 5687—Thanksgiving Day, 1987",Ronald Reagan,1987-07-28,among them as they began their work they found common voice in the 35th psalm which concludes with a verse of joyous gratitude and my tongue shall speak of thy righteousness and of thy praise all the day long this year of course our thanksgiving day celebration coincides with the,Psalms 51:14,"Deliver me from bloodguiltiness, O God, thou God of my salvation: and my tongue shall sing aloud of thy righteousness.",0.169656642894854,MAYBE,,0.4
1399,7551653320750108505,"Proclamation 5687—Thanksgiving Day, 1987",Ronald Reagan,1987-07-28,their work they found common voice in the 35th psalm which concludes with a verse of joyous gratitude and my tongue shall speak of thy righteousness and of thy praise all the day long this year of course our thanksgiving day celebration coincides with the bicentennial of the constitution in,Psalms 145:7,"They shall abundantly utter the memory of thy great goodness, and shall sing of thy righteousness.",0.1225754580337286,MAYBE,,0.6
1403,7551653320750108505,"Proclamation 5687—Thanksgiving Day, 1987",Ronald Reagan,1987-07-28,of need now therefore i ronald reagan president of the united states of america do hereby proclaim thursday november 26 1987 as a national day of thanksgiving and i call upon the citizens of this great nation to gather together in homes and places of worship on that day of thanks to affirm by their,Psalms 116:17,"I will offer to thee the sacrifice of thanksgiving, and will call upon the name of the LORD.",0.3975561381048503,MAYBE,,0.6
1404,7562277830941648101,Proclamation 4248—National Day of Prayer,Richard Nixon,1973-10-05,america is a nation under god this is not a consequence of legislative mandate but of the spiritual commitment of a people throughout our history we have turned to god for guidance for sustenance and in gratitude for the blessings of freedom when our forbears stood on the rocks at plymouth they turned to god in prayer when our founding fathers created a nation nearly two hundred years ago they asked god's blessing upon their endeavor when those who shaped our form of government met in 1787 they sought god's assistance when our nation threatened to tear itself apart a little over a hundred years ago abraham lincoln turned to god for the understanding to keep us together we do not assume god's favor but we seek it we do not suppose that our way is god's way but we,2 Samuel 10:12,"Be of good courage, and let us play the men for our people, and for the cities of our God: and the LORD do that which seemeth him good.",0.6588553820162338,MAYBE,,0.3
1405,7562277830941648101,Proclamation 4248—National Day of Prayer,Richard Nixon,1973-10-05,nation and its people the challenges of our future are no less grave than those faced and met by the men and women to whose faith we are indebted for the constantly recurring miracle of america as we act to meet the challenges of the american future let us do so with the same profound faith in the god of our fathers mindful of the words of the psalms blessed is the nation whose god is the lord and the people whom he bath chosen,1 Corinthians 2:5,"That your faith should not stand in the wisdom of men, but in the power of God.",0.6867835606439194,MAYBE,,0.4
1407,7562277830941648101,Proclamation 4248—National Day of Prayer,Richard Nixon,1973-10-05,join in reaffirming our dependence on god's grace beseeching his blessings on our endeavors and his guidance in the search for peace reconciliation and goodwill among all people in witness whereof i have hereunto set my hand this fifth day of october in the year of our lord nineteen hundred seventy-three and of the independence,Psalms 96:3,"Declare his glory among the heathen, his wonders among all people.",0.6732312646541363,MAYBE,,0.4
1408,7577734349684690405,"Proclamation 7186—National Volunteer Week, 1999",William J. Clinton,1999-04-16,willing hands we can make a lasting difference during this week let us renew our spirit of community our sense of idealism and our commitment to service let us also honor the invaluable work of the thousands of voluntary civic religious school and neighborhood groups across our country that are leading the way by serving,Galatians 5:25,"If we live in the Spirit, let us also walk in the Spirit.",0.4434493100883599,MAYBE,,0.3
1414,7744636363475342807,"Proclamation 5935—National Day of Excellence, 1989",Ronald Reagan,1989-01-18,characterized them and continues to characterize the members of the u.s space program that spirit has manifested itself again and again as we have journeyed to the moon and probed planets our solar system and beyond it thrives today as we seek a permanent base in space and further manned exploration the challenger crew made,Psalms 89:37,"It shall be established for ever as the moon, and as a faithful witness in heaven. Selah.",0.8352595390943761,MAYBE,,0.6
1417,7775908517182961054,"Proclamation 3474—World Trade Week, 1962",John F. Kennedy,1962-05-07,and other activities designed to promote continuing awareness of the importance of world trade and our policies toward it in strengthening our economy and the unity of the free world and a better understanding of the vital new problems now confronting us in witness whereof i have hereunto set my hand and caused the seal,Ephesians 4:3,Endeavouring to keep the unity of the Spirit in the bond of peace.,0.6404380225556251,MAYBE,,0.6
1421,7789013626267393340,Proclamation 3906—The Twentieth Anniversary of the North Atlantic Treaty Organization,Richard Nixon,1969-03-28,of the north atlantic treaty organization which was established to effect the treaty's goals for twenty years nato has furthered the cause of atlantic unity by achieving a spirit of solidarity on many common military political and economic problems by promoting international security through collective defense arrangements and by fostering cooperation in the political realm,Ephesians 4:3,Endeavouring to keep the unity of the Spirit in the bond of peace.,0.17110366797529,MAYBE,,0.6
1424,78244856109647153,"Proclamation 6508—Thanksgiving Day, 1992",George Bush,1992-11-20,and in places of worship on that day to offer thanks to the almighty for the many blessings that he has granted us as individuals and as a nation may we always strive to remain worthy of them in witness whereof i have hereunto set my hand this twentieth day of november in the year,Psalms 89:37,"It shall be established for ever as the moon, and as a faithful witness in heaven. Selah.",0.2316865719307537,MAYBE,,0.6
1426,7833130215995472239,"Proclamation 7218—America Goes Back to School, 1999",William J. Clinton,1999-08-27,go back to school this year let us pledge to provide every child with a safe and supportive environment in which to learn and grow and let us ensure that every segment of our society is involved in the effort let us also resolve that our young people will return to schools that are genuine,Numbers 14:4,"And they said one to another, Let us make a captain, and let us return into Egypt.",0.1178739454919315,MAYBE,,0.6
1428,7878613153199368141,Proclamation 3508—Bill of Rights Day Human Rights Day,John F. Kennedy,1962-11-28,fears that divide nations to make common cause for the promotion of greater understanding of right and justice for all and in so doing strengthen our faith in the reason and conscience of men as the basis for a true and lasting peace in witness whereof i have hereunto set my hand and caused the,1 Timothy 3:9,Holding the mystery of the faith in a pure conscience.,0.3971316605756223,MAYBE,,0.3
1432,7946668259808673460,Proclamation 10773—Securing the Border,"Joseph R. Biden, Jr.",2024-06-04,alabama and florida all maritime borders proximate to the southwest land border the gulf of mexico and the southern pacific coast in california and all maritime borders of the united states virgin islands and puerto rico c the term southwest land border means the entirety of the united states land border with mexico d the,Joshua 13:2,"This is the land that yet remaineth: all the borders of the Philistines, and all Geshuri,",0.1310844265179309,MAYBE,,0.6
1433,7989922593272856956,"Proclamation 6646—Religious Freedom Day, 1994",William J. Clinton,1994-01-14,live together in a peace unprecedented in the history of nations to be both the world's strongest democracy and its most truly multi-ethnic society is a victory of human spirit we must not take for granted for as many issues as there are that divide us in this society there remain values that all of,Ephesians 4:3,Endeavouring to keep the unity of the Spirit in the bond of peace.,0.1553631651845584,MAYBE,,0.7
1434,7989922593272856956,"Proclamation 6646—Religious Freedom Day, 1994",William J. Clinton,1994-01-14,kindness we are striving to accept our differences and to find strength in the dreams we all hold dear on this day let us hear the sound of the liberty bell as a clarion call to action let us face with renewed determination the problems that beset our communities let us replace the instability and,Nehemiah 4:20,"In what place therefore ye hear the sound of the trumpet, resort ye thither unto us: our God shall fight for us.",0.1559411157702158,MAYBE,,0.3
1438,7999804256549747961,"Proclamation 7255—Thanksgiving Day, 1999",William J. Clinton,1999-11-20,winter in massachusetts and grateful to a merciful god for a sustaining harvest the men and women of plymouth colony set aside three days as a time to give thanks for the bounty of their fields the fruits of their labor the chance to live in peace with their native american neighbors and the blessing,Ephesians 1:16,"Cease not to give thanks for you, making mention of you in my prayers;",0.3688755887164546,MAYBE,,0.6
1439,7999804256549747961,"Proclamation 7255—Thanksgiving Day, 1999",William J. Clinton,1999-11-20,those we care about and those who came before us as we acknowledge the past we do so knowing that the individual blessings for which we give thanks may have changed but our gratitude to god and our commitment to our fellow americans remain constant today we count among out national blessings a time of unprecedented prosperity with an expanding,Colossians 1:3,"We give thanks to God and the Father of our Lord Jesus Christ, praying always for you,",0.3447888379327717,MAYBE,,0.7
1440,800897795905554316,"Proclamation 6394—Year of Thanksgiving for the Blessings of Liberty, 1991",George Bush,1991-12-16,themselves in harm's way to defend the lives and liberty of others on this wonderful occasion recalling the words of our first president let us give thanks for the blessings of liberty and let us strive both as individuals and as a nation to remain worthy of them always using our freedom in accordance with,Ephesians 1:16,"Cease not to give thanks for you, making mention of you in my prayers;",0.6056876401106561,MAYBE,,0.4
1444,8095972901642746726,"Proclamation 9896—Prayer for Peace, Memorial Day, 2019",Donald J. Trump (1st Term),2019-05-24,of freedom were not in vain and to comfort the families they have left behind who bear the heartbreak of their loss we must ensure that the light of our republic and all for which these most honorable americans willingly died continues to shine forth brightly into the world as president lincoln said in 1863,John 9:5,"As long as I am in the world, I am the light of the world.",0.474346673429823,MAYBE,,0.6
1445,8095972901642746726,"Proclamation 9896—Prayer for Peace, Memorial Day, 2019",Donald J. Trump (1st Term),2019-05-24,their loss we must ensure that the light of our republic and all for which these most honorable americans willingly died continues to shine forth brightly into the world as president lincoln said in 1863 during the dedication of the gettysburg national military cemetery it is for us the living rather to be dedicated here,John 1:9,"That was the true Light, which lighteth every man that cometh into the world.",0.2028838329069582,MAYBE,,0.7
1447,8110733399864873337,"Proclamation 9821—World Freedom Day, 2018",Donald J. Trump (1st Term),2018-11-08,have always held boldly and unapologetically to the truth that liberty is an inherent human right and we reaffirm our commitment to keeping the light of freedom burning bright and shining out to the entire world today we pay tribute to the brave individuals who despite all risks have challenged,John 9:5,"As long as I am in the world, I am the light of the world.",0.6810452659955275,MAYBE,,0.6
1448,8162374031785498999,"Proclamation 6038—Veterans Day, 1989",George Bush,1989-10-05,of people around the world as well enjoy the blessings of freedom peace and representative government because our veterans were willing to risk their lives for them we are forever grateful to these selfless individuals especially those who have given the last full measure of devotion for our well-being today,Acts 15:26,Men that have hazarded their lives for the name of our Lord Jesus Christ.,0.3974218963544064,MAYBE,,0.7
1449,8218354987314028223,"Proclamation 6292—Prayer For Peace, Memorial Day, 1991",George Bush,1991-05-14,united on this day in thanksgiving for the blessings of liberty and for the brave and selfless individuals who have helped to secure them the sacrifices of those who fell in the persian gulf are a fresh and vivid memory but on this occasion we also remember those who died,Psalms 107:22,"And let them sacrifice the sacrifices of thanksgiving, and declare his works with rejoicing.",0.5189133115203526,MAYBE,,0.4
1452,8262209908358302436,"Proclamation 3305—National Day of Prayer, 1959",Dwight D. Eisenhower,1959-07-30,of free inquiry sound industry and boundless vision which have enabled us to advance the general welfare of our people to unprecedented heights let us remember that our god is the god of all men that only as all men are free can liberty be secure for any and that only as all prosper can any be content in their good fortune let us join in vigorous concern for those who now endure suffering of body mind or spirit and let us seek to relieve their distress and to assist them in their way toward health well-being and enlightenment finally let us rededicate ourselves and our nation to the highest loyalties which we know and let us breathe deeply of the clean air of courage preparing ourselves to meet the obligations of our day in trust in gratitude and in the supreme confidence of men who have accomplished much united under god in witness whereof i have hereunto set my hand and caused the seal of the united states of america to be affixed done at the city of washington,2 Samuel 10:12,"Be of good courage, and let us play the men for our people, and for the cities of our God: and the LORD do that which seemeth him good.",0.9502085640544196,MAYBE,,0.4
1456,8290187182012420361,Proclamation 3382—Civil War Centennial,Dwight D. Eisenhower,1960-12-07,country sent into their armies men who became soldiers as good as any who ever fought under any flag military history records nothing finer than the courage and spirit displayed at such battles as chickamauga antietam kenesaw mountain and gettysburg that america could produce men so valiant and so enduring is a matter for deep and abiding pride the same spirit on the part of the people at home supported and strengthened those soldiers through four years of great trial that a nation which contained hardly more than thirty million people north and south together could sustain six hundred thousand deaths without faltering is a lasting testimonial to something unconquerable in the american spirit and that a transcending sense of unity and larger common purpose could in the end cause the men and women who had suffered so greatly to,Ephesians 4:3,Endeavouring to keep the unity of the Spirit in the bond of peace.,0.17331997635627,MAYBE,,0.6
1460,8315322578049777872,"Proclamation 7642—Martin Luther King, Jr., Federal Holiday, 2003",George W. Bush,2003-01-17,fully our founding ideals of equality tolerance and justice for all dr king's enduring contributions to america remind us and countless others around the world that people should not be judged by the color of their skin but by content of their character he also taught us that lasting achievement in life comes through sacrifice,1 Corinthians 11:31,"For if we would judge ourselves, we should not be judged.",0.2270206843626216,MAYBE,,0.6
1462,8330283268654983982,Proclamation 4063—National Star Route Mail Carriers Week,Richard Nixon,1971-07-01,and organizations to observe that week with appropriate recognition to the nation's star route mail carriers in witness whereof i have hereunto set my hand this first day of july in the year of our lord nineteen hundred seventy-one and of the independence of the united states of america the one hundred ninety-fifth richard nixon,Mark 16:2,"And very early in the morning the first day of the week, they came unto the sepulchre at the rising of the sun.",0.1111367079491781,MAYBE,,0.6
1465,8348493943121250823,"Proclamation 6849—Thanksgiving Day, 1995",William J. Clinton,1995-11-09,of work and the joys of leisure and most of all we give thanks for the children that enrich our lives and remind us daily that we are the stewards of the earth and all its possibilities this cherished season also calls us to look forward to the challenges that lie before us as individuals,Romans 8:16,"The Spirit itself beareth witness with our spirit, that we are the children of God:",0.7085635646821353,MAYBE,,0.6
1466,8358681578119697281,"Proclamation 2183—Cherokee National Forest, Tennessee",Franklin D. Roosevelt,1936-07-08,thence northerly with the said public road to the point where it first comes to the left bank of the hiwassee river opposite the upper end of an island in the river thence northeasterly approximately 15 chains crossing the river to a point in the road on the right bank of the river thence northwesterly with the meanders of the said road to its junction with u.s highway no 411 thence northeasterly with highway no 411 approximately ¾ mile to,Joshua 13:9,"From Aroer, that is upon the bank of the river Arnon, and the city that is in the midst of the river, and all the plain of Medeba unto Dibon;",0.4409957797414965,MAYBE,,0.7
1470,8382872766432688967,"Proclamation 6257—For National Days of Thanksgiving, April 5-7, 1991",George Bush,1991-03-07,as the psalmist wrote o give thanks to the lord for he is gracious for his mercy endures for ever almighty god has answered the prayers of millions of people with the liberation of kuwait and the end of offensive operations in the persian gulf,1 Chronicles 16:34,O give thanks unto the LORD; for he is good; for his mercy endureth for ever.,0.8864271424396448,MAYBE,,0.7
1479,8382872766432688967,"Proclamation 6257—For National Days of Thanksgiving, April 5-7, 1991",George Bush,1991-03-07,for he is gracious for his mercy endures for ever almighty god has answered the prayers of millions of people with the liberation of kuwait and the end of offensive,Psalms 136:17,To him which smote great kings: for his mercy endureth for ever:,0.2880026472704155,MAYBE,,0.4
1480,8382872766432688967,"Proclamation 6257—For National Days of Thanksgiving, April 5-7, 1991",George Bush,1991-03-07,for he is gracious for his mercy endures for ever almighty god has answered the prayers of millions of people with the liberation of kuwait and the end of offensive,Psalms 136:21,And gave their land for an heritage: for his mercy endureth for ever:,0.2459155884740282,MAYBE,,0.4
1481,8382872766432688967,"Proclamation 6257—For National Days of Thanksgiving, April 5-7, 1991",George Bush,1991-03-07,for he is gracious for his mercy endures for ever almighty god has answered the prayers of millions of people with the liberation of kuwait and the end of offensive,Psalms 136:25,Who giveth food to all flesh: for his mercy endureth for ever.,0.2821001111266143,MAYBE,,0.4
1482,8382872766432688967,"Proclamation 6257—For National Days of Thanksgiving, April 5-7, 1991",George Bush,1991-03-07,for he is gracious for his mercy endures for ever almighty god has answered the prayers of millions of people with the liberation of kuwait and the end of offensive,Psalms 136:7,To him that made great lights: for his mercy endureth for ever:,0.3869375696386942,MAYBE,,0.4
1486,8382872766432688967,"Proclamation 6257—For National Days of Thanksgiving, April 5-7, 1991",George Bush,1991-03-07,in the joyful celebrations of the kuwaiti people it is fitting that we give thanks to our heavenly father our help and shield for his mercy and protection asking him to judge not our worthiness but our need and protection and knowing that the lord gives victory not by might,Psalms 136:18,And slew famous kings: for his mercy endureth for ever:,0.1604470073623367,MAYBE,,0.4
1487,8382872766432688967,"Proclamation 6257—For National Days of Thanksgiving, April 5-7, 1991",George Bush,1991-03-07,in the joyful celebrations of the kuwaiti people it is fitting that we give thanks to our heavenly father our help and shield for his mercy and protection asking him to judge not our worthiness but our need and protection and knowing that the lord gives victory not by might,Psalms 136:8,The sun to rule by day: for his mercy endureth for ever:,0.1696404638208211,MAYBE,,0.4
1488,8382872766432688967,"Proclamation 6257—For National Days of Thanksgiving, April 5-7, 1991",George Bush,1991-03-07,we also remember and pray for all those who made the ultimate sacrifice in this conflict may the lord welcome all who have fallen into the glory of heaven and may he strengthen and console their families in their hour of need may it also please our heavenly father to grant a full recovery to,Psalms 89:17,For thou art the glory of their strength: and in thy favour our horn shall be exalted.,0.1216011925136869,MAYBE,,0.3
1491,8382872766432688967,"Proclamation 6257—For National Days of Thanksgiving, April 5-7, 1991",George Bush,1991-03-07,in a spirit of faith humility and gratitude seeking reconciliation with all peoples in so doing we recall the timeless prayer found in scripture thine o lord is the greatness and the power and the glory for all that is,Proverbs 15:33,The fear of the LORD is the instruction of wisdom; and before honour is humility.,0.2076916425587956,MAYBE,,0.4
1494,8382872766432688967,"Proclamation 6257—For National Days of Thanksgiving, April 5-7, 1991",George Bush,1991-03-07,doing we recall the timeless prayer found in scripture thine o lord is the greatness and the power and the glory for all that is in the heaven and in the earth is thine and thou reignest over all in thine hand is power and might and in thine hand it is to make great,Psalms 119:89,"For ever, O LORD, thy word is settled in heaven.",0.6914510700769761,MAYBE,,0.4
1499,8382872766432688967,"Proclamation 6257—For National Days of Thanksgiving, April 5-7, 1991",George Bush,1991-03-07,might and in thine hand it is to make great and to give strength unto all now therefore our god we thank thee and praise thy glorious name as the psalmist wrote come behold the,Psalms 21:13,"Be thou exalted, LORD, in thine own strength: so will we sing and praise thy power.",0.9128826284349756,MAYBE,,0.6
1500,8382872766432688967,"Proclamation 6257—For National Days of Thanksgiving, April 5-7, 1991",George Bush,1991-03-07,might and in thine hand it is to make great and to give strength unto all now therefore our god we thank thee and praise thy glorious name as the psalmist wrote come behold the,Psalms 44:8,"In God we boast all the day long, and praise thy name for ever. Selah.",0.2391535817948382,MAYBE,,0.4
1502,8382872766432688967,"Proclamation 6257—For National Days of Thanksgiving, April 5-7, 1991",George Bush,1991-03-07,and to give strength unto all now therefore our god we thank thee and praise thy glorious name as the psalmist wrote come behold the works of the lord he makes wars to cease to the end of the earth now therefore i george bush president of the united sates of america do hereby proclaim,Psalms 77:11,I will remember the works of the LORD: surely I will remember thy wonders of old.,0.1332438532572007,MAYBE,,0.6
1503,8382872766432688967,"Proclamation 6257—For National Days of Thanksgiving, April 5-7, 1991",George Bush,1991-03-07,of america do hereby proclaim april 5-7 1991 as national days of thanksgiving i ask that americans gather in homes and places of worship to give thanks to almighty god for the liberation of kuwait for the blessings of peace and liberty for our troops our families and our nation in addition i direct that,1 Thessalonians 1:2,"We give thanks to God always for you all, making mention of you in our prayers;",0.2641386164613074,MAYBE,,0.4
1508,8448883115490227065,Proclamation 9634—National Day of Prayer for the Victims of Hurricane Harvey and for Our National Response and Recovery Efforts,Donald J. Trump (1st Term),2017-09-01,enforcement officers military personnel and medical professionals leading the response and recovery efforts each of us in our own way may call upon our god for strength and comfort during this difficult time i call on all americans and houses of worship throughout the nation to join in one voice,Ezra 8:23,So we fasted and besought our God for this: and he was intreated of us.,0.6811685593093898,MAYBE,,0.6
1510,8493275306403896024,Proclamation 2531—Day of Prayer,Franklin D. Roosevelt,1941-12-22,we hold dear we are confident in our devotion to country in our love of freedom in our inheritance of courage but our strength as the strength of all men everywhere is of greater avail as god upholds us therefore i franklin d roosevelt president of the united states of america do hereby appoint the,2 Corinthians 3:2,"Ye are our epistle written in our hearts, known and read of all men:",0.6824107808428118,MAYBE,,0.6
1511,8493275306403896024,Proclamation 2531—Day of Prayer,Franklin D. Roosevelt,1941-12-22,of consecration to the tasks of the present of asking god's help in days to come we need his guidance that this people may be humble in spirit but strong in the conviction of the right steadfast to endure sacrifices and brave to achieve a victory of liberty and peace in witness whereof i have,Ephesians 4:3,Endeavouring to keep the unity of the Spirit in the bond of peace.,0.2764061594335879,MAYBE,,0.7
1514,8577290117824407204,"Proclamation 10869—National Pearl Harbor Remembrance Day, 2024","Joseph R. Biden, Jr.",2024-12-06,these brave women and men proved that no force-not destruction death or the darkness of hate-is a match for the flame of liberty that ignites the hearts of free people everywhere today we must be keepers of their mission and bearers of the flame of freedom they kept burning bright that begins by honoring our,Proverbs 15:11,Hell and destruction are before the LORD: how much more then the hearts of the children of men?,0.1537385002482831,MAYBE,,0.6
1516,8652549680816410175,Proclamation 7397—Establishment of the Sonoran Desert National Monument,William J. Clinton,2001-01-17,exceptionally well preserved natural resource the current procedures for public access to the portion of the monument depicted as area a on the attached map shall remain in full force and effect except to the extent that the united states air force agrees to different procedures which the bureau of land management determines are compatible,Proverbs 2:21,"For the upright shall dwell in the land, and the perfect shall remain in it.",0.1220975063692458,MAYBE,,0.6
1519,8705272616397097207,"Proclamation 2864—Thanksgiving Day, 1949",Harry S Truman,1949-11-10,i urge all citizens to observe the day with reverence let us on the appointed day in our homes and in our accustomed places of worship give thanks to almighty god for the blessings which have signalized our lot as a nation and let us ask for the gift of wisdom in our striving for,1 Thessalonians 1:2,"We give thanks to God always for you all, making mention of you in our prayers;",0.4885331468281978,MAYBE,,0.5
1520,8705272616397097207,"Proclamation 2864—Thanksgiving Day, 1949",Harry S Truman,1949-11-10,i urge all citizens to observe the day with reverence let us on the appointed day in our homes and in our accustomed places of worship give thanks to almighty god for the blessings which have signalized our lot as a nation and let us ask for the gift of wisdom in our striving for,Colossians 1:3,"We give thanks to God and the Father of our Lord Jesus Christ, praying always for you,",0.1770172205167141,MAYBE,,0.5
1522,8705690622445403346,"Proclamation 9569—Religious Freedom Day, 2017",Barack Obama,2017-01-13,religion allowing us to flourish as one of the most religious countries on earth but it also strengthens our nation as a whole brave men and women of faith have challenged our conscience and brought us closer to our founding ideals from the abolition of slavery to the expansion of civil rights and workers rights and throughout our history faith communities have helped uphold these values by joining in efforts to help those in need-rallying in the face of tragedy and providing care or shelter,1 Timothy 3:9,Holding the mystery of the faith in a pure conscience.,0.7435353639441973,MAYBE,,0.6
1526,8806255989780047088,"Proclamation 8713—National POW/MIA Recognition Day, 2011",Barack Obama,2011-09-15,in every conflict in which our nation has been involved selfless american service members have sacrificed their lives for the sake of our country and its principles too many have never come home or have endured unthinkable hardship as prisoners of war on this day,Acts 15:26,Men that have hazarded their lives for the name of our Lord Jesus Christ.,0.5508603845304607,MAYBE,,0.6
1529,8813785709839002680,"Proclamation 3687—Thanksgiving Day, 1965",Lyndon B. Johnson,1965-11-10,and in our places of worship to thank god for his generosity let us make ourselves worthy of that generosity by pledging to him our everlasting devotion and let us pray to him that the forces of violence indifference and intolerance may soon vanish from,Jeremiah 6:5,"Arise, and let us go by night, and let us destroy her palaces.",0.2513257834468367,MAYBE,,0.6
1530,8813785709839002680,"Proclamation 3687—Thanksgiving Day, 1965",Lyndon B. Johnson,1965-11-10,pray to him that the forces of violence indifference and intolerance may soon vanish from the face of the earth so that peace and understanding and love may reign supreme in witness whereof i have hereunto set my hand and caused the seal of the united states of america to be affixed done at the,Jude 1:2,"Mercy unto you, and peace, and love, be multiplied.",0.7234984832136699,MAYBE,,0.4
1538,8868034810707908435,"Proclamation 6073—Thanksgiving Day, 1989",George Bush,1989-11-17,every public and private good for the many blessings he has bestowed upon us in so doing we recall the timeless words of the 100th psalm serve the lord with gladness come before his presence with singing know ye that the lord he is god it is he that hath made us and not we,Psalms 150:6,Let every thing that hath breath praise the LORD. Praise ye the LORD.,0.7612346565126186,MAYBE,,0.6
1539,8868034810707908435,"Proclamation 6073—Thanksgiving Day, 1989",George Bush,1989-11-17,every public and private good for the many blessings he has bestowed upon us in so doing we recall the timeless words of the 100th psalm serve the lord with gladness come before his presence with singing know ye that the lord he is god it is he that hath made us and not we,Psalms 2:11,"Serve the LORD with fear, and rejoice with trembling.",0.2310136351069746,MAYBE,,0.4
1545,8868034810707908435,"Proclamation 6073—Thanksgiving Day, 1989",George Bush,1989-11-17,and the sheep of his pasture enter into his gates with thanksgiving and into his courts with praise be thankful unto him and bless his name for the lord is good his mercy is everlasting and his truth endureth to all generations now therefore i george bush president of the united states of america do,Psalms 135:3,Praise the LORD; for the LORD is good: sing praises unto his name; for it is pleasant.,0.8747070334203803,MAYBE,,0.6
1552,8881561407291853944,"Proclamation 9873—Loyalty Day, 2019",Donald J. Trump (1st Term),2019-04-30,and peace around the world by risking their lives to protect their fellow americans and our precious liberty service members and veterans exemplify loyalty and love of country their sacrifice reminds us that we must always be ready to defend our rights from those who seek to destroy our way of life to express our,Jude 1:2,"Mercy unto you, and peace, and love, be multiplied.",0.7912173885965496,MAYBE,,0.6
1556,8932954531177738172,"Proclamation 9316—Labor Day, 2015",Barack Obama,2015-09-04,that is the future we are fighting for and i will keep pushing until the american dream is within the reach of all people who are willing to work for it this labor day let us remember the struggles and the progress that have defined america and let us resolve to continue building a nation,Psalms 119:126,"It is time for thee, LORD, to work: for they have made void thy law.",0.1145805194728546,MAYBE,,0.6
1559,8975507848517155259,"Proclamation 4803—Thanksgiving Day, 1980",Jimmy Carter,1980-11-13,and to join the fervent prayer of george washington who as president asked god to impart all the blessings we possess or ask for ourselves to the whole family of mankind in witness whereof i have hereunto set my hand this thirteenth day of november in the year of our lord nineteen hundred and eighty,Ephesians 3:15,"Of whom the whole family in heaven and earth is named,",0.2402498500184956,MAYBE,,0.6
1564,9111585530165720564,"Proclamation 7465—National Farm and Ranch Safety and Health Week, 2001",George W. Bush,2001-09-17,administration also will support tax-deferred savings accounts to help farming and ranching families guard against downturns to keep farms and ranches in a family from generation to generation we are eliminating the death tax finally farmers and ranchers need foreign markets to sell their products and i will work hard to ensure that agriculture is,Joel 3:20,"But Judah shall dwell for ever, and Jerusalem from generation to generation.",0.1233225202404725,MAYBE,,0.6
1574,98094129498413866,"Proclamation 4690—National Day of Prayer, 1979",Jimmy Carter,1979-09-19,make our choices with all the will and determination at our command but always in the full knowledge that we are finally in the hands of god in the words,Lamentations 3:41,Let us lift up our heart with our hands unto God in the heavens.,0.1175400257685316,MAYBE,,0.6
1577,98094129498413866,"Proclamation 4690—National Day of Prayer, 1979",Jimmy Carter,1979-09-19,are finally in the hands of god in the words of the prophet zechariah not by might not by power but by my spirit saith the lord of hosts 4:6 recognizing this the congress by joint resolution approved april 17 1952 36 u.s.c 185 66 stat 64 has called upon the president to set aside,Haggai 1:7,Thus saith the LORD of hosts; Consider your ways.,0.8123443257934081,MAYBE,,0.6
1579,98094129498413866,"Proclamation 4690—National Day of Prayer, 1979",Jimmy Carter,1979-09-19,as a national day of prayer i ask all americans to join with me on that day to recommit ourselves to god to each other and to the towering ideals of truth justice fairness brotherhood and love which our nation has cherished and protected let us pray for the will and wisdom to create a,Acts 6:4,"But we will give ourselves continually to prayer, and to the ministry of the word.",0.1182526697277157,MAYBE,,0.6
