row_index,doc_id,title,president,date,snippet_norm,verse_range,verse_text,match_proba,judgement,reason,confidence
5,-1081633232120241660,"Proclamation 2629—Thanksgiving Day, 1944",Franklin D. Roosevelt,1944-11-01,of our allies to his children in other lands for the preservation of our way of life from the threat of destruction for the unity of spirit which has kept our nation strong for our abiding faith in freedom and for the promise of an enduring peace we should lift up our hearts in thanksgiving,Ephesians 4:3,Endeavouring to keep the unity of the Spirit in the bond of peace.,0.6710344746473687,TRUE,,0.8
8,-1107585303959355901,"Proclamation 6548—Nancy Moore Thurmond National Organ and Tissue Donor Awareness Week, 1993",William J. Clinton,1993-04-23,what the donation of organs can mean in the history of medicine few advances have been more awe-inspiring than successful organ and tissue transplants in recent years we have seen the miracle of terminally ill patients receiving a second chance at life with a new heart liver lung or kidney we have seen children with leukemia regain their health through bone marrow transplants we have witnessed the restoration of sight to the blind through new corneas and we have seen thousands of americans resuming normal lives after receiving a transplanted organ or tissue but many others still wait and many die waiting for a suitable,Acts 4:20,For we cannot but speak the things which we have seen and heard.,0.1217370856478401,TRUE,,0.8
9,-1110713600037520375,"Proclamation 5126—National Family Week, 1983",Ronald Reagan,1983-11-04,observe this week with appropriate ceremonies and activities during a week in which we will also observe thanksgiving day i especially invite all americans to give thanks for the family relationships with which we have been blessed in witness whereof i have hereunto set my hand this 4th day of november in the year of,1 Thessalonians 5:18,In every thing give thanks: for this is the will of God in Christ Jesus concerning you.,0.8382237863768273,TRUE,,0.9
10,-1110713600037520375,"Proclamation 5126—National Family Week, 1983",Ronald Reagan,1983-11-04,observe this week with appropriate ceremonies and activities during a week in which we will also observe thanksgiving day i especially invite all americans to give thanks for the family relationships with which we have been blessed in witness whereof i have hereunto set my hand this 4th day of november in the year of,Ephesians 1:16,"Cease not to give thanks for you, making mention of you in my prayers;",0.735254787305107,TRUE,,0.8
16,-1223833900654392854,"Proclamation 4136—Prayer for Peace, Memorial Day, 1972",Richard Nixon,1972-05-19,where aggression left us no choice we shall press on in that pursuit relying not alone on human ways and means but also on him who maketh wars to cease unto the end of the earth who in scripture has commanded us be still and know that i am god in recognition of this deep national reliance upon divine guidance,Psalms 46:9,"He maketh wars to cease unto the end of the earth; he breaketh the bow, and cutteth the spear in sunder; he burneth the chariot in the fire.",0.9298481848516812,TRUE,,1.0
19,-1252475385431496415,"Proclamation 9063—Thanksgiving Day, 2013",Barack Obama,2013-11-26,those less fortunate this thanksgiving day let us forge deeper connections with our loved ones let us extend our gratitude and our compassion and let us lift each other up and recognize in the oldest spirit of this tradition that we rise or fall as one nation under god now,Lamentations 3:41,Let us lift up our heart with our hands unto God in the heavens.,0.9360331822809076,TRUE,,0.9
25,-1337862071066372914,"Proclamation 8558—National Days of Prayer and Remembrance, 2010",Barack Obama,2010-09-10,of national tragedy we relied upon the strength and resilience that has marked the pages of american history many americans turned to god and lifted up their fellow americans in prayer on these solemn days let us remember that from the destruction of that morning we came together as a,Luke 17:13,"And they lifted up their voices, and said, Jesus, Master, have mercy on us.",0.4901013802205653,TRUE,,0.8
26,-1337862071066372914,"Proclamation 8558—National Days of Prayer and Remembrance, 2010",Barack Obama,2010-09-10,of national tragedy we relied upon the strength and resilience that has marked the pages of american history many americans turned to god and lifted up their fellow americans in prayer on these solemn days let us remember that from the destruction of that morning we came together as a,Numbers 14:1,"And all the congregation lifted up their voice, and cried; and the people wept that night.",0.2361529267077491,TRUE,,0.7
27,-1339721657448148269,"Proclamation 6110—National Agriculture Day, 1990",George Bush,1990-03-20,rest this is worth remembering each day and especially on national agriculture day today we give thanks not only for the bountiful harvests that bring our daily bread but also for the courageous and industrious men and women who reap them now therefore i george bush president of the united states of america by virtue,Luke 11:3,Give us day by day our daily bread.,0.9277196171210386,TRUE,,0.9
28,-1339721657448148269,"Proclamation 6110—National Agriculture Day, 1990",George Bush,1990-03-20,rest this is worth remembering each day and especially on national agriculture day today we give thanks not only for the bountiful harvests that bring our daily bread but also for the courageous and industrious men and women who reap them now therefore i george bush president of the united states of america by virtue,Matthew 6:11,Give us this day our daily bread.,0.9643356699493438,TRUE,,0.95
32,-1382727171024561777,"Proclamation 7170—Women's History Month, 1999",William J. Clinton,1999-03-01,century ago an editorial in the pittsburgh dispatch opposing women's suffrage and criticizing women in the work force so infuriated a young reader that she wrote a letter in protest her articulate response prompted the newspaper's editor to offer her a job and thus elizabeth cochrane-later known as nellie bly-began her career in journalism a,Acts 23:25,And he wrote a letter after this manner:,0.8769945639992256,TRUE,,0.9
43,-1417333437969695319,"Proclamation 9441—National Day of Prayer, 2016",Barack Obama,2016-05-04,wisdom gained from humble prayer to spread kindness and to make our world a better place faith communities at home and abroad have helped feed the hungry heal the sick and protect innocents from violence nurturing communities with love and understanding their prayer inspires their work which embodies a timeless notion that has kept humanity,Luke 9:2,"And he sent them to preach the kingdom of God, and to heal the sick.",0.7545038194395984,TRUE,,0.8
47,-1484328504423867855,"Proclamation 3252—National Day of Prayer, 1958",Dwight D. Eisenhower,1958-08-01,our fathers trusted in god and they were not confounded believing that all men are endowed by their creator with certain unalienable rights they conquered the wilderness built homes charted,Psalms 22:4,"Our fathers trusted in thee: they trusted, and thou didst deliver them.",0.9658775414753696,TRUE,,0.9
48,-1484328504423867855,"Proclamation 3252—National Day of Prayer, 1958",Dwight D. Eisenhower,1958-08-01,our fathers trusted in god and they were not confounded believing that all men are endowed by their creator with certain unalienable rights they conquered the wilderness built homes charted the course of free institutions,Psalms 22:5,"They cried unto thee, and were delivered: they trusted in thee, and were not confounded.",0.8272505789220939,TRUE,,0.9
56,-1484328504423867855,"Proclamation 3252—National Day of Prayer, 1958",Dwight D. Eisenhower,1958-08-01,distant lands and that we may strive to alleviate hunger eradicate disease and advance the well-being of our neighbors fourth that we may be saved from blinding pride and from any act hurtful to the concord of free nations joined in building a just and durable peace under the guiding,Luke 1:71,"That we should be saved from our enemies, and from the hand of all that hate us;",0.3591781397849303,TRUE,,0.8
58,-1495718612019033155,"Proclamation 3617—National Day of Prayer, 1964",Lyndon B. Johnson,1964-09-22,suitable day each year other than a sunday as a national day of prayer on which the people of the united states may turn to god in prayer and meditation at churches in groups and as individuals now therefore i lyndon b johnson president of the united states of america do set aside and proclaim,Colossians 4:2,"Continue in prayer, and watch in the same with thanksgiving;",0.1617763960411378,TRUE,,0.8
60,-1515983272177645065,"Proclamation 9050—National Alzheimer's Disease Awareness Month, 2013",Barack Obama,2013-10-31,for them sharing their loved ones emotional physical and financial strains this month we honor their compassion remember those we have lost and press toward the next great scientific breakthrough now therefore i barack obama president of the united states of america by virtue of the authority vested in me,Philippians 3:14,I press toward the mark for the prize of the high calling of God in Christ Jesus.,0.2081267186694881,TRUE,,0.9
65,-1608629593617141419,"Proclamation 5597—Martin Luther King, Jr., Day, 1987",Ronald Reagan,1987-01-09,love of neighbor recorded in holy writ he frequently prayed in the words of the prophet amos let justice roll down like waters and righteousness like a mighty stream dr king also appealed clearly and compellingly through moving accounts such as his description of a little girl marching with her mother who answered a policeman's,Amos 5:24,"But let judgment run down as waters, and righteousness as a mighty stream.",0.9391798575764764,TRUE,,0.95
66,-1608629593617141419,"Proclamation 5597—Martin Luther King, Jr., Day, 1987",Ronald Reagan,1987-01-09,that land but added i may not get there with you he concluded i'm happy tonight i'm not worried about anything i'm not fearing any man mine eyes have seen the glory of the coming of the lord nearly five years before dr king had spoken words of solace of reconciliation and of promise during,Luke 2:30,"For mine eyes have seen thy salvation,",0.4627611185910342,TRUE,,0.9
68,-163754585653000498,"Proclamation 8756—National Family Week, 2011",Barack Obama,2011-11-18,a difference in the lives of our veterans and military families as we gather with our loved ones this holiday season let us pause to give thanks to all those who share in the trials and triumphs of our lives our families illuminate our days and bring meaning to our years and their love has,1 Thessalonians 1:2,"We give thanks to God always for you all, making mention of you in our prayers;",0.6859220006092966,TRUE,,0.8
71,-1706508358023674763,"Proclamation 7779—Loyalty Day, 2004",George W. Bush,2004-04-30,families of those deployed with basic family needs such as home repairs financial planning and child care by supporting our troops and their families citizens are making a difference in their communities and showing loyalty to our country through their patriotism america's citizens are also demonstrating their loyalty to our nation through volunteer service in,Jude 1:22,"And of some have compassion, making a difference:",0.1112410074244201,TRUE,,0.9
76,-1730928693114198526,"Proclamation 6991—National Day of Prayer, 1997",William J. Clinton,1997-04-18,through the centuries today within our nation's capitol building a stained glass window depicts general washington humbly kneeling and repeating the words of the 16th psalm preserve me o god for in thee do i put my trust as we face the last years of the 20th century let us uphold the tradition of observing a day in which every american in his or her,Psalms 16:1,"Preserve me, O God: for in thee do I put my trust.",0.6602257896474628,TRUE,,0.9
78,-1730928693114198526,"Proclamation 6991—National Day of Prayer, 1997",William J. Clinton,1997-04-18,stained glass window depicts general washington humbly kneeling and repeating the words of the 16th psalm preserve me o god for in thee do i put my trust as we face the last years of the 20th century let us uphold the tradition of observing a day in which every american in his or her,Psalms 31:1,"In thee, O LORD, do I put my trust; let me never be ashamed: deliver me in thy righteousness.",0.612512365564181,TRUE,,0.9
79,-1730928693114198526,"Proclamation 6991—National Day of Prayer, 1997",William J. Clinton,1997-04-18,stained glass window depicts general washington humbly kneeling and repeating the words of the 16th psalm preserve me o god for in thee do i put my trust as we face the last years of the 20th century let us uphold the tradition of observing a day in which every american in his or her,Psalms 71:1,"In thee, O LORD, do I put my trust: let me never be put to confusion.",0.3029518647341574,TRUE,,0.8
80,-1730928693114198526,"Proclamation 6991—National Day of Prayer, 1997",William J. Clinton,1997-04-18,psalm preserve me o god for in thee do i put my trust as we face the last years of the 20th century let us uphold the tradition of observing a day in which every,Psalms 38:15,"For in thee, O LORD, do I hope: thou wilt hear, O Lord my God.",0.5350872733863674,TRUE,,0.9
85,-1777785171603127802,"Proclamation 4379—National Day of Prayer, 1975",Gerald R. Ford,1975-06-12,the many blessings granted to america throughout these two centuries and let us express the hope that our lives may continue to be enriched by the grace of our maker now therefore i gerald r ford president of the united states of america do hereby proclaim thursday july 24 1975 as national day of prayer,1 Corinthians 16:23,The grace of our Lord Jesus Christ be with you.,0.3850745271595882,TRUE,,0.8
87,-1808626928340295217,"Proclamation 3940—National Day of Prayer, 1969",Richard Nixon,1969-10-08,john adams was the first president to live in the executive residence we call the white house his first night there he wrote a letter to his wife abigail in which he said before i end my letter i pray heaven to bestow the best of blessings on this house,Acts 23:25,And he wrote a letter after this manner:,0.8280359430390015,TRUE,,0.9
92,-1864127711851437061,"Proclamation 10649—Indigenous Peoples' Day, 2023","Joseph R. Biden, Jr.",2023-10-06,as well as a source of incredible contributions indigenous peoples and tribal nations continue to practice their cultures remember their heritages and pass down their histories from generation to generation they steward this country's lands and waters and grow crops that feed all of us they serve in the united states military at a higher,Joel 3:20,"But Judah shall dwell for ever, and Jerusalem from generation to generation.",0.1752989808369688,TRUE,,0.7
97,-1927155052055695429,Proclamation 2651—Victory in Europe: Day of Prayer,Harry S Truman,1945-05-08,we have won and for its promise to peoples everywhere who join us in the love of freedom it is fitting that we as a nation give thanks to almighty god who has strengthened us and given us the victory now therefore i harry s truman president of the united states of america do hereby appoint sunday may 13 1945 to be a day of prayer i call upon the people of the united states whatever their faith to unite in offering joyful thanks to god for the victory we have won and to pray that he will support us to the end of our present struggle and guide us,1 Thessalonians 1:2,"We give thanks to God always for you all, making mention of you in our prayers;",0.5203374480961686,TRUE,,0.9
99,-1927155052055695429,Proclamation 2651—Victory in Europe: Day of Prayer,Harry S Truman,1945-05-08,who join us in the love of freedom it is fitting that we as a nation give thanks to almighty god who has strengthened us and given us the victory now therefore i harry s truman president of the united states of america do hereby appoint sunday may 13 1945 to be a day of,1 Corinthians 15:57,"But thanks be to God, which giveth us the victory through our Lord Jesus Christ.",0.6453381616337917,TRUE,,0.9
104,-195021542407315539,Proclamation 2602—Day of Prayer,Franklin D. Roosevelt,1943-12-03,crowned their efforts with brilliant success on every battle front it is fitting that we set aside a day of prayer to give thanks to almighty god for his constant providence over us in every hour of national peace and national peril at the beginning of the new year 1944 which now lies before us,2 Corinthians 9:15,Thanks be unto God for his unspeakable gift.,0.9087903238772768,TRUE,,0.9
106,-195021542407315539,Proclamation 2602—Day of Prayer,Franklin D. Roosevelt,1943-12-03,in our hearts those of us who walk in the familiar paths of home those who fight on the wide battlefields of the world those who go down to the sea in ships and those who rise in the air on wings in witness whereof i have hereunto set my hand and caused the seal of the united states of,Psalms 107:23,"They that go down to the sea in ships, that do business in great waters;",0.2738980273657965,TRUE,,0.9
109,-1958707941306501862,"Proclamation 6444—Flag Day and National Flag Week, 1992",George Bush,1992-06-10,author francis bellamy had hoped it would be an ageless creed that embodies the fundamental idea of patriotic citizenship comprehending in broadest lines the spirit of our history and the deepest aim of our national life when we recite the pledge and promise our allegiance to this one nation under god indivisible with liberty and justice for all we reaffirm both the unity of our people and what president eisenhower aptly described as the transcendence of religious faith in america's heritage and future as the pledge of allegiance states so eloquently we americans believe in almighty god the source of all life and liberty we believe in the inherent and unalienable rights and dignity of each human being and we believe in equal opportunity as,Job 33:4,"The spirit of God hath made me, and the breath of the Almighty hath given me life.",0.4465024394554581,TRUE,,0.8
115,-2015222060694642808,"Proclamation 10027—National Day of Prayer, 2020",Donald J. Trump (1st Term),2020-05-06,of religious liberty today we join together and lift up our hearts remembering the words of 1 john 5:14 that tell us when we ask anything according to his will he hears us from our earliest days our dependence upon god has brought us to seek his divine counsel and unfailing wisdom our leaders have,1 John 5:14,"And this is the confidence that we have in him, that, if we ask any thing according to his will, he heareth us:",0.8363146995645896,TRUE,,1.0
118,-2015222060694642808,"Proclamation 10027—National Day of Prayer, 2020",Donald J. Trump (1st Term),2020-05-06,americans that through trust in him we can overcome all obstacles may we never forget that prayer guides and empowers our nation and that all things are possible with god in times of prosperity strife peace and war americans lean on his infinite love grace and understanding today on this national day of prayer let,Luke 18:27,"And he said, The things which are impossible with men are possible with God.",0.5362793131568568,TRUE,,0.9
127,-2192073955943490412,"Proclamation 8374—National Day of Prayer, 2009",Barack Obama,2009-05-07,times as we observe this day of prayer we remember the one law that binds all great religions together the golden rule and its call to love one another to understand one another and to treat with dignity and respect those with whom we share a brief moment on this earth the congress by public,Hebrews 10:24,And let us consider one another to provoke unto love and to good works:,0.364456017342312,TRUE,,0.8
128,-2192073955943490412,"Proclamation 8374—National Day of Prayer, 2009",Barack Obama,2009-05-07,times as we observe this day of prayer we remember the one law that binds all great religions together the golden rule and its call to love one another to understand one another and to treat with dignity and respect those with whom we share a brief moment on this earth the congress by public,John 15:17,"These things I command you, that ye love one another.",0.1563079048315608,TRUE,,0.9
134,-2244855790161687123,"Proclamation 10314—Thanksgiving Day, 2021","Joseph R. Biden, Jr.",2021-11-24,do hereby proclaim thursday november 25 2021 as a national day of thanksgiving i encourage the people of the united states of america to join together and give thanks for the friends neighbors family members and strangers who have supported each other over the past year in a reflection of goodwill and unity in witness,Ephesians 1:16,"Cease not to give thanks for you, making mention of you in my prayers;",0.8863529215585211,TRUE,,0.9
136,-2247174988378573216,"Proclamation 4883—Thanksgiving Day, 1981",Ronald Reagan,1981-11-12,has provided a harvest of plenty to this nation throughout its history in keeping with america's heritage one day each year is set aside for giving thanks to god for all of his blessings on this day of thanksgiving it is appropriate that we recall the first thanksgiving celebrated in the autumn of 1621 after,1 Thessalonians 1:2,"We give thanks to God always for you all, making mention of you in our prayers;",0.4145290335874403,TRUE,,0.8
143,-2326878502230334340,"Proclamation 5509—Let Freedom Ring Day, 1986",Ronald Reagan,1986-07-02,the joyful clamor of bells let every spire and belfry in the land ring out the glad tidings of liberty once again let every american rejoice in the blessings of freedom as they hear the jubilant music of carillons carried on the night air as the golden glow of the statue of liberty's rekindled torch,Philippians 4:4,"Rejoice in the Lord alway: and again I say, Rejoice.",0.9379622217055494,TRUE,,0.9
144,-2345123003626209684,"Proclamation 10696—Martin Luther King, Jr., Federal Holiday, 2024","Joseph R. Biden, Jr.",2024-01-12,to believe that history had already been written and division would be our nation's destiny but dr king rejected that outcome he heard scripture's command to do justice love mercy and walk humbly he clung to the declaration of independence's promise of equality for all people dr king's mission was a moral one from bridges,Proverbs 21:3,To do justice and judgment is more acceptable to the LORD than sacrifice.,0.4427930795881392,TRUE,,0.9
149,-243545718405438167,Proclamation 3627—Thanksgiving Day,Lyndon B. Johnson,1964-11-13,three and one-half centuries let us appoint a special day on which all of us in keeping with the dictates of our own conscience will give thanks to the lord for his manifold blessings and on that day let us rededicate ourselves to meeting the challenges of the present with the fortitude and faith with,Psalms 136:3,O give thanks to the Lord of lords: for his mercy endureth for ever.,0.5946797834650251,TRUE,,0.9
151,-243545718405438167,Proclamation 3627—Thanksgiving Day,Lyndon B. Johnson,1964-11-13,places to give thanks to god for his graciousness and his generosity to us-to pledge to him our everlasting devotion-to beseech his divine guidance and the wisdom and strength to recognize and follow that guidance--and to pray to him that the forces of evil violence indifference intolerance and inhumanity may soon vanish from the face,Job 12:13,"With him is wisdom and strength, he hath counsel and understanding.",0.2011229842129006,TRUE,,0.9
152,-2436771749986575050,"Proclamation 7896—National Day of Prayer, 2005",George W. Bush,2005-05-03,feel helpless knowing that god sees their needs and calls on us to meet them as our first president wrote in 1790 may the father of all mercies scatter light and not darkness in our paths as we face the challenges of our times god's purpose continues to guide us,2 Corinthians 1:3,"Blessed be God, even the Father of our Lord Jesus Christ, the Father of mercies, and the God of all comfort;",0.5981469314699303,TRUE,,0.8
158,-2505947132207032368,"Proclamation 7375—Veterans Day, 2000",William J. Clinton,2000-11-10,final achievement it is a call to untiring effort to continual sacrifice and to the willingness if necessary to die in its defense today we give thanks to the veterans of our armed forces for showing that willingness whether serving on bases and in ports at home or deployed across the globe they have endured,Colossians 1:3,"We give thanks to God and the Father of our Lord Jesus Christ, praying always for you,",0.6373472694298148,TRUE,,0.9
161,-2507955007950328788,"Proclamation 5810—Father's Day, 1988",Ronald Reagan,1988-05-03,teach the fortitude to provide the compassion to comfort and the mercy to forgive all of this is to say that they find the strength to love their wives and children selflessly and it is above all for this wondrous mysterious love that fathers shower upon their families and that allows them to ceaselessly put their families needs first that we honor fathers with their own special day our gratitude,Jude 1:2,"Mercy unto you, and peace, and love, be multiplied.",0.6396757657326384,TRUE,,0.8
171,-2548062821315986042,"Proclamation 7403—National Day of Prayer and Thanksgiving, 2001",George W. Bush,2001-01-20,i cannot succeed in this task without the favor of god and the prayers of the people i ask all americans to join with me in prayer and thanksgiving now therefore i george w bush president of the united states of america by the authority vested in me by the constitution and laws of the,Colossians 4:2,"Continue in prayer, and watch in the same with thanksgiving;",0.6834923622458852,TRUE,,0.9
172,-2548062821315986042,"Proclamation 7403—National Day of Prayer and Thanksgiving, 2001",George W. Bush,2001-01-20,vested in me by the constitution and laws of the united states do hereby proclaim january 21 2001 a national day of prayer and thanksgiving and call upon the citizens of our nation to gather together in homes and places of worship to pray alone and together and offer thanksgiving,Psalms 116:17,"I will offer to thee the sacrifice of thanksgiving, and will call upon the name of the LORD.",0.7533250919651192,TRUE,,0.8
181,-2717970352000111639,"Proclamation 5670—American Gospel Arts Day, 1987",Ronald Reagan,1987-06-19,gospel music is a uniquely american art form a fusion of the music and culture of africa and europe the rich sound and vibrant rhythms of gospel music have influenced the directions of popular music in america and indeed around the world born in black american church communities across our country gospel music has long been a popular influence bringing joy to countless people symbolizing a source of peaceful social change and affirming the place of black american culture in our nation's artistic heritage today in churches gospel music enlivens and enriches the spirit of worship a moving and expressive example of spontaneous celebration through song and prayer the performance of gospel music is a heritage well worth preserving for future generations so they can know and share in one of our most beloved musical traditions in recognition of the importance of gospel music to the history of american music and of the traditional observance of june 19 as a special day of appreciation of the black american cultural heritage with which gospel music is so strongly identified the congress by house joint resolution 106 has designated june 19 1987 as american gospel arts day and authorized and requested the president to issue a proclamation in observance of this event now therefore i ronald reagan president of the united states of america do hereby proclaim june 19 1987 as american gospel arts day i call upon the people of the united states to observe this day with appropriate ceremonies programs and activities in witness whereof i have hereunto set my,1 Corinthians 9:14,Even so hath the Lord ordained that they which preach the gospel should live of the gospel.,0.464302796942719,TRUE,,0.8
189,-285878305771813617,"Proclamation 6448—Father's Day, 1992",George Bush,1992-06-17,mutual support of husband and wife finally it is not surprising that we are reminded that the fourth commandment given to man by god is the first with a promise honor your father and your,Ephesians 6:2,Honour thy father and mother; which is the first commandment with promise;,0.9861571888661016,TRUE,,0.9
191,-285878305771813617,"Proclamation 6448—Father's Day, 1992",George Bush,1992-06-17,surprising that we are reminded that the fourth commandment given to man by god is the first with a promise honor your father and your mother that it may be well with you and that you may live long on the earth this injunction might readily apply to nations as well as to individuals--each of us should honor not only our own moms and dads,Ephesians 6:3,"That it may be well with thee, and thou mayest live long on the earth.",0.9817658672074788,TRUE,,0.95
199,-3050155075829649776,"Proclamation 6355—National Children's Day, 1991",George Bush,1991-10-11,childhood and reaffirm our commitment to helping every american youngster to enjoy the best possible start in life as it is written in scripture train up a child in the way that he should go and when he is old he will not depart from it the congress by senate joint resolution 126 has designated the second sunday in october 1991 as national children's day and has authorized and requested,Proverbs 22:6,"Train up a child in the way he should go: and when he is old, he will not depart from it.",0.5551865275084994,TRUE,,1.0
202,-3075174109320535206,"Proclamation 2441—Thanksgiving Day, 1940",Franklin D. Roosevelt,1940-11-09,and arrogancy and from every evil way defend our liberties and fashion into one united people the multitudes brought hither out of many kindreds and tongues endue with the spirit of wisdom those to whom in thy name we entrust the authority of government that there may be justice and peace at home and that,Ephesians 4:3,Endeavouring to keep the unity of the Spirit in the bond of peace.,0.5646653685995091,TRUE,,0.8
203,-3075174109320535206,"Proclamation 2441—Thanksgiving Day, 1940",Franklin D. Roosevelt,1940-11-09,we may show forth thy praise among the nations of the earth in the time of prosperity fill our hearts with thankfulness and in the day of trouble suffer not our trust in thee to fail amen in witness whereof i have hereunto set my hand and caused the seal of the united states of,Nahum 1:7,"The LORD is good, a strong hold in the day of trouble; and he knoweth them that trust in him.",0.7309982406363996,TRUE,,0.9
205,-3075174109320535206,"Proclamation 2441—Thanksgiving Day, 1940",Franklin D. Roosevelt,1940-11-09,we may show forth thy praise among the nations of the earth in the time of prosperity fill our hearts with thankfulness and in the day of trouble suffer not our trust in thee to fail amen in witness whereof i have hereunto set my hand and caused the seal of the united states of,Psalms 50:15,"And call upon me in the day of trouble: I will deliver thee, and thou shalt glorify me.",0.5302578946588458,TRUE,,0.9
209,-314948345658276482,"Proclamation 2673—Thanksgiving Day, 1945",Harry S Truman,1945-11-12,in this year of our victory absolute and final over german fascism and japanese militarism in this time of peace so long awaited which we are determined with all the united nations to make permanent on this day of our abundance strength and achievement let,Psalms 72:7,In his days shall the righteous flourish; and abundance of peace so long as the moon endureth.,0.757538195036826,TRUE,,0.8
214,-3224053434859910131,"Proclamation 3436—National Day of Prayer, 1961",John F. Kennedy,1961-09-28,honor during the deliberations in the constitutional convention they were called to daily prayers with the reminder in sacred scripture it is written that except the lord build the house they labor in vain that build it and they were warned that without the concurring aid of providence they would succeed in the political building no better than the builders,Psalms 127:1,"Except the LORD build the house, they labour in vain that build it: except the LORD keep the city, the watchman waketh but in vain.",0.983408411561006,TRUE,,0.95
218,-3224053434859910131,"Proclamation 3436—National Day of Prayer, 1961",John F. Kennedy,1961-09-28,at their best in their day as the responsible trustees of the great heritage which has come to us from those who went before us for a spirit of wisdom and understanding as we move toward new frontiers of cooperation and brotherhood to overcome the curse of hunger of ignorance of superstition and of disease,Isaiah 11:2,"And the spirit of the LORD shall rest upon him, the spirit of wisdom and understanding, the spirit of counsel and might, the spirit of knowledge and of the fear of the LORD;",0.3540009883999571,TRUE,,0.8
220,-3224053434859910131,"Proclamation 3436—National Day of Prayer, 1961",John F. Kennedy,1961-09-28,with freedom and justice and dignity for all mankind and recognizing our own shortcomings may we be granted forgiveness and cleansing that god shall bless us and be gracious unto us and cause his face to shine upon us as we stand everyone of us on this day in his presence in witness whereof i have hereunto set my hand and caused the seal of,Psalms 67:1,"God be merciful unto us, and bless us; and cause his face to shine upon us; Selah.",0.9638631188498652,TRUE,,0.95
221,-3224053434859910131,"Proclamation 3436—National Day of Prayer, 1961",John F. Kennedy,1961-09-28,recognizing our own shortcomings may we be granted forgiveness and cleansing that god shall bless us and be gracious unto us and cause his face to shine upon us as we stand everyone of us on this day in his presence in witness whereof i have hereunto set my hand,Psalms 80:3,"Turn us again, O God, and cause thy face to shine; and we shall be saved.",0.982205215633242,TRUE,,0.9
236,-3387990974768341740,"Proclamation 10562—National Foster Care Month, 2023","Joseph R. Biden, Jr.",2023-04-28,month we honor the absolute courage of young people in foster care who too often endure challenges that no child should ever have to confront and we give thanks to the dedicated kinship and foster parents who care for them during their times of greatest need we recognize the biological parents and families of foster,Colossians 1:3,"We give thanks to God and the Father of our Lord Jesus Christ, praying always for you,",0.5171745154642478,TRUE,,0.8
242,-3450263153265856923,"Proclamation 5558—United Nations Day, 1986",Ronald Reagan,1986-10-22,adopt a program of reforms strengthen the u.n.'s ability to reach and help humanity particularly the poorest and most defenseless and reinforce the u.n.'s mission to keep the peace and promote human rights if all the members of this universal organization decide to seize the moment and turn the rhetoric of reform into reality the,Ephesians 4:3,Endeavouring to keep the unity of the Spirit in the bond of peace.,0.6110858611032565,TRUE,,0.8
245,-3455467671498703566,Proclamation 2373—Thanksgiving Day,Franklin D. Roosevelt,1939-10-31,especially rejoice in the strengthened bonds of our friendship with the other peoples of the western hemisphere let us on the day set aside for this purpose give thanks to the ruler of the universe for the strength which he has vouchsafed us to carry on our daily labors and for the hope that lives,Psalms 136:3,O give thanks to the Lord of lords: for his mercy endureth for ever.,0.945370463738202,TRUE,,0.9
257,-3577250160215802939,"Proclamation 5985—Prayer for Peace, Memorial Day, 1989",George Bush,1989-05-22,a way of life one that cherishes and protects the god-given rights of all their time on earth was well spent on memorial day we give thanks for the great blessings of freedom and peace and for the generations of americans who have won them for us we also pray,Colossians 1:3,"We give thanks to God and the Father of our Lord Jesus Christ, praying always for you,",0.602488923112514,TRUE,,0.8
266,-3706990285534966566,"Proclamation 3438—Thanksgiving Day, 1961",John F. Kennedy,1961-10-28,it is a good thing to give thanks unto the lord more than three centuries ago the pilgrims after a year of hardship and peril humbly and reverently set aside a special day upon which to give thanks to god for their preservation and for the good harvest from the virgin soil upon which they had labored grave and unknown dangers remained yet by their faith and by their toil they had survived the rigors of the harsh new england winter hence they paused in their labors to give thanks for the blessings that had been bestowed upon them by divine providence this year as the harvest draws near its close and the year approaches,Psalms 92:1,"IT IS A GOOD THING TO GIVE THANKS UNTO THE LORD, AND TO SING PRAISES UNTO THY NAME, O MOST HIGH:",0.8616195323961235,TRUE,,1.0
268,-3706990285534966566,"Proclamation 3438—Thanksgiving Day, 1961",John F. Kennedy,1961-10-28,our blessings we are grateful for the blessings of faith and health and strength and for the imperishable spiritual gifts of love and hope we give thanks too for our freedom as a nation for the strength of our arms and the faith of our friends for the beliefs and,Colossians 1:3,"We give thanks to God and the Father of our Lord Jesus Christ, praying always for you,",0.1744654746498932,TRUE,,0.8
272,-3764859750167597628,"Proclamation 3812—National Day of Prayer, 1967",Lyndon B. Johnson,1967-10-06,washington without the assistance of the divine being who ever attended him i cannot succeed with that assistance i cannot fail trusting in him who can go with me and remain with you and be everywhere for good let us confidently hope that all will yet be well to his care commending you as i,Psalms 34:3,"O magnify the LORD with me, and let us exalt his name together.",0.8329152903444891,TRUE,,0.9
274,-3764859750167597628,"Proclamation 3812—National Day of Prayer, 1967",Lyndon B. Johnson,1967-10-06,st paul said in sighs too deep for words we pray that in the time of prosperity fill our hearts with thankfulness and in the day of trouble suffer not our trust in thee to fail sensible of our people's faith the congress by a joint resolution of april 17 1952 provided that the president,Psalms 20:1,The LORD hear thee in the day of trouble; the name of the God of Jacob defend thee;,0.4212538716412514,TRUE,,0.8
278,-3775825922356896606,"Proclamation 8242—National Day of Prayer, 2008",George W. Bush,2008-04-21,and played a vital role in the life and history of the united states americans of many different faiths share the profound conviction that god listens to the voice of his children and pours his grace upon those who seek him in prayer by surrendering our lives to our loving father we learn to serve,Psalms 66:19,But verily God hath heard me; he hath attended to the voice of my prayer.,0.6137308350682654,TRUE,,0.8
281,-3775825922356896606,"Proclamation 8242—National Day of Prayer, 2008",George W. Bush,2008-04-21,prayer we ask god's continued blessings on our country this year's theme prayer america's strength and shield is taken from psalm 28:7 the lord is my strength and my shield my heart trusts in him and i am helped on this day we pray for the safety of our brave men and women in uniform for their families and for the comfort and recovery of,Psalms 28:7,"The LORD is my strength and my shield; my heart trusted in him, and I am helped: therefore my heart greatly rejoiceth; and with my song will I praise him.",0.926607492500856,TRUE,,0.95
283,-3781830419370852608,"Proclamation 6421—Education and Sharing Day, U.S.A., 1992",George Bush,1992-04-14,and in religious institutions where we learn of our just and loving creator and of the commandments that he has set before us recognizing that fear of the lord is the beginning of wisdom members of the worldwide lubavitch movement under the leadership of rabbi menachem mendel schneerson have worked to promote greater knowledge of,Proverbs 15:33,The fear of the LORD is the instruction of wisdom; and before honour is humility.,0.8930717544159731,TRUE,,0.9
284,-3781830419370852608,"Proclamation 6421—Education and Sharing Day, U.S.A., 1992",George Bush,1992-04-14,and in religious institutions where we learn of our just and loving creator and of the commandments that he has set before us recognizing that fear of the lord is the beginning of wisdom members of the worldwide lubavitch movement under the leadership of rabbi menachem mendel schneerson have worked to promote greater knowledge of,Proverbs 1:29,"For that they hated knowledge, and did not choose the fear of the LORD:",0.5256254021662505,TRUE,,0.8
285,-3781830419370852608,"Proclamation 6421—Education and Sharing Day, U.S.A., 1992",George Bush,1992-04-14,and in religious institutions where we learn of our just and loving creator and of the commandments that he has set before us recognizing that fear of the lord is the beginning of wisdom members of the worldwide lubavitch movement under the leadership of rabbi menachem mendel schneerson have worked to promote greater knowledge of divine law including the biblical,Proverbs 1:7,The fear of the LORD is the beginning of knowledge: but fools despise wisdom and instruction.,0.2589468280635814,TRUE,,0.9
287,-3781830419370852608,"Proclamation 6421—Education and Sharing Day, U.S.A., 1992",George Bush,1992-04-14,and in religious institutions where we learn of our just and loving creator and of the commandments that he has set before us recognizing that fear of the lord is the beginning of wisdom members of the worldwide lubavitch movement under the leadership of rabbi menachem mendel schneerson have worked to promote greater knowledge of divine law including the biblical,Proverbs 9:10,The fear of the LORD is the beginning of wisdom: and the knowledge of the holy is understanding.,0.9605909596478744,TRUE,,0.95
288,-3781830419370852608,"Proclamation 6421—Education and Sharing Day, U.S.A., 1992",George Bush,1992-04-14,and in religious institutions where we learn of our just and loving creator and of the commandments that he has set before us recognizing that fear of the lord is the beginning of wisdom members of the worldwide lubavitch movement under the leadership of rabbi menachem mendel schneerson have worked to promote greater knowledge of divine law including the biblical,Psalms 111:10,The fear of the LORD is the beginning of wisdom: a good understanding have all they that do his commandments: his praise endureth for ever.,0.5003278300709808,TRUE,,0.9
289,-3781830419370852608,"Proclamation 6421—Education and Sharing Day, U.S.A., 1992",George Bush,1992-04-14,menachem mendel schneerson have worked to promote greater knowledge of divine law including the biblical injunction to assist those who are needy like the psalmist who wrote thy word is a lamp to my feet and a light to my path the individual who possesses such knowledge is well-equipped for a safe and fruitful passage on his or her life's journey in recognition of the,Psalms 119:105,"Thy word is a lamp unto my feet, and a light unto my path.",0.9009846029133484,TRUE,,1.0
295,-3899299878657197052,"Proclamation 10865—Thanksgiving Day, 2024","Joseph R. Biden, Jr.",2024-11-27,nation's families who sacrifice so much to achieve the american dream and build a future worthy of our highest aspirations this thanksgiving-the last one i will declare as president-i express my gratitude to the american people serving as president has been the honor of a lifetime america is the greatest,Psalms 75:9,But I will declare for ever; I will sing praises to the God of Jacob.,0.4568263730300821,TRUE,,0.8
305,-3997993200130344024,"Proclamation 8927—Martin Luther King, Jr., Federal Holiday, 2013",Barack Obama,2013-01-18,us that change does not roll in on the wheels of inevitability but comes through continuous struggle throughout the 1950s and 1960s he mobilized multitudes of men and women to take on a struggle for justice and equality they braved billy clubs and bomb threats dogs and fire hoses for their courage and sacrifice they,Acts 5:14,"And believers were the more added to the Lord, multitudes both of men and women.)",0.11654222537795,TRUE,,0.8
308,-4032190901526965908,"Proclamation 4591—National Day of Prayer, 1978",Jimmy Carter,1978-09-01,do hereby proclaim saturday october 7 1978 as national day of prayer i ask all americans to join with me on that day in asking god's help that we may see and understand our responsibilities and discharge them with wisdom strength and patience in witness whereof i have hereunto set my hand this first day,Psalms 90:12,"So teach us to number our days, that we may apply our hearts unto wisdom.",0.8525559173169375,TRUE,,0.9
310,-4063143820181445890,"Proclamation 6521—National Sanctity of Human Life Day, 1993",George Bush,1993-01-04,call on all americans to reflect on the sanctity of human life in all its stages and to gather in homes and places of worship to give thanks for the gift of life and to reaffirm our commitment to respect the life and dignity of every human being in witness whereof i have hereunto set,1 Thessalonians 5:18,In every thing give thanks: for this is the will of God in Christ Jesus concerning you.,0.5828847811972949,TRUE,,0.7
311,-4063143820181445890,"Proclamation 6521—National Sanctity of Human Life Day, 1993",George Bush,1993-01-04,call on all americans to reflect on the sanctity of human life in all its stages and to gather in homes and places of worship to give thanks for the gift of life and to reaffirm our commitment to respect the life and dignity of every human being in witness whereof i have hereunto set,Ephesians 1:16,"Cease not to give thanks for you, making mention of you in my prayers;",0.8065586905272147,TRUE,,0.8
313,-4093556718351721359,"Proclamation 3578—Senior Citizens Month, 1964",Lyndon B. Johnson,1964-03-26,which is growing at an accelerating rate as the miracles of modern medicine contribute to increased life expectancy and whereas since not everyone is blessed with the gift of long life those who are so endowed should occupy a place of special honor among us and whereas our country although more blessed with abundance than,Romans 6:23,For the wages of sin is death; but the gift of God is eternal life through Jesus Christ our Lord.,0.7257311917766541,TRUE,,0.8
325,-4201587944866317560,"Proclamation 10620—National Grandparents Day, 2023","Joseph R. Biden, Jr.",2023-09-08,instilled in us and in ways big and small we strive to build a future worthy of their highest hopes on national grandparents day we give thanks to our grandparents for their unconditional love and unmatched inspiration now therefore i joseph r biden jr president of the united states of america by virtue of the,Colossians 1:3,"We give thanks to God and the Father of our Lord Jesus Christ, praying always for you,",0.6818826015736589,TRUE,,0.9
331,-4306230813134829895,"Proclamation 5430—National Sanctity of Human Life Day, 1986",Ronald Reagan,1986-01-15,national sanctity of human life day i call upon the citizens of this blessed land to gather on that day in homes and places of worship to give thanks for the gift of life and to reaffirm our commitment to the dignity of every human being and the sanctity of each human life in witness,Ephesians 1:16,"Cease not to give thanks for you, making mention of you in my prayers;",0.807885971171433,TRUE,,0.9
332,-4324485443857220947,"Proclamation 5551—Thanksgiving Day, 1986",Ronald Reagan,1986-10-13,and our firm reliance upon him from whom all blessings flow both as individuals and as a people we join with the psalmist in song and praise give thanks unto the lord for he is good one of the most inspiring portrayals of american history is that of george washington on his knees in the snow at valley forge that,1 Chronicles 16:34,O give thanks unto the LORD; for he is good; for his mercy endureth for ever.,0.3167222679603855,TRUE,,0.8
334,-4324485443857220947,"Proclamation 5551—Thanksgiving Day, 1986",Ronald Reagan,1986-10-13,and our firm reliance upon him from whom all blessings flow both as individuals and as a people we join with the psalmist in song and praise give thanks unto the lord for he is good one of the most inspiring portrayals of american history is that of george washington on his knees in the,Psalms 105:1,O give thanks unto the LORD; call upon his name: make known his deeds among the people.,0.7460694037905604,TRUE,,0.9
335,-4324485443857220947,"Proclamation 5551—Thanksgiving Day, 1986",Ronald Reagan,1986-10-13,and our firm reliance upon him from whom all blessings flow both as individuals and as a people we join with the psalmist in song and praise give thanks unto the lord for he is good one of the most inspiring portrayals of american history is that of george washington on his knees in the snow at valley forge that,Psalms 106:1,Praise ye the LORD. O give thanks unto the LORD; for he is good: for his mercy endureth for ever.,0.9730770592363484,TRUE,,0.95
336,-4324485443857220947,"Proclamation 5551—Thanksgiving Day, 1986",Ronald Reagan,1986-10-13,and our firm reliance upon him from whom all blessings flow both as individuals and as a people we join with the psalmist in song and praise give thanks unto the lord for he is good one of the most inspiring portrayals of american history is that of george washington on his knees in the snow at valley forge that,Psalms 107:1,"O give thanks unto the LORD, for he is good: for his mercy endureth for ever.",0.3875492515935154,TRUE,,0.9
337,-4324485443857220947,"Proclamation 5551—Thanksgiving Day, 1986",Ronald Reagan,1986-10-13,and our firm reliance upon him from whom all blessings flow both as individuals and as a people we join with the psalmist in song and praise give thanks unto the lord for he is good one of the most inspiring portrayals of american history is that of george washington on his knees in the snow at valley forge that,Psalms 118:1,O give thanks unto the LORD; for he is good: because his mercy endureth for ever.,0.452581445867207,TRUE,,0.95
338,-4324485443857220947,"Proclamation 5551—Thanksgiving Day, 1986",Ronald Reagan,1986-10-13,and our firm reliance upon him from whom all blessings flow both as individuals and as a people we join with the psalmist in song and praise give thanks unto the lord for he is good one of the most inspiring portrayals of american history is that of george washington on his knees in the snow at valley forge that,Psalms 118:29,O give thanks unto the LORD; for he is good: for his mercy endureth for ever.,0.396234156593882,TRUE,,0.95
339,-4324485443857220947,"Proclamation 5551—Thanksgiving Day, 1986",Ronald Reagan,1986-10-13,and our firm reliance upon him from whom all blessings flow both as individuals and as a people we join with the psalmist in song and praise give thanks unto the lord for he is good one of the most inspiring portrayals of american history is that of george washington on his knees in the snow at valley forge that,Psalms 136:1,O give thanks unto the LORD; for he is good: for his mercy endureth for ever.,0.396234156593882,TRUE,,0.9
343,-4324485443857220947,"Proclamation 5551—Thanksgiving Day, 1986",Ronald Reagan,1986-10-13,people of the united states to observe a day of public thanksgiving and prayer so that they might acknowledge with grateful hearts the many signal favors of almighty god especially by affording them an opportunity peaceably to establish a form of government for their safety and happiness washington also reminded us that it is the duty of all nations to acknowledge the providence of almighty god to obey his will to be grateful for his benefits and humbly to implore his protection and favor today let us take heart from the noble example of our first president let us pause from our many activities to give thanks to almighty god for our bountiful harvests and abundant freedoms let us call upon him for continued guidance and assistance in all our endeavors and let us ever,2 Samuel 10:12,"Be of good courage, and let us play the men for our people, and for the cities of our God: and the LORD do that which seemeth him good.",0.7139079664660685,TRUE,,0.8
346,-4324485443857220947,"Proclamation 5551—Thanksgiving Day, 1986",Ronald Reagan,1986-10-13,his protection and favor today let us take heart from the noble example of our first president let us pause from our many activities to give thanks to almighty god for our bountiful harvests and abundant freedoms let us call upon him for continued guidance and assistance in all our endeavors and let us ever,Psalms 136:3,O give thanks to the Lord of lords: for his mercy endureth for ever.,0.8372172540342834,TRUE,,0.9
351,-433402906587476111,"Proclamation 10570—National Day of Prayer, 2023","Joseph R. Biden, Jr.",2023-05-03,but as fellow americans and human beings only when we see ourselves in each other will justice as scripture tells us roll down like waters righteousness become a mighty stream and america fulfill its true promise as a land of liberty and justice for all the congress by public law 100-307 as amended has called,Amos 5:24,"But let judgment run down as waters, and righteousness as a mighty stream.",0.973904849623605,TRUE,,0.95
359,-4556097015066368623,"Proclamation 8385—Prayer for Peace, Memorial Day, 2009",Barack Obama,2009-05-22,who have enjoyed the blessings of peace and liberty remain in their debt as we remember the selfless service of our fallen heroes we pray for god's grace upon them we also pray for all of our military personnel and veterans their families and all those who have lost loved ones in the defense of,John 1:16,"And of his fulness have all we received, and grace for grace.",0.742329646202728,TRUE,,0.8
360,-4589648609771259080,"Proclamation 6409—National Day of Prayer, 1992",George Bush,1992-03-05,trust in the steady unfailing light that is the love of god time and again scripture tells us of the constancy of the almighty indeed his kingdom is an everlasting kingdom wrote the psalmist and his dominion endures throughout all generations our ancestors trusted in the faithfulness of the almighty and they frequently turned to him in humble heartfelt prayer,Daniel 4:3,"How great are his signs! and how mighty are his wonders! his kingdom is an everlasting kingdom, and his dominion is from generation to generation.",0.854271343954298,TRUE,,0.9
363,-4589648609771259080,"Proclamation 6409—National Day of Prayer, 1992",George Bush,1992-03-05,trust in the steady unfailing light that is the love of god time and again scripture tells us of the constancy of the almighty indeed his kingdom is an everlasting kingdom wrote the psalmist and his dominion endures throughout all generations our ancestors trusted in the faithfulness of the almighty and they frequently turned to him in humble heartfelt prayer when they finally reached these,Psalms 145:13,"Thy kingdom is an everlasting kingdom, and thy dominion endureth throughout all generations.",0.9927748759084856,TRUE,,1.0
368,-4589648609771259080,"Proclamation 6409—National Day of Prayer, 1992",George Bush,1992-03-05,word to express it each of us can echo this timeless prayer of solomon the ancient king who prayed for and received the gift of wisdom the lord our god be with us as he was with our fathers may he not leave us or forsake us so that he may incline our hearts to him to walk in all his ways that all the peoples of the earth may,1 Kings 8:57,"The LORD our God be with us, as he was with our fathers: let him not leave us, nor forsake us:",0.9913264078136798,TRUE,,0.95
370,-4589648609771259080,"Proclamation 6409—National Day of Prayer, 1992",George Bush,1992-03-05,word to express it each of us can echo this timeless prayer of solomon the ancient king who prayed for and received the gift of wisdom the lord our god be with us as he was with our fathers may he not leave us or forsake us so that he may incline our hearts to,Deuteronomy 6:4,"Hear, O Israel: The LORD our God is one LORD:",0.1360750248997858,TRUE,,0.9
373,-4589648609771259080,"Proclamation 6409—National Day of Prayer, 1992",George Bush,1992-03-05,wisdom the lord our god be with us as he was with our fathers may he not leave us or forsake us so that he may incline our hearts to him to walk in all his ways that all the peoples of the earth may know that the lord is god there is no other since the approval of the,1 Kings 8:58,"That he may incline our hearts unto him, to walk in all his ways, and to keep his commandments, and his statutes, and his judgments, which he commanded our fathers.",0.993338329947832,TRUE,,0.9
375,-4589648609771259080,"Proclamation 6409—National Day of Prayer, 1992",George Bush,1992-03-05,he not leave us or forsake us so that he may incline our hearts to him to walk in all his ways that all the peoples of the earth may know that the lord is god there is no other since the approval of the joint resolution of the congress on april 17 1952 calling for the designation of a,1 Kings 8:60,"That all the people of the earth may know that the LORD is God, and that there is none else.",0.69481817073965,TRUE,,0.9
378,-4589648609771259080,"Proclamation 6409—National Day of Prayer, 1992",George Bush,1992-03-05,forsake us so that he may incline our hearts to him to walk in all his ways that all the peoples of the earth may know that the lord is god there is no other since the approval of the joint resolution of the congress on april 17 1952 calling for the designation of a specific day to be set,Deuteronomy 4:35,"Unto thee it was shewed, that thou mightest know that the LORD he is God; there is none else beside him.",0.3160939757877534,TRUE,,0.9
388,-4727723014491395040,"Proclamation 9715—National Donate Life Month, 2018",Donald J. Trump (1st Term),2018-03-29,we honor our nation's organ and tissue donors for their decision to give the precious gift of life to someone in need we also give thanks to the many remarkable medical professionals scientists and researchers who have dedicated themselves to improving the health of others my administration supports efforts to,Colossians 1:3,"We give thanks to God and the Father of our Lord Jesus Christ, praying always for you,",0.4261307176864243,TRUE,,0.8
389,-4745516307474973199,"Proclamation 8343—National Day of Renewal and Reconciliation, 2009",Barack Obama,2009-01-20,placed upon my shoulders renewed by the courage and decency of the american people and fortified by my faith in an awesome god we are in the midst of a season of trial our nation is being tested and our people know great uncertainty yet the story of america is one of renewal in the,Psalms 74:12,"For God is my King of old, working salvation in the midst of the earth.",0.6824448435137749,TRUE,,0.9
410,-5086108282803825927,"Proclamation 5399—National Family Week, 1985",Ronald Reagan,1985-10-28,leaders in industry and all americans to observe this week with appropriate ceremonies and activities as we celebrate this thanksgiving week i also invite all americans to give thanks for the many blessings that they have derived from their family relationships and to reflect upon the importance of maintaining strong families in witness whereof i,1 Thessalonians 5:18,In every thing give thanks: for this is the will of God in Christ Jesus concerning you.,0.3968009916143826,TRUE,,0.8
414,-5133541381695664526,"Proclamation 6088—Martin Luther King, Jr., Federal Holiday, 1990",George Bush,1990-01-09,equal that they are endowed by their creator with certain unalienable rights that among these are life liberty and the pursuit of happiness knowing that a house divided against itself cannot stand dr king devoted his life to striving for racial unity and equality in the united states he believed our nation had strayed from,Mark 3:24-25,"And if a kingdom be divided against itself, that kingdom cannot stand. And if a house be divided against itself, that house cannot stand.",0.9594646527413992,TRUE,,0.9
417,-5133541381695664526,"Proclamation 6088—Martin Luther King, Jr., Federal Holiday, 1990",George Bush,1990-01-09,king told us that he had a dream we see now that it was not just a dream but a vision recalling the proverb that states where there is no vision the people perish dr king shared with us his hope and foresight he had seen the promised land and he inspired each of us to view it with him,Proverbs 29:18,"Where there is no vision, the people perish: but he that keepeth the law, happy is he.",0.8550073602604243,TRUE,,0.9
420,-5204439089767596862,Proclamation 9004—50th Anniversary of the March on Washington for Jobs and Freedom,Barack Obama,2013-08-23,our streets or in our hearts-and let us pledge that in the words of dr king we will not be satisfied until justice rolls down like waters and righteousness like a mighty stream now therefore i barack obama president of the united states of america by virtue of the authority vested in me by the constitution and the laws of,Amos 5:24,"But let judgment run down as waters, and righteousness as a mighty stream.",0.1718315423971517,TRUE,,0.9
430,-5446835673013366013,"Proclamation 2842—Prayer for Peace, Memorial Day, 1949",Harry S Truman,1949-05-26,directly or indirectly have been bereft by war's terrible toll may appeal to almighty god for help in turning the steps of the world to the paths of permanent peace these paths are long and tortuous and thus far mankind has not had the wisdom to find the way to an enduring peace we are,Proverbs 8:20,"I lead in the way of righteousness, in the midst of the paths of judgment:",0.501158247643258,TRUE,,0.8
434,-5468532205553573288,"Proclamation 10760—National Emergency Medical Services Week, 2024","Joseph R. Biden, Jr.",2024-05-17,lost their lives in the line of duty in witness whereof i have hereunto set my hand this seventeenth day of may in the year of our lord two thousand,Acts 15:26,Men that have hazarded their lives for the name of our Lord Jesus Christ.,0.1666236641239508,TRUE,,0.8
442,-5587068036249056947,Proclamation 2297—General Pulaski Memorial Day,Franklin D. Roosevelt,1938-08-31,freedom who though born beyond the seas flocked to the standard of washington and contributed substantially to the triumph of the american cause each according to his abilities and whereas we are proud to number general casimir pulaski a valiant son of poland in the ranks of those whose deeds,Romans 2:6,Who will render to every man according to his deeds:,0.1650779753465748,TRUE,,0.8
448,-5625089195048884229,"Proclamation 2909—Thanksgiving Day, 1950",Harry S Truman,1950-10-19,thanksgiving and i call upon every citizen to offer thanks to god for his gracious guidance and help again i ask all my countrymen to appeal to the most high that the god of our fathers who has blessed this land beyond all others will in his infinite mercy grant to all nations that peace,Psalms 50:14,Offer unto God thanksgiving; and pay thy vows unto the most High:,0.8316921601546103,TRUE,,0.9
454,-5708981602430211953,"Proclamation 8555—Labor Day, 2010",Barack Obama,2010-09-03,toward recovery american workers have always been ready to roll up their sleeves clock in and earn an honest living that steady determination is why i have confidence in the american economy and confidence that we can overcome the challenges we face there is no greater example of our country's resolve and resilience than that,2 Corinthians 7:16,I rejoice therefore that I have confidence in you in all things.,0.2500668401496341,TRUE,,0.8
458,-5773521334871548547,"Proclamation 4999—National Family Week, 1982",Ronald Reagan,1982-11-12,our citizens to observe this week with appropriate ceremonies and activities during a week in which we will also observe thanksgiving day i especially invite all americans to give thanks for the family relationships with which we have been blessed in witness whereof i have hereunto set my hand this 12th day of nov in,Ephesians 1:16,"Cease not to give thanks for you, making mention of you in my prayers;",0.7830586069347053,TRUE,,0.8
459,-5773521334871548547,"Proclamation 4999—National Family Week, 1982",Ronald Reagan,1982-11-12,week with appropriate ceremonies and activities during a week in which we will also observe thanksgiving day i especially invite all americans to give thanks for the family relationships with which we have been blessed in witness whereof i have hereunto set my hand this 12th day of nov in,1 Thessalonians 5:18,In every thing give thanks: for this is the will of God in Christ Jesus concerning you.,0.8909495692653387,TRUE,,0.9
466,-5882847625703890867,"Proclamation 10380—National Mental Health Awareness Month, 2022","Joseph R. Biden, Jr.",2022-04-29,awareness about the importance of mental health and its impact on the well-being of all americans including children adults families and communities across our nation we also give thanks to the dedicated mental health providers whose service and support improve the lives of so many americans we stand in solidarity with those who are experiencing,Colossians 1:3,"We give thanks to God and the Father of our Lord Jesus Christ, praying always for you,",0.7722081715213077,TRUE,,0.8
476,-5970810576217208140,"Proclamation 9827—Thanksgiving Day, 2018",Donald J. Trump (1st Term),2018-11-20,22 2018 as a national day of thanksgiving i encourage all americans to gather in homes and places of worship to offer a prayer of thanks to god for our many blessings in witness whereof i have hereunto set my hand this twentieth day of november in the year of our lord two thousand eighteen,1 Thessalonians 1:2,"We give thanks to God always for you all, making mention of you in our prayers;",0.6382852754851611,TRUE,,0.9
481,-6006362299579712618,Proclamation 9997—National Day of Prayer for All Americans Affected by the Coronavirus Pandemic and for Our National Response Efforts,Donald J. Trump (1st Term),2020-03-14,no problem is too big for god to handle we should all take to heart the holy words found in 1 peter 5:7 casting all your care upon him for he careth for you let us pray that all those affected by the virus will feel the presence of our lord's protection and love during this time with god's help,1 Peter 5:7,Casting all your care upon him; for he careth for you.,0.2031672423874486,TRUE,,1.0
482,-6006362299579712618,Proclamation 9997—National Day of Prayer for All Americans Affected by the Coronavirus Pandemic and for Our National Response Efforts,Donald J. Trump (1st Term),2020-03-14,actions to protect americans all across the country as we come to our father in prayer we remember the words found in psalm 91 he is my refuge and my fortress my god in him will i trust as we unite in prayer we are reminded that there is no burden too heavy for god to lift or for this country to bear with his,Psalms 91:2,"I will say of the LORD, He is my refuge and my fortress: my God; in him will I trust.",0.9401000102591872,TRUE,,1.0
483,-6006362299579712618,Proclamation 9997—National Day of Prayer for All Americans Affected by the Coronavirus Pandemic and for Our National Response Efforts,Donald J. Trump (1st Term),2020-03-14,across the country as we come to our father in prayer we remember the words found in psalm 91 he is my refuge and my fortress my god in him will i trust as we unite in prayer we are reminded that there is no burden too heavy for god,2 Samuel 22:2,"And he said, The LORD is my rock, and my fortress, and my deliverer;",0.5101651262436786,TRUE,,0.9
484,-6006362299579712618,Proclamation 9997—National Day of Prayer for All Americans Affected by the Coronavirus Pandemic and for Our National Response Efforts,Donald J. Trump (1st Term),2020-03-14,reminded that there is no burden too heavy for god to lift or for this country to bear with his help luke 1:37 promises that for with god nothing shall be impossible and those words are just as true today as they have ever been as one nation under god we are greater than the,Luke 1:37,For with God nothing shall be impossible.,0.966474447300667,TRUE,,1.0
488,-6062556138401070675,"Proclamation 6262—Education Day, U.S.A., 1991",George Bush,1991-03-20,light of moral instruction and the strong staff of traditional family values we help to guarantee them safe passage on their life's journey as scripture says train up a child in the way he should go and when he is old he will not depart from it moral education is vital not only to the personal well-being of our children but also to the preservation of civil order and justice,Proverbs 22:6,"Train up a child in the way he should go: and when he is old, he will not depart from it.",0.9838945010747256,TRUE,,1.0
491,-6167727137156729480,"Proclamation 8928—National Day of Hope and Resolve, 2013",Barack Obama,2013-01-21,children have made service their mission reaffirming that america's greatest strength lies not in might or wealth but in the bonds we share with one another today i have sworn an oath to preserve the fundamental freedoms and protections that are the lasting birthright of all who call this land home i stand humbled by,Psalms 119:106,"I have sworn, and I will perform it, that I will keep thy righteous judgments.",0.6902747132743603,TRUE,,0.8
496,-6218453083723964155,"Proclamation 6877—National Day of Prayer, 1996",William J. Clinton,1996-04-02,survival of freedom and sustaining faith in an often hostile world-and we continue to pray as they did for the blessings of a just and benevolent god to guide our nation's course this occasion calls us to affirm our country's spiritual roots and to humbly express our gratitude to the source of our abundant good fortune as we seek to renew the values that have long strengthened america's families and communities let us reach out to god and to one another for wisdom and courage we should celebrate this day in the tradition of our founders who believed that god governs in the affairs of men and women and who based their greatest hopes dreams and aspirations on the surety of divine protection the congress by public law 100-307 has called on our citizens to reaffirm annually our dependence on almighty god by recognizing a national day of prayer now therefore i william j clinton president of the united states of america do hereby proclaim may 2 1996 as a national day of prayer i encourage every citizen of this great nation to pray each in his or her own manner seeking strength from god to face the challenges of today requesting guidance for the uncertainties of tomorrow and giving thanks for the rich blessings that our nation has enjoyed,2 Samuel 10:12,"Be of good courage, and let us play the men for our people, and for the cities of our God: and the LORD do that which seemeth him good.",0.9616201920502818,TRUE,,0.9
501,-6235937641664163799,"Proclamation 3096—Prayer for Peace, Memorial Day, 1955",Dwight D. Eisenhower,1955-05-24,throughout the land having sacrificed their lives that war might end and whereas in tribute to these silent dead it is fitting that we lift up our voices together in supplication to almighty god for wisdom in our search for an enduring peace and whereas the congress in a joint,Lamentations 3:41,Let us lift up our heart with our hands unto God in the heavens.,0.3638287965734992,TRUE,,0.9
502,-6249110025386173464,"Proclamation 10803—National Days of Prayer and Remembrance, 2024","Joseph R. Biden, Jr.",2024-09-05,visits bells candlelight vigils and other activities i invite people around the world to join i call on the citizens of our nation to give thanks for our many freedoms and blessings and i invite all people of faith to join me in asking for god's continued guidance mercy and,Ephesians 1:16,"Cease not to give thanks for you, making mention of you in my prayers;",0.8455333951944618,TRUE,,0.8
505,-6309248643773707414,"Proclamation 6090—National Sanctity of Human Life Day, 1990",George Bush,1990-01-19,upon all americans to reflect on the sanctity of human life in all its stages and to gather in homes and places of worship to give thanks for the gift of life and reaffirm our commitment to respect for life and the dignity of every human being in witness whereof i have hereunto set my,Ephesians 1:16,"Cease not to give thanks for you, making mention of you in my prayers;",0.7411276187900557,TRUE,,0.9
513,-636615643145936703,"Proclamation 6104—National Day of Prayer, 1990",George Bush,1990-03-06,for daily prayer at the federal convention in 1787 it is as if they were profoundly aware of the gentle admonition found in the 127th psalm except the lord build the house they labor in vain that build it except the lord keep the city the watchman waketh but in vain today we do well to place in god's hands our hopes and concerns for our families and our communities just as our nation's founders,Psalms 127:1,"Except the LORD build the house, they labour in vain that build it: except the LORD keep the city, the watchman waketh but in vain.",0.8891934857615406,TRUE,,0.95
514,-636615643145936703,"Proclamation 6104—National Day of Prayer, 1990",George Bush,1990-03-06,arms of god finally let us dedicate this nation once more to the protection of divine providence remembering the words of the psalmist how excellent is thy loving kindness o god therefore the children of men put their trust under the shadow of thy wings since the approval of the joint resolution of the congress on april 17 1952 calling for the designation of a specific day to be set,Psalms 36:7,"How excellent is thy lovingkindness, O God! therefore the children of men put their trust under the shadow of thy wings.",0.980638945822202,TRUE,,0.98
532,-662354789050398407,Proclamation 2107—Thanksgiving Day,Franklin D. Roosevelt,1934-11-15,reality more greatly have we turned our hearts and minds to things spiritual we can truly say what profiteth it a nation if it gain the whole world and lose its own soul with gratitude in our hearts for what has already been achieved may we with the help of god dedicate ourselves anew to,Mark 8:36,"For what shall it profit a man, if he shall gain the whole world, and lose his own soul?",0.8299329105265462,TRUE,,0.9
533,-662354789050398407,Proclamation 2107—Thanksgiving Day,Franklin D. Roosevelt,1934-11-15,reality more greatly have we turned our hearts and minds to things spiritual we can truly say what profiteth it a nation if it gain the whole world and lose its own soul with gratitude in our hearts for what has already been achieved may we with the help of god dedicate ourselves anew to,Matthew 16:26,"For what is a man profited, if he shall gain the whole world, and lose his own soul? or what shall a man give in exchange for his soul?",0.8979644284089002,TRUE,,0.95
536,-6657310612112473738,"Proclamation 8864—National Employer Support of the Guard and Reserve Week, 2012",Barack Obama,2012-09-14,greatest generations as essential components of our military the national guard and reserve have helped carry that legacy forward this week we honor their service and sacrifice give thanks to their employers and reaffirm our commitment to giving our troops our military families and our veterans the opportunities and support they have earned of the,Colossians 1:3,"We give thanks to God and the Father of our Lord Jesus Christ, praying always for you,",0.7824859556765225,TRUE,,0.8
545,-67426435740241723,"Proclamation 8173—National Days of Prayer and Remembrance, 2007",George W. Bush,2007-09-04,to freedom and opportunity during these days of prayer and remembrance we reflect on all we have lost and take comfort in each other and in the grace and mercy of our creator may god guide us give us strength and wisdom and may he continue to bless our great country now therefore i george,John 1:16,"And of his fulness have all we received, and grace for grace.",0.6690083639403789,TRUE,,0.9
547,-6748098247505016608,"Proclamation 10697—Religious Freedom Day, 2024","Joseph R. Biden, Jr.",2024-01-12,to be a citadel of liberty and a beacon of freedom on religious freedom day we renew our pledge to protect that right by ensuring each person of any faith or belief can live out the deepest convictions of their conscience with dignity and respect like so many americans faith has sustained me throughout my life-serving as a reminder of both our collective purpose and our responsibilities to one another but for far too many people today practicing their faith means facing fear and intimidation in recent years hate has been given too much oxygen this year in the wake of hamas brutal terrorist assault,1 Timothy 3:9,Holding the mystery of the faith in a pure conscience.,0.7598308358196987,TRUE,,0.8
556,-6813746673262592197,"Proclamation 10618—National Days of Prayer and Remembrance, 2023","Joseph R. Biden, Jr.",2023-09-07,services and visits bells candlelight vigils and other activities i invite people around the world to join i call on the citizens of our nation to give thanks for our many freedoms and blessings and i invite all people of faith to join me in asking for god's continued guidance mercy and protection in witness,Ephesians 1:16,"Cease not to give thanks for you, making mention of you in my prayers;",0.9141114662162624,TRUE,,0.9
559,-6884153204165273603,"Proclamation 6668—National Day of Prayer, 1994",William J. Clinton,1994-04-12,beliefs while respecting the convictions of others we can strengthen our people and rebuild our nation as micah reminds us we must strive to do justly and to love mercy and to walk humbly before god the congress by joint resolution approved april 17 1952 having recognized the role of faith and prayer in the lives of the american people,Micah 6:8,"He hath shewed thee, O man, what is good; and what doth the LORD require of thee, but to do justly, and to love mercy, and to walk humbly with thy God?",0.692246174551806,TRUE,,0.95
561,-6897936039930823285,"Proclamation 6397—National Sanctity of Human Life Day, 1992",George Bush,1991-12-20,fundamental moral vision of the united states a vision that affirms the inestimable dignity and worth of every human being each of whom is made in the image of god they were not words uttered lightly signers of the declaration pledged to uphold them with their lives their fortunes and their sacred honor on this,Colossians 1:15,"Who is the image of the invisible God, the firstborn of every creature:",0.2460164027681819,TRUE,,0.9
562,-6897936039930823285,"Proclamation 6397—National Sanctity of Human Life Day, 1992",George Bush,1991-12-20,sanctity of human life day let us renew our determination to ensure that all born and unborn receive the protection and care they deserve together let us choose life so that america might always be known as a good and giving nation a nation where the stranger is welcomed and the needy are served with,Job 34:4,Let us choose to us judgment: let us know among ourselves what is good.,0.641586524691498,TRUE,,0.8
563,-6897936039930823285,"Proclamation 6397—National Sanctity of Human Life Day, 1992",George Bush,1991-12-20,all americans to reflect on the sanctity of human life in all its stages and to gather in homes and places of worship to give thanks for the gift of life and to reaffirm our commitment to respect the life and dignity of every human being in witness whereof i,1 Thessalonians 5:18,In every thing give thanks: for this is the will of God in Christ Jesus concerning you.,0.4004040399005634,TRUE,,0.7
571,-6930161299389370769,Proclamation 6661—National Day of Reconciliation,William J. Clinton,1994-04-03,our children hunger for lives with order and meaning they are easy prey to anger and narrow-mindedness to violence and to impulses that debase their own lives and others too many in their own struggle to survive cannot imagine a world that is safe secure and full of hope we,Proverbs 1:18,And they lay wait for their own blood; they lurk privily for their own lives.,0.2035770798705357,TRUE,,0.8
589,-7195269361823688041,"Proclamation 3194—National Day of Prayer, 1957",Dwight D. Eisenhower,1957-08-08,the faith in which our fathers found their strength and for the hope which has guided our nation from the earliest days and whereas it is a good thing for a people unitedly to remember their heritage of spirit and to refresh themselves daily in the divine truth which is their most precious inheritance and,Psalms 92:1,"IT IS A GOOD THING TO GIVE THANKS UNTO THE LORD, AND TO SING PRAISES UNTO THY NAME, O MOST HIGH:",0.207557103163187,TRUE,,0.9
598,-7222849739286156844,"Proclamation 5138—National Day of Prayer, 1984",Ronald Reagan,1983-12-14,the civil war or other moments of trial over the years we have turned to god for his help as we are told in ii chronicles 7:14 if my people who are called by my name will humble themselves and pray and seek my face and turn from their wicked ways then i will hear from heaven and will forgive their sin and will heal their land by joint resolution of the congress approved april 17 1952 the recognition of a particular day set aside each year as a national,2 Chronicles 7:14,"If my people, which are called by my name, shall humble themselves, and pray, and seek my face, and turn from their wicked ways; then will I hear from heaven, and will forgive their sin, and will heal their land.",0.3180532801801402,TRUE,,1.0
601,-7283563448335704442,"Proclamation 7547—National Day of Prayer, 2002",George W. Bush,2002-04-26,since our nation's founding americans have turned to prayer for inspiration strength and guidance in times of trial we ask god for wisdom courage direction and comfort we offer thanks for the countless blessings god has provided and we thank god for sanctifying every human life by creating each of us in his image as we observe this national day of prayer we call upon the almighty to continue to,Job 33:4,"The spirit of God hath made me, and the breath of the Almighty hath given me life.",0.2163356754393728,TRUE,,0.8
602,-7283563448335704442,"Proclamation 7547—National Day of Prayer, 2002",George W. Bush,2002-04-26,choose have brought forth wisdom courage and generosity in the face of terrorist attacks prayer provided americans with hope and strength for the journey ahead god has blessed our nation beyond measure we give thanks for our families and loved ones for the abundance of our land and the fruits of labor for our inalienable,2 Samuel 10:12,"Be of good courage, and let us play the men for our people, and for the cities of our God: and the LORD do that which seemeth him good.",0.2293049984880049,TRUE,,0.7
603,-7283563448335704442,"Proclamation 7547—National Day of Prayer, 2002",George W. Bush,2002-04-26,courage and generosity in the face of terrorist attacks prayer provided americans with hope and strength for the journey ahead god has blessed our nation beyond measure we give thanks for our families and loved ones for the abundance of our land and the fruits of labor for our inalienable rights and liberties and for a great nation that leads the world in efforts to preserve those rights and liberties we give thanks for all those across the world who have joined with america in the fight against terrorism we give thanks for the men and women of our military who are fighting to defend our nation and the future of civilization we continue to,1 Thessalonians 1:2,"We give thanks to God always for you all, making mention of you in our prayers;",0.876646449636268,TRUE,,0.9
606,-7283563448335704442,"Proclamation 7547—National Day of Prayer, 2002",George W. Bush,2002-04-26,on this national day of prayer i encourage americans to remember the words of st paul do not be anxious about anything but in everything by prayer and petition with thanksgiving present your requests to god the congress by public law 100-307 as amended has called on our citizens to reaffirm the role of prayer,Philippians 4:6,Be careful for nothing; but in every thing by prayer and supplication with thanksgiving let your requests be made known unto God.,0.9879273051944468,TRUE,,0.95
607,-7292469780450486649,Proclamation 10792—Establishment of the Springfield 1908 Race Riot National Monument,"Joseph R. Biden, Jr.",2024-08-16,letter in february 1909 taking stock of the nation's progress on the centennial of lincoln's birth invoking lincoln's words from 1858 that a house divided against itself cannot stand the group call[ed upon all the believers in democracy to join in a national conference for the discussion of present evils,Mark 3:25,"And if a house be divided against itself, that house cannot stand.",0.5980618603456794,TRUE,,0.8
613,-7347358432023185250,"Proclamation 2996—Thanksgiving Day, 1952",Harry S Truman,1952-11-08,for the basic freedoms which our citizens can enjoy without fear this year it is especially fitting that we offer a prayer of gratitude for the spirit of unity which binds together all parts of our country and makes us one nation indivisible now therefore i harry s truman president of the united states of,Ephesians 4:3,Endeavouring to keep the unity of the Spirit in the bond of peace.,0.619364408244913,TRUE,,0.8
614,-7347358432023185250,"Proclamation 2996—Thanksgiving Day, 1952",Harry S Truman,1952-11-08,which they entail each in his own way but together as a whole people give due expression to our thanks and let us humbly endeavor to follow the paths of righteousness in obedience to the will of almighty god in witness whereof i have hereunto set my hand and caused the seal of the united,Proverbs 2:8,"He keepeth the paths of judgment, and preserveth the way of his saints.",0.5607619009864416,TRUE,,0.7
615,-7347358432023185250,"Proclamation 2996—Thanksgiving Day, 1952",Harry S Truman,1952-11-08,which they entail each in his own way but together as a whole people give due expression to our thanks and let us humbly endeavor to follow the paths of righteousness in obedience to the will of almighty god in witness whereof i have hereunto set my hand and caused the seal of the united,Proverbs 8:20,"I lead in the way of righteousness, in the midst of the paths of judgment:",0.7192363564277324,TRUE,,0.9
616,-7347358432023185250,"Proclamation 2996—Thanksgiving Day, 1952",Harry S Truman,1952-11-08,as a whole people give due expression to our thanks and let us humbly endeavor to follow the paths of righteousness in obedience to the will of almighty god in witness whereof i have hereunto set my hand and caused the seal of the united states of america to be,1 Thessalonians 5:18,In every thing give thanks: for this is the will of God in Christ Jesus concerning you.,0.4561089000417442,TRUE,,0.8
620,-7444377226492702543,"Proclamation 10500—Thanksgiving Day, 2022","Joseph R. Biden, Jr.",2022-11-23,united states of america a proclamation this thanksgiving as homes across america fill with laughter favorite family foods and the joy of friends and relatives reuniting we give thanks for everything that is good in our lives and reflect on the many blessings of our nation this american spirit of gratitude dates back to our,Colossians 1:3,"We give thanks to God and the Father of our Lord Jesus Christ, praying always for you,",0.4769188834026799,TRUE,,0.8
625,-7455019773177212777,"Proclamation 6207—Veterans Day, 1990",George Bush,1990-10-17,the bible tells us that no greater love has a man than this to lay down his life for a friend our nation's military veterans are brave and selfless individuals who when duty called were willing to put themselves in harm's way to defend the,John 15:13,"Greater love hath no man than this, that a man lay down his life for his friends.",0.986870126568798,TRUE,,1.0
630,-7471965399622094352,"Proclamation 6861—Martin Luther King, Jr., Federal Holiday, 1996",William J. Clinton,1996-01-12,segregated buses and trains traveled our neighborhoods and that african americans were often prevented from registering to vote echoing abraham lincoln's warning that a house divided against itself cannot stand dr king urged we must learn to live together as brothers or we will perish as fools martin luther king jr.'s call for american society,Mark 3:24-25,"And if a kingdom be divided against itself, that kingdom cannot stand. And if a house be divided against itself, that house cannot stand.",0.597786425534947,TRUE,,0.9
635,-7529064734528748760,"Proclamation 4240—United Nations Day, 1973",Richard Nixon,1973-09-04,determination to promote economic and social progress and a greater measure of justice and freedom for all this year the anniversary occurs at a time of dramatic change in world affairs we sense the promise of a more peaceful world and the opportunity for new strides in international cooperation as,Ecclesiastes 3:8,"A time to love, and a time to hate; a time of war, and a time of peace.",0.6571073999467391,TRUE,,0.8
640,-7551095658390775798,"Proclamation 5296—National Day of Prayer, 1985",Ronald Reagan,1985-01-29,his will to peace on earth today our nation is at peace and is enjoying prosperity but our need for prayer is even greater we can give thanks to god for the ever-increasing abundance he has bestowed on us and we can remember all those in our society who are in need of help whether,1 Thessalonians 1:2,"We give thanks to God always for you all, making mention of you in our prayers;",0.7339109741418554,TRUE,,0.9
645,-7610661284612819005,"Proclamation 5413—National Day of Fasting To Raise Funds To Combat Hunger, 1985",Ronald Reagan,1985-11-23,are especially mindful of those in distress and we thank god for inviting us to respond with open hearts to the cry of the afflicted and the needy for in being generous to others we become more like him who has been so generous to us most recently we heard,Psalms 82:3,Defend the poor and fatherless: do justice to the afflicted and needy.,0.5551926108412641,TRUE,,0.9
647,-7624508031498964704,"Proclamation 6229—Thanksgiving Day, 1990",George Bush,1990-11-14,the heavens they could have little solace or content what could now sustain them but the spirit of god and his grace they cried to the lord and he heard their voice and looked on their adversity let them therefore praise the lord because he is good and his mercies endure for ever the historic,Psalms 120:1,"In my distress I cried unto the LORD, and he heard me.",0.6730242709882917,TRUE,,0.9
649,-7624508031498964704,"Proclamation 6229—Thanksgiving Day, 1990",George Bush,1990-11-14,the spirit of god and his grace they cried to the lord and he heard their voice and looked on their adversity let them therefore praise the lord because he is good and his mercies endure for ever the historic observance of a day of thanksgiving at plymouth in 1621 was one of many occasions,Psalms 28:6,"Blessed be the LORD, because he hath heard the voice of my supplications.",0.8393817706511039,TRUE,,0.9
650,-7624508031498964704,"Proclamation 6229—Thanksgiving Day, 1990",George Bush,1990-11-14,their voice and looked on their adversity let them therefore praise the lord because he is good and his mercies endure for ever the historic observance of a day of thanksgiving at plymouth in 1621 was one of many occasions on which our ancestors paused to acknowledge their dependence on the mercy and favor of divine providence today on this thanksgiving day likewise observed during a season of celebration and harvest we have added cause for rejoicing the seeds of,1 Chronicles 16:34,O give thanks unto the LORD; for he is good; for his mercy endureth for ever.,0.7076934244916886,TRUE,,0.8
652,-7624508031498964704,"Proclamation 6229—Thanksgiving Day, 1990",George Bush,1990-11-14,share fully in this nation's bounty is the most heartfelt and meaningful answer we can give to the timeless appeal of the psalmist o give thanks to the lord for he is good for his steadfast love endures forever finally on this thanksgiving day let us also remember all those americans abroad who labor to advance the ideals for which,Psalms 106:1,Praise ye the LORD. O give thanks unto the LORD; for he is good: for his mercy endureth for ever.,0.8080129234729849,TRUE,,0.9
653,-7624508031498964704,"Proclamation 6229—Thanksgiving Day, 1990",George Bush,1990-11-14,share fully in this nation's bounty is the most heartfelt and meaningful answer we can give to the timeless appeal of the psalmist o give thanks to the lord for he is good for his steadfast love endures forever finally on this thanksgiving day let us also remember all those americans abroad who labor to advance the ideals for which,Psalms 107:1,"O give thanks unto the LORD, for he is good: for his mercy endureth for ever.",0.9620101146221472,TRUE,,0.95
654,-7624508031498964704,"Proclamation 6229—Thanksgiving Day, 1990",George Bush,1990-11-14,share fully in this nation's bounty is the most heartfelt and meaningful answer we can give to the timeless appeal of the psalmist o give thanks to the lord for he is good for his steadfast love endures forever finally on this thanksgiving day let us also remember all those americans abroad who labor to advance the ideals for which,Psalms 118:1,O give thanks unto the LORD; for he is good: because his mercy endureth for ever.,0.9573708891835132,TRUE,,0.95
655,-7624508031498964704,"Proclamation 6229—Thanksgiving Day, 1990",George Bush,1990-11-14,share fully in this nation's bounty is the most heartfelt and meaningful answer we can give to the timeless appeal of the psalmist o give thanks to the lord for he is good for his steadfast love endures forever finally on this thanksgiving day let us also remember all those americans abroad who labor to advance the ideals for which,Psalms 118:29,O give thanks unto the LORD; for he is good: for his mercy endureth for ever.,0.9624304987793042,TRUE,,0.95
656,-7624508031498964704,"Proclamation 6229—Thanksgiving Day, 1990",George Bush,1990-11-14,share fully in this nation's bounty is the most heartfelt and meaningful answer we can give to the timeless appeal of the psalmist o give thanks to the lord for he is good for his steadfast love endures forever finally on this thanksgiving day let us also remember all those americans abroad who labor to advance the ideals for which,Psalms 136:1,O give thanks unto the LORD; for he is good: for his mercy endureth for ever.,0.9624304987793042,TRUE,,0.95
657,-7624508031498964704,"Proclamation 6229—Thanksgiving Day, 1990",George Bush,1990-11-14,share fully in this nation's bounty is the most heartfelt and meaningful answer we can give to the timeless appeal of the psalmist o give thanks to the lord for he is good for his steadfast love endures forever finally on this thanksgiving day let us also remember all those americans abroad who labor to,Psalms 136:3,O give thanks to the Lord of lords: for his mercy endureth for ever.,0.7935661343178525,TRUE,,0.9
661,-7703865350616507665,"Proclamation 4979—Thanksgiving Day, 1982",Ronald Reagan,1982-09-27,bounty and heritage now therefore i ronald reagan president of the united states of america do hereby proclaim thursday november 25 1982 as a national day of thanksgiving and i call upon all of our citizens to set aside that day for appropriate expressions of thanksgiving in witness whereof i have hereunto set my hand,Psalms 116:17,"I will offer to thee the sacrifice of thanksgiving, and will call upon the name of the LORD.",0.6345135929024285,TRUE,,0.8
665,-7728325065377444198,"Proclamation 7630—National Family Week, 2002",George W. Bush,2002-11-22,a family in america to recognize the important role every other family member plays in making their lives whole and more complete and as we give thanks for the love commitment and encouragement our families provide we must recommit ourselves to strengthen our nation by strengthening our families in ways that government never can now,1 Thessalonians 5:18,In every thing give thanks: for this is the will of God in Christ Jesus concerning you.,0.6139508197504961,TRUE,,0.8
670,-7758709886305151546,"Proclamation 10441—National Days of Prayer and Remembrance, 2022","Joseph R. Biden, Jr.",2022-09-08,and visits bells candlelight vigils and other activities i invite people around the world to join i call on the citizens of our nation to give thanks for our many freedoms and blessings and i invite all people of faith to join me in asking for god's continued guidance mercy and protection in witness whereof,Ephesians 1:16,"Cease not to give thanks for you, making mention of you in my prayers;",0.9196869670314336,TRUE,,0.9
673,-7773111938560705200,"Proclamation 5844—Thanksgiving Day, 1988",Ronald Reagan,1988-08-04,a century ago president grover cleveland called for prayers and song of praise that would render to god the appreciation of the american people for his mercy and for the abundant harvests and rich rewards he had bestowed upon our nation through the labor of its farmers shopkeepers and tradesmen,Psalms 136:2,O give thanks unto the God of gods: for his mercy endureth for ever.,0.283720091329271,TRUE,,0.8
674,-7773111938560705200,"Proclamation 5844—Thanksgiving Day, 1988",Ronald Reagan,1988-08-04,a century ago president grover cleveland called for prayers and song of praise that would render to god the appreciation of the american people for his mercy and for the abundant harvests and rich rewards he had bestowed upon our nation through the labor of its farmers shopkeepers and tradesmen,Psalms 136:7,To him that made great lights: for his mercy endureth for ever:,0.1630303358812895,TRUE,,0.7
678,-7773111938560705200,"Proclamation 5844—Thanksgiving Day, 1988",Ronald Reagan,1988-08-04,must be understood as the gift of a loving god whose greatest gift is healing let us join then with the psalmist of old o give thanks to the lord call on his name make known his deeds among the peoples sing to him sing praises to him tell of all his wonderful works glory in his holy name let the hearts of those who,Psalms 105:1,O give thanks unto the LORD; call upon his name: make known his deeds among the people.,0.9970179499326696,TRUE,,0.95
680,-7773111938560705200,"Proclamation 5844—Thanksgiving Day, 1988",Ronald Reagan,1988-08-04,gift of a loving god whose greatest gift is healing let us join then with the psalmist of old o give thanks to the lord call on his name make known his deeds among the peoples sing to him sing praises to him tell of all his wonderful works glory in his holy name let the hearts of those who,1 Chronicles 16:8,"Give thanks unto the LORD, call upon his name, make known his deeds among the people.",0.9991423327262344,TRUE,,0.98
681,-7773111938560705200,"Proclamation 5844—Thanksgiving Day, 1988",Ronald Reagan,1988-08-04,gift of a loving god whose greatest gift is healing let us join then with the psalmist of old o give thanks to the lord call on his name make known his deeds among the peoples sing to him sing praises to him tell of all his wonderful works glory in his holy name let,Psalms 66:2,Sing forth the honour of his name: make his praise glorious.,0.4721194652897718,TRUE,,0.9
682,-7773111938560705200,"Proclamation 5844—Thanksgiving Day, 1988",Ronald Reagan,1988-08-04,the psalmist of old o give thanks to the lord call on his name make known his deeds among the peoples sing to him sing praises to him tell of all his wonderful works glory in his holy name let the hearts of those who seek the lord rejoice now,Psalms 9:11,"Sing praises to the LORD, which dwelleth in Zion: declare among the people his doings.",0.8228099123319965,TRUE,,0.95
683,-7773111938560705200,"Proclamation 5844—Thanksgiving Day, 1988",Ronald Reagan,1988-08-04,give thanks to the lord call on his name make known his deeds among the peoples sing to him sing praises to him tell of all his wonderful works glory in his holy name let the hearts of those who seek the lord rejoice now therefore i ronald reagan president,1 Chronicles 16:9,"Sing unto him, sing psalms unto him, talk ye of all his wondrous works.",0.8273216468885974,TRUE,,0.95
684,-7773111938560705200,"Proclamation 5844—Thanksgiving Day, 1988",Ronald Reagan,1988-08-04,give thanks to the lord call on his name make known his deeds among the peoples sing to him sing praises to him tell of all his wonderful works glory in his holy name let the hearts of those who seek the lord rejoice now therefore i ronald reagan president,Psalms 105:2,"Sing unto him, sing psalms unto him: talk ye of all his wondrous works.",0.8056975558474707,TRUE,,0.9
685,-7773111938560705200,"Proclamation 5844—Thanksgiving Day, 1988",Ronald Reagan,1988-08-04,give thanks to the lord call on his name make known his deeds among the peoples sing to him sing praises to him tell of all his wonderful works glory in his holy name let the hearts of those who seek the lord rejoice now therefore i ronald reagan president of the united states of,Psalms 107:15,"Oh that men would praise the LORD for his goodness, and for his wonderful works to the children of men!",0.7515945054991604,TRUE,,0.8
686,-7773111938560705200,"Proclamation 5844—Thanksgiving Day, 1988",Ronald Reagan,1988-08-04,give thanks to the lord call on his name make known his deeds among the peoples sing to him sing praises to him tell of all his wonderful works glory in his holy name let the hearts of those who seek the lord rejoice now therefore i ronald reagan president of the united states of,Psalms 107:21,"Oh that men would praise the LORD for his goodness, and for his wonderful works to the children of men!",0.7515945054991604,TRUE,,0.8
688,-7773111938560705200,"Proclamation 5844—Thanksgiving Day, 1988",Ronald Reagan,1988-08-04,give thanks to the lord call on his name make known his deeds among the peoples sing to him sing praises to him tell of all his wonderful works glory in his holy name let the hearts of those who seek the lord rejoice now therefore i ronald reagan president of the united states of,Psalms 107:8,"Oh that men would praise the LORD for his goodness, and for his wonderful works to the children of men!",0.7515945054991604,TRUE,,0.9
689,-7773111938560705200,"Proclamation 5844—Thanksgiving Day, 1988",Ronald Reagan,1988-08-04,call on his name make known his deeds among the peoples sing to him sing praises to him tell of all his wonderful works glory in his holy name let the hearts of those who seek the lord rejoice now therefore i ronald reagan president of the united states of america do hereby proclaim thursday november 24 1988 as a national day of thanksgiving and,1 Chronicles 16:10,Glory ye in his holy name: let the heart of them rejoice that seek the LORD.,0.9707462317944456,TRUE,,0.95
690,-7773111938560705200,"Proclamation 5844—Thanksgiving Day, 1988",Ronald Reagan,1988-08-04,call on his name make known his deeds among the peoples sing to him sing praises to him tell of all his wonderful works glory in his holy name let the hearts of those who seek the lord rejoice now therefore i ronald reagan president of the united states of america do hereby proclaim thursday november 24 1988 as a national day of thanksgiving and,Psalms 105:3,Glory ye in his holy name: let the heart of them rejoice that seek the LORD.,0.9707462317944456,TRUE,,0.9
694,-7829734133533794633,"Proclamation 5989—Father's Day, 1989",George Bush,1989-06-09,throughout the year to express respect and gratitude for our dads father's day enables us to recognize them in a special way on this day let us give thanks for and to our nation's fathers they have surely earned a place of honor in our hearts and prayers now therefore i george bush president of,Ephesians 1:16,"Cease not to give thanks for you, making mention of you in my prayers;",0.1261168050664662,TRUE,,0.8
695,-7829734133533794633,"Proclamation 5989—Father's Day, 1989",George Bush,1989-06-09,special way on this day let us give thanks for and to our nation's fathers they have surely earned a place of honor in our hearts and prayers now therefore i george bush president of the united states of america in accordance with a joint resolution of the congress approved,2 Corinthians 3:2,"Ye are our epistle written in our hearts, known and read of all men:",0.1292868253880481,TRUE,,0.7
698,-7913635186284649724,"Proclamation 7938—National Domestic Violence Awareness Month, 2005",George W. Bush,2005-09-30,to support the creation of 15 family justice centers across the country and several of these centers have already opened their doors and are making a difference in victims'lives faith-based and community organizations are also making vital contributions in the effort to combat domestic violence these organizations are fostering an,Jude 1:22,"And of some have compassion, making a difference:",0.1059811731964986,TRUE,,0.8
701,-7971296151998828471,"Proclamation 10121—Thanksgiving Day, 2020",Donald J. Trump (1st Term),2020-11-25,26 2020 as a national day of thanksgiving i encourage all americans to gather in homes and places of worship to offer a prayer of thanks to god for our many blessings in witness whereof i have hereunto set my hand this twenty-fifth day of november in the year of our lord two thousand twenty,1 Thessalonians 1:2,"We give thanks to God always for you all, making mention of you in our prayers;",0.8099871469521255,TRUE,,0.9
705,-7995116812082000929,Proclamation 10129—850th Anniversary of the Martyrdom of Saint Thomas Becket,Donald J. Trump (1st Term),2020-12-28,contempt of royal authority and questioned why this poor and humble priest would dare defy him archbishop becket responded god is the supreme ruler above kings and we ought to obey god rather than men because thomas would not assent to rendering the church subservient to the state he was forced to forfeit all his property and flee his own,Acts 5:29,"Then Peter and the other apostles answered and said, We ought to obey God rather than men.",0.6244161713729122,TRUE,,0.9
718,-8136352305476461400,"Proclamation 9162—National Days of Prayer and Remembrance, 2014",Barack Obama,2014-09-04,us give thanks for all the men and women in uniform who defend these values from new threats and let us remember those who laid down their lives for our country may our faith reveal that even the darkest night gives way to a brighter dawn now therefore i barack obama president of the united,Acts 15:26,Men that have hazarded their lives for the name of our Lord Jesus Christ.,0.7521756396929955,TRUE,,0.8
720,-8189171783853695893,"Proclamation 5927—Martin Luther King, Jr., Day, 1989",Ronald Reagan,1988-12-23,to articulate the longings and aspirations of the people more than the preacher somehow the preacher must be an amos and say let justice roll down like waters and righteousness like a mighty stream martin luther king jr did exactly that he gave eloquent voice and powerful leadership to the long-cherished hopes of millions as he headed a crusade to,Amos 5:24,"But let judgment run down as waters, and righteousness as a mighty stream.",0.9151851737069958,TRUE,,0.95
727,-8260739977086899887,"Proclamation 10368—Education and Sharing Day, U.S.A., 2022","Joseph R. Biden, Jr.",2022-04-11,and service communities worldwide the rebbe's work reminds us in the words of the prophet amos to hate evil love good and establish justice in the gate we each share a responsibility to live up to those words-in and out of the classroom-and to plant the seeds of love kindness,Amos 5:15,"Hate the evil, and love the good, and establish judgment in the gate: it may be that the LORD God of hosts will be gracious unto the remnant of Joseph.",0.6941307450543008,TRUE,,0.8
742,-8459734023443041818,"Proclamation 8204—Thanksgiving Day, 2007",George W. Bush,2007-11-15,to gather together in their homes and places of worship with family friends and loved ones to reinforce the ties that bind us and give thanks for the freedoms and many blessings we enjoy in witness whereof i have hereunto set my hand this fifteenth day of november in the,1 Thessalonians 5:18,In every thing give thanks: for this is the will of God in Christ Jesus concerning you.,0.3519269411966083,TRUE,,0.8
743,-8459734023443041818,"Proclamation 8204—Thanksgiving Day, 2007",George W. Bush,2007-11-15,to gather together in their homes and places of worship with family friends and loved ones to reinforce the ties that bind us and give thanks for the freedoms and many blessings we enjoy in witness whereof i have hereunto set my hand this fifteenth day of november in the,Ephesians 1:16,"Cease not to give thanks for you, making mention of you in my prayers;",0.5345870218658896,TRUE,,0.9
746,-8494164263466104757,"Proclamation 5098—Thanksgiving Day, 1983",Ronald Reagan,1983-09-15,spirit of the pilgrims president lincoln and all succeeding presidents do hereby proclaim thursday november 24 1983 as a national day of thanksgiving and i call upon americans to affirm this day of thanks by their prayers and their gratitude for the many blessings upon this land and its people,Psalms 116:17,"I will offer to thee the sacrifice of thanksgiving, and will call upon the name of the LORD.",0.7894357455861412,TRUE,,0.9
752,-8582865174030866370,"Proclamation 6241—National Sanctity of Human Life Day, 1991",George Bush,1991-01-11,every man is somebody dr king said because he is a child of god it is this conviction the recognition that all people are made in the image of their creator which guides our observance of national sanctity of human life day and our efforts to reaffirm in our nation the sanctity of human life,Colossians 1:15,"Who is the image of the invisible God, the firstborn of every creature:",0.5235523022125692,TRUE,,0.9
754,-8582865174030866370,"Proclamation 6241—National Sanctity of Human Life Day, 1991",George Bush,1991-01-11,americans to reflect on the sanctity of human life in all its stages and to gather in homes and places of worship to give thanks for the gift of life and to reaffirm our commitment to respect the life and the dignity of every human being in witness whereof i,1 Thessalonians 5:18,In every thing give thanks: for this is the will of God in Christ Jesus concerning you.,0.4590666026595115,TRUE,,0.8
764,-8628871670100905980,"Proclamation 7087—Jewish Heritage Week, 1998",William J. Clinton,1998-04-24,of the holocaust seeking a new life of freedom and opportunity for themselves and their children while many came here in poverty they brought with them the riches of their ancient jewish heritage faith in god a strong commitment to family and community a tradition of service to others and a deep love of learning,2 Corinthians 8:2,How that in a great trial of affliction the abundance of their joy and their deep poverty abounded unto the riches of their liberality.,0.5143645131327738,TRUE,,0.8
766,-8648067441140448483,Proclamation 2571—Thanksgiving Day,Franklin D. Roosevelt,1942-11-26,it is a good thing to give thanks unto the lord across the uncertain ways of space and time our hearts echo those words for the days are with us again when at the gathering,Psalms 136:2,O give thanks unto the God of gods: for his mercy endureth for ever.,0.4883951123523333,TRUE,,0.9
767,-8648067441140448483,Proclamation 2571—Thanksgiving Day,Franklin D. Roosevelt,1942-11-26,it is a good thing to give thanks unto the lord across the uncertain ways of space and time our hearts echo those words for the days are with us again when at the gathering,Psalms 136:26,O give thanks unto the God of heaven: for his mercy endureth for ever.,0.3820527813352085,TRUE,,0.9
768,-8648067441140448483,Proclamation 2571—Thanksgiving Day,Franklin D. Roosevelt,1942-11-26,it is a good thing to give thanks unto the lord across the uncertain ways of space and time our hearts echo those words for the days are with us again when at the gathering,Psalms 92:1,"IT IS A GOOD THING TO GIVE THANKS UNTO THE LORD, AND TO SING PRAISES UNTO THY NAME, O MOST HIGH:",0.946913903581383,TRUE,,0.95
769,-8648067441140448483,Proclamation 2571—Thanksgiving Day,Franklin D. Roosevelt,1942-11-26,"holy protection and that every american in his own way lift his voice to heaven i recommend that all of us bear in mind this great psalm:""the lord is my shepherd i shall not want he maketh me to lie down in green pastures he leadeth me beside the still waters he restoreth my soul he leadeth me in the",Psalms 23:1,The LORD is my shepherd; I shall not want.,0.9209835853086982,TRUE,,0.95
770,-8648067441140448483,Proclamation 2571—Thanksgiving Day,Franklin D. Roosevelt,1942-11-26,"lift his voice to heaven i recommend that all of us bear in mind this great psalm:""the lord is my shepherd i shall not want he maketh me to lie down in green pastures he leadeth me beside the still waters he restoreth my soul he leadeth me in the paths of righteousness for his name's sake yea though i walk through the valley of",Psalms 23:2,He maketh me to lie down in green pastures: he leadeth me beside the still waters.,0.7373093067758808,TRUE,,0.9
772,-8648067441140448483,Proclamation 2571—Thanksgiving Day,Franklin D. Roosevelt,1942-11-26,"us bear in mind this great psalm:""the lord is my shepherd i shall not want he maketh me to lie down in green pastures he leadeth me beside the still waters he restoreth my soul he leadeth me in the paths of righteousness for his name's sake yea though i walk through the valley of the shadow of death i will fear no evil for thou art with me thy",Psalms 23:3,He restoreth my soul: he leadeth me in the paths of righteousness for his name's sake.,0.8894989500736472,TRUE,,1.0
776,-8648067441140448483,Proclamation 2571—Thanksgiving Day,Franklin D. Roosevelt,1942-11-26,down in green pastures he leadeth me beside the still waters he restoreth my soul he leadeth me in the paths of righteousness for his name's sake yea though i walk through the valley of the shadow of death i will fear no evil for thou art with me thy rod and thy staff they comfort me thou preparest a table before me in the presence of mine enemies thou anointest my head with oil my cup runneth over surely,Psalms 23:4,"Yea, though I walk through the valley of the shadow of death, I will fear no evil: for thou art with me; thy rod and thy staff they comfort me.",0.9732314626399852,TRUE,,1.0
778,-8648067441140448483,Proclamation 2571—Thanksgiving Day,Franklin D. Roosevelt,1942-11-26,the shadow of death i will fear no evil for thou art with me thy rod and thy staff they comfort me thou preparest a table before me in the presence of mine enemies thou anointest my head with oil my cup runneth over surely goodness and mercy shall follow me all the days of my life and i will dwell in the house of,Psalms 23:5,Thou preparest a table before me in the presence of mine enemies: thou anointest my head with oil; my cup runneth over.,0.9025468655985356,TRUE,,0.95
780,-8648067441140448483,Proclamation 2571—Thanksgiving Day,Franklin D. Roosevelt,1942-11-26,comfort me thou preparest a table before me in the presence of mine enemies thou anointest my head with oil my cup runneth over surely goodness and mercy shall follow me all the days of my life and i will dwell in the house of the lord for ever inspired with faith and courage by these words let us turn again to the work that confronts us in this time of national emergency in the,Psalms 23:6,Surely goodness and mercy shall follow me all the days of my life: and I will dwell in the house of the LORD for ever.,0.9463705738471566,TRUE,,0.95
785,-8648067441140448483,Proclamation 2571—Thanksgiving Day,Franklin D. Roosevelt,1942-11-26,the lord for ever inspired with faith and courage by these words let us turn again to the work that confronts us in this time of national emergency in the armed services and the merchant marine in factories and offices on farms and in the,Lamentations 3:40,"Let us search and try our ways, and turn again to the LORD.",0.8833623461451781,TRUE,,0.9
788,-8707403502629718042,"Proclamation 10290—National Character Counts Week, 2021","Joseph R. Biden, Jr.",2021-10-15,leave for our children our character is defined and revealed by the choices we make over a lifetime and in the case of our nation from generation to generation as we celebrate national character counts week i encourage all americans to examine and embody the highest ideals that define our nation and that have helped,Lamentations 5:19,"Thou, O LORD, remainest for ever; thy throne from generation to generation.",0.5177097116648512,TRUE,,0.9
799,-8802161891500921543,"Proclamation 7518—Martin Luther King, Jr., Federal Holiday, 2002",George W. Bush,2002-01-17,and women will know and children will be taught that we have a finer land a better people a more noble civilization because these humble children of god were willing to suffer for righteousness sake we are so thankful for those humble children of god and we are thankful for the life and times of dr martin luther king jr his abiding faith in america has helped us become a,Galatians 3:26,For ye are all the children of God by faith in Christ Jesus.,0.9024898013912614,TRUE,,0.9
800,-8822278732430252711,"Proclamation 10136—National Sanctity of Human Life Day, 2021",Donald J. Trump (1st Term),2021-01-17,proclamation every human life is a gift to the world whether born or unborn young or old healthy or sick every person is made in the holy image of god the almighty creator gives unique talents beautiful dreams and a great purpose to every person on national sanctity of human life day we celebrate the,Job 33:4,"The spirit of God hath made me, and the breath of the Almighty hath given me life.",0.6490347674485255,TRUE,,0.8
804,-8854657925706832235,Proclamation 4344—International Clergy Week in the United States,Gerald R. Ford,1975-01-30,in a world plagued by violence and suffering clergymen of all denominations help lead the human family to the peace of god which passeth all understanding in a time of difficult choices and moral questioning they point the way to the higher values of conduct as god's ministers on earth,Philippians 4:7,"And the peace of God, which passeth all understanding, shall keep your hearts and minds through Christ Jesus.",0.8532401337343382,TRUE,,0.9
811,-889543246116991864,Proclamation 2062—Thanksgiving Day—1933,Franklin D. Roosevelt,1933-11-21,bring lasting happiness or good to the individual or to his neighbors may we be grateful for the passing of dark days for the new spirit of dependence one on another for the closer unity of all parts of our wide land for the greater friendship between employers and those who toil for a clearer,Ephesians 4:3,Endeavouring to keep the unity of the Spirit in the bond of peace.,0.8605556654122911,TRUE,,0.9
820,-9045202883640940405,"Proclamation 8755—Thanksgiving Day, 2011",Barack Obama,2011-11-16,all facets of american life as we come together with friends family and neighbors to celebrate let us set aside our daily concerns and give thanks for the providence bestowed upon us though our traditions have evolved the spirit of grace and humility at the heart of thanksgiving has persisted,Psalms 97:12,"Rejoice in the LORD, ye righteous; and give thanks at the remembrance of his holiness.",0.4507615098891213,TRUE,,0.8
827,-9056372970221950418,"Proclamation 6159—Rose Fitzgerald Kennedy Family Appreciation Day, 1990",George Bush,1990-07-18,the strength and well-being of our entire nation throughout her adult life rose fitzgerald kennedy has worked to advance the idea that strong and loving families built on the rock of religious faith are the foundation of a strong and caring society by example in word and deed she has encouraged her children---and indeed all,Job 39:28,"She dwelleth and abideth on the rock, upon the crag of the rock, and the strong place.",0.586943153657302,TRUE,,0.8
828,-9080626274068399228,"Proclamation 3887—Enlarging the Arches National Monument, Utah",Lyndon B. Johnson,1969-01-20,and se a se a secs 21 22 23 and 24 secs 25 26 27 and 28-those portions lying north of the right bank of the colorado river sec 29 ne a ne a sec 31 s1/2 sec 32 that portion of the s1/2 lying west and north of the right bank of the colorado river sec 33 that portion lying west and north of the right bank of the colorado river t 25 s r 22 e sec 5 that portion lying west of the right bank of the colorado river secs 6 and 7 secs 8 9 10 15 16 and 17-those portions adjoining the right bank of the colorado river sec 18 secs 19 and 20-those portions lying north of the right bank of the colorado river t 24 s r 23 e sec 18 sw a sec 19 w 1/2 sec 30 lots 3 to 7 inclusive and lots 11 and,Daniel 12:5,"Then I Daniel looked, and, behold, there stood other two, the one on this side of the bank of the river, and the other on that side of the bank of the river.",0.8329193855816971,TRUE,,0.9
838,-9198062969441665290,"Proclamation 8831—Prayer for Peace, Memorial Day, 2012",Barack Obama,2012-05-25,of the venerable warriors we have lost and may he watch over the men and women who serve us now today tomorrow and in perpetuity let us give thanks to them by remaining true to the values and virtues for which they fight in honor of all of our fallen service members the congress by,1 Thessalonians 1:2,"We give thanks to God always for you all, making mention of you in our prayers;",0.6942089299831526,TRUE,,0.8
841,-9215163291372909833,"Proclamation 5463—Education Day, U.S.A., 1986",Ronald Reagan,1986-04-19,can lead to that blend of compassion humility and understanding that is summed up in one word wisdom happy the man scripture tells us who finds wisdom her ways are ways of pleasantness and all her paths are peace she is a tree of life to those who come to possess her the congress has sought to call attention to these durable values by adopting,Proverbs 3:17,"Her ways are ways of pleasantness, and all her paths are peace.",0.9757818670925246,TRUE,,1.0
843,-9215163291372909833,"Proclamation 5463—Education Day, U.S.A., 1986",Ronald Reagan,1986-04-19,one word wisdom happy the man scripture tells us who finds wisdom her ways are ways of pleasantness and all her paths are peace she is a tree of life to those who come to possess her the congress has sought to call attention to these durable values by adopting resolutions that pay tribute to,Proverbs 3:18,She is a tree of life to them that lay hold upon her: and happy is every one that retaineth her.,0.5747140971707558,TRUE,,0.9
847,-958593921495011445,"Proclamation 10427—National Korean War Veterans Armistice Day, 2022","Joseph R. Biden, Jr.",2022-07-26,upon them the high honor they deserve i call upon all americans to observe this day with appropriate ceremonies and activities that honor and give thanks to our distinguished korean war veterans in witness whereof i have hereunto set my hand this twenty-sixth day of july in the year of our lord two thousand twenty-two,Colossians 1:3,"We give thanks to God and the Father of our Lord Jesus Christ, praying always for you,",0.3050232582137588,TRUE,,0.8
848,-959574917202530312,"Proclamation 8667—National Day of Prayer, 2011",Barack Obama,2011-04-29,dictates of their conscience and let us be thankful for the many other freedoms and blessings that we often take for granted let us pray for the men and women of our armed forces and the many selfless sacrifices they and their families make on behalf of our nation let us pray for the police officers firefighters and other first responders who put themselves in harm's way every day to protect their fellow citizens and let us ask god for,Ezra 6:10,"That they may offer sacrifices of sweet savours unto the God of heaven, and pray for the life of the king, and of his sons.",0.817967770632243,TRUE,,0.9
863,1126662032173358046,"Proclamation 3985—Prayer for Peace, Memorial Day, 1970",Richard Nixon,1970-05-20,as a day of prayer for permanent peace and i designate the hour beginning in each locality at 11 o'clock in the morning of that day as a time to unite in such prayer i urge the press radio television and all other information media to cooperate in this observance as a special mark of,Ecclesiastes 3:8,"A time to love, and a time to hate; a time of war, and a time of peace.",0.4102766355065113,TRUE,,0.8
869,124627864267229476,"Proclamation 9781—National Days of Prayer and Remembrance, 2018",Donald J. Trump (1st Term),2018-09-07,always understand this defining moment in our nation's history during these annual days of prayer and remembrance we pray that all find peace in the love of god courage to face the future and comfort in the knowledge that those who were lost will never be forgotten we pray for guidance wisdom and protection for,Jude 1:2,"Mercy unto you, and peace, and love, be multiplied.",0.6768794541069637,TRUE,,0.8
880,1388172254115300510,"Proclamation 8046—National Days of Prayer and Remembrance, 2006",George W. Bush,2006-09-05,price while wearing our nation's uniform on these days of prayer and remembrance we mourn with those who still mourn and find comfort through faith we give thanks to the almighty for our liberty and we pray for his blessing on all those who were lost and for strength in the work ahead may god,1 Thessalonians 1:2,"We give thanks to God always for you all, making mention of you in our prayers;",0.6938219262129155,TRUE,,0.9
886,1470999644279243398,"Proclamation 8085—Thanksgiving Day, 2006",George W. Bush,2006-11-16,and we pay tribute to them and to their families for their service sacrifice and strength we also honor the families of the fallen and lift them up in our prayers our citizens are privileged to live in the world's freest country where the hope of the american dream is within the reach of every,Psalms 28:9,"Save thy people, and bless thine inheritance: feed them also, and lift them up for ever.",0.2931344462307205,TRUE,,0.8
889,1470999644279243398,"Proclamation 8085—Thanksgiving Day, 2006",George W. Bush,2006-11-16,to gather together in their homes and places of worship with family friends and loved ones to reinforce the ties that bind us and give thanks for the freedoms and many blessings we enjoy in witness whereof i have hereunto set my hand this sixteenth day of november in the,Ephesians 1:16,"Cease not to give thanks for you, making mention of you in my prayers;",0.6246728793347149,TRUE,,0.8
893,1497788560702636501,"Proclamation 2709—Thanksgiving Day, 1946",Harry S Truman,1946-10-28,proclaim thursday november 28 1946 as a day of national thanksgiving and i call upon the people of this nation to observe that day by offering thanks to god for the bounties vouchsafed us and by rededicating ourselves to the preservation of the blessings of liberty envisaged by our forefathers in the preamble to the,Colossians 1:3,"We give thanks to God and the Father of our Lord Jesus Christ, praying always for you,",0.8426992757651551,TRUE,,0.8
894,1501058782322531348,"Proclamation 5412—Thanksgiving Day, 1985",Ronald Reagan,1985-11-15,of the first american thanksgiving observance may be uncertain there is no question but that this treasured custom derives from our judeo-christian heritage unto thee o god do we give thanks the psalmist sang praising god not only for the wondrous works of his creation but for loving guidance and deliverance from dangers a band,Psalms 75:1,"Unto thee, O God, do we give thanks, unto thee do we give thanks: for that thy name is near thy wondrous works declare.",0.940275081909716,TRUE,,0.95
896,1501058782322531348,"Proclamation 5412—Thanksgiving Day, 1985",Ronald Reagan,1985-11-15,render thanksgiving to the almighty god for all his blessings the spaniards in california and the dutch in new amsterdam also held services to give public thanks to god in 1777 during our war of independence the continental congress set aside a day for thanksgiving and praise for our victory at the battle of saratoga,Colossians 1:3,"We give thanks to God and the Father of our Lord Jesus Christ, praying always for you,",0.7009835420961947,TRUE,,0.8
899,1519580240749088580,"Proclamation 6968—National Day of Hope and Renewal, 1997",William J. Clinton,1997-01-20,make tomorrow brighter than today hope that we can fulfill our nation's enduring promise of freedom and opportunity and we have always known that by the grace of god and our mutual labor we can make our hopes reality today we live in an age of possibility-a moment of rich opportunity that brings with it,1 Corinthians 16:23,The grace of our Lord Jesus Christ be with you.,0.1707300034886239,TRUE,,0.7
901,1519580240749088580,"Proclamation 6968—National Day of Hope and Renewal, 1997",William J. Clinton,1997-01-20,shared values of family and faith work and opportunity and let us resolve to work together one nation under god to build a bridge of hope and renewal to a new american century now therefore i william j clinton president of the united states of america by the authority vested in me by the constitution and laws of the united states do hereby proclaim january 20 1997 a national day of hope and renewal and i call upon the citizens of this great nation to observe this day by reflecting on their obligations to one another and to our beloved country and by facing the future with a spirit of hope and renewal in witness whereof i have hereunto set my hand this twentieth day of january in the year of our lord nineteen hundred and ninety-seven and of the,Romans 15:13,"Now the God of hope fill you with all joy and peace in believing, that ye may abound in hope, through the power of the Holy Ghost.",0.824301714294896,TRUE,,0.9
904,1543468698745625239,Proclamation 3589—Commemoration of the Beginnings of the Office of the Presidency of the United States,Lyndon B. Johnson,1964-04-30,appropriate organizations societies publications and through our public discussions to fostering a new understanding of the first office of the american government and to strengthening the service of that office in meeting our continuing challenges in witness whereof i have hereunto set my hand and caused the seal of the united states of america to,2 Chronicles 35:2,"And he set the priests in their charges, and encouraged them to the service of the house of the LORD,",0.1569242276190524,TRUE,,0.8
905,1555539239176960083,Proclamation 4729—William O. Douglas Arctic Wildlife Range,Jimmy Carter,1980-02-29,the one beyond the call is that of a wilderness known only to a few this last american wilderness must remain sacrosanct these are the words of the late justice william o douglas describing the brooks range in alaska where the arctic national wildlife range is located they were written in 1960 the year the,Acts 15:15,"And to this agree the words of the prophets; as it is written,",0.1227957679371699,TRUE,,0.9
911,160055078655699955,Proclamation 9476—Establishment of the Katahdin Woods and Waters National Monument,Barack Obama,2016-08-24,on to mount katahdin from that time until the end of the 19th century the favored entryway to the katahdin region started on the east side of mount katahdin with a visit to hunt or dacey farm then crossed the east branch and ascended the valley of the wassataquoik stream,1 Chronicles 4:39,"And they went to the entrance of Gedor, even unto the east side of the valley, to seek pasture for their flocks.",0.4237450772589139,TRUE,,0.8
923,1738957481593814342,"Proclamation 10229—Juneteenth Day of Observance, 2021","Joseph R. Biden, Jr.",2021-06-18,disproportionate burden of loss-while also carrying us through disproportionately as essential workers and health care providers on the front lines of the crisis psalm 30 proclaims that weeping may endure for a night but joy cometh in the morning juneteenth marks both the long hard night of slavery and discrimination and the promise of a brighter morning to come my administration is committed to building,Psalms 30:5,"For his anger endureth but a moment; in his favour is life: weeping may endure for a night, but joy cometh in the morning.",0.9695991892061472,TRUE,,0.95
924,1752793567833957900,"Proclamation 6100—International Year of Bible Reading, 1990",George Bush,1990-02-22,direction to those who seek truth and righteousness in recognizing its enduring value we recall the words of the prophet isaiah who declared the grass withereth the flower fadeth but the word of our god shall stand forever containing revelations of god's intervention in human history the bible offers moving testimony to his love for,Isaiah 40:7,"The grass withereth, the flower fadeth: because the spirit of the LORD bloweth upon it: surely the people is grass.",0.967184882943982,TRUE,,0.95
925,1752793567833957900,"Proclamation 6100—International Year of Bible Reading, 1990",George Bush,1990-02-22,direction to those who seek truth and righteousness in recognizing its enduring value we recall the words of the prophet isaiah who declared the grass withereth the flower fadeth but the word of our god shall stand forever containing revelations of god's intervention in human history the bible offers moving testimony to his love for mankind treasuring the bible as,Isaiah 40:8,"The grass withereth, the flower fadeth: but the word of our God shall stand for ever.",0.9767827064515644,TRUE,,0.98
932,1779909536496827031,"Proclamation 5828—National NHS-NeighborWorks Week, 1988",Ronald Reagan,1988-05-25,residents we all love and cherish this blessed land of liberty therefore let us join together as partners and neighbors to enrich it each other and every one of our neighborhoods with all of the strengths our many heritages provide us that is something for us to reflect upon and observance of national nhs-neighborworks week,Romans 15:2,Let every one of us please his neighbour for his good to edification.,0.8744268676927776,TRUE,,0.9
935,181899811561057391,"Proclamation 7315—Prayer for Peace, Memorial Day, 2000",William J. Clinton,2000-05-26,day in acknowledging the service of america's fallen heroes let us reflect on the profound debt we owe to those brave men and women who gave their lives for our nation and let us teach current and future generations that our freedom peace and prosperity were achieved only through the sacrifice of those who came,Acts 15:26,Men that have hazarded their lives for the name of our Lord Jesus Christ.,0.6890338540758068,TRUE,,0.8
937,1868441229522639680,"Proclamation 5147—National Sanctity of Human Life Day, 1984",Ronald Reagan,1984-01-13,life day i call upon the citizens of this blessed land to gather on that day in homes and places of worship to give thanks for the gift of life and to reaffirm our commitment to the dignity of every human being and the sanctity of each human life in,1 Thessalonians 5:18,In every thing give thanks: for this is the will of God in Christ Jesus concerning you.,0.1337164940248411,TRUE,,0.9
944,1964632894573768552,Proclamation 3879—Recognizing the Significant Part Which Harry S. Truman Played in the Creation of the United Nations,Lyndon B. Johnson,1968-10-11,the creation of the united nations and to recall those qualities of character responsibility and leadership which caused him to support the united nations in its efforts to keep the peace and to promote the rule of law and the prevalence of social justice among all men in witness whereof i have hereunto set my,Ephesians 4:3,Endeavouring to keep the unity of the Spirit in the bond of peace.,0.2840667069760195,TRUE,,0.8
946,1983299601672436701,"Proclamation 6507—National Adoption Week, 1992",George Bush,1992-11-10,during this week that includes our traditional observance of thanksgiving americans will pause in prayer to thank almighty god for their many blessings in particular for the gifts of life home and family at a time when many of us enjoy being reunited with relatives and friends it is fitting that we also remember the,Romans 11:29,For the gifts and calling of God are without repentance.,0.1060074698943099,TRUE,,0.8
956,2080119131377453077,"Proclamation 5357—Captive Nations Week, 1985",Ronald Reagan,1985-07-19,we have offered to the world a vision of liberty it is a vision that has motivated all our national endeavors and serves us yet as an anchor of conscience the humanity and justice of our collective political life and the freedom and limitless opportunity in our personal lives are an inspiration for the peoples,Hebrews 6:19,"Which hope we have as an anchor of the soul, both sure and stedfast, and which entereth into that within the veil;",0.1078746114221239,TRUE,,0.8
958,2085781800930257804,"Proclamation 8422—Gold Star Mother's and Families' Day, 2009",Barack Obama,2009-09-25,the sacrifices of our military servicemembers are etched in the walls of our monuments and felt at empty dinner tables across america to those who have given their lives for our country we honor them as guardians of our liberty and pay tribute to their valiant service as our nation remembers our fallen men and,Acts 15:26,Men that have hazarded their lives for the name of our Lord Jesus Christ.,0.9749144637562804,TRUE,,0.9
963,2201613393006634210,"Proclamation 6625—Thanksgiving Day, 1993",William J. Clinton,1993-11-17,others wherever need occurred in the colorful days and weeks when the autumn of the year brings ripe and fruitful harvest across our land americans give thanks for many blessings it is a time of bounty and generosity a time to come together in peace this is the true spirit of thanksgiving acknowledging god's graciousness,1 Thessalonians 5:18,In every thing give thanks: for this is the will of God in Christ Jesus concerning you.,0.2742098888143935,TRUE,,0.9
967,220591055567360155,"Proclamation 8812—National Day of Prayer, 2012",Barack Obama,2012-05-01,own faith directs them to join me in giving thanks for the many blessings we enjoy and i call upon individuals of all faiths to pray for guidance grace and protection for our great nation as we address the challenges of our time in witness whereof i have hereunto set my hand this first day of may in the year of our lord two thousand twelve and of the independence of the united states of america the two hundred and thirty-sixth barack obama note this proclamation was published in the,Philemon 1:25,The grace of our Lord Jesus Christ be with your spirit. Amen.,0.920592962411078,TRUE,,0.9
977,2420013728900408786,"Proclamation 9568—Martin Luther King, Jr., Federal Holiday, 2017",Barack Obama,2017-01-13,transformed our country and we remember that our freedom is inextricably bound to the freedom of others given the causes he championed-from civil rights and international peace to job creation and economic justice-it is right that today we honor his work by serving others now more than ever we must heed his teachings by embracing,Job 36:24,"Remember that thou magnify his work, which men behold.",0.1325258483853032,TRUE,,0.8
979,2486963454698321505,"Proclamation 9839—Martin Luther King, Jr., Federal Holiday, 2019",Donald J. Trump (1st Term),2019-01-18,strides as a nation but we acknowledge that more work must be done for in the words of dr king justice to roll down like waters and righteousness like a mighty stream united as one american family we will not rest-and we will never be satisfied-until the promise of this great nation is accessible to,Amos 5:24,"But let judgment run down as waters, and righteousness as a mighty stream.",0.9600047939036148,TRUE,,0.9
988,259539643821001435,"Proclamation 4060—World Law Day, 1971",Richard Nixon,1971-06-17,from the time more than 25 centuries ago when a hebrew prophet wrote the lord is our judge our lawgiver our king he will save us western civilization's sense of salvation has been intimately related to its vision of the universal rule of law in the affairs of men we,Isaiah 33:22,"For the LORD is our judge, the LORD is our lawgiver, the LORD is our king; he will save us.",0.8421488857129018,TRUE,,1.0
1001,2716947270801774796,"Proclamation 8080—Veterans Day, 2006",George W. Bush,2006-10-31,soldiers sailors airmen marines and coast guardsmen we are reminded that the defense of freedom comes with great loss and sacrifice this veterans day we give thanks to those who have served freedom's cause we salute the members of our armed forces who are confronting our adversaries abroad and we honor the men and women,Colossians 1:3,"We give thanks to God and the Father of our Lord Jesus Christ, praying always for you,",0.2287213823599817,TRUE,,0.8
1027,3106713919557867215,"Proclamation 3185—Prayer for Peace, Memorial Day, 1957",Dwight D. Eisenhower,1957-05-21,the hour beginning in each locality at eleven o'clock in the morning as a period in which all of us wherever we may be may lift up our voices in thanksgiving for the courage of our fallen in supplication for god's aid in averting war and in dedication to unceasing work for the attainment of,Lamentations 3:41,Let us lift up our heart with our hands unto God in the heavens.,0.1753565854709655,TRUE,,0.8
1036,3382136115621295365,"Proclamation 9874—National Day of Prayer, 2019",Donald J. Trump (1st Term),2019-04-30,a proclamation designating the first thursday in may as a national day of prayer today on this national day of prayer we once again come together to give thanks to almighty god for the bountiful blessings he has bestowed on our great nation and to ask for his unfailing counsel we also acknowledge our dependence,1 Thessalonians 1:2,"We give thanks to God always for you all, making mention of you in our prayers;",0.4994081041614041,TRUE,,0.8
1037,3382136115621295365,"Proclamation 9874—National Day of Prayer, 2019",Donald J. Trump (1st Term),2019-04-30,a proclamation designating the first thursday in may as a national day of prayer today on this national day of prayer we once again come together to give thanks to almighty god for the bountiful blessings he has bestowed on our great nation and to ask for his unfailing counsel we also acknowledge our dependence,Colossians 1:3,"We give thanks to God and the Father of our Lord Jesus Christ, praying always for you,",0.3364437105025473,TRUE,,0.7
1046,3406640845268232822,"Proclamation 8322—Thanksgiving Day, 2008",George W. Bush,2008-11-21,to gather together in their homes and places of worship with family friends and loved ones to strengthen the ties that bind us and give thanks for the freedoms and many blessings we enjoy in witness whereof i have hereunto set my hand this twenty-first day of november in the,Ephesians 1:16,"Cease not to give thanks for you, making mention of you in my prayers;",0.6162225405524316,TRUE,,0.8
1048,3407426883517937291,"Proclamation 3501—National Day of Prayer, 1962",John F. Kennedy,1962-10-11,we especially ask god's blessing upon our homes that this integral unit of society may nurture our youth and give to them the needed faith in god in our nation and in their future our citizens that they may increase in the desire to promote mercy and justice peace and,Mark 11:22,"And Jesus answering saith unto them, Have faith in God.",0.3012664930073406,TRUE,,0.8
1053,3443514120810605160,"Proclamation 4032—Law Day, U.S.A., 1971",Richard Nixon,1971-03-02,they resolved it it is fitting that we honor not merely the law but the lawgivers and that we honor above all those citizens who keep the law now therefore i richard nixon president of the united states of america do hereby urge the people of the united states to observe saturday may 1 1971,Proverbs 28:4,They that forsake the law praise the wicked: but such as keep the law contend with them.,0.4833087433565943,TRUE,,0.9
1058,3520866296686485613,"Proclamation 7344—Gold Star Mother's Day, 2000",William J. Clinton,2000-09-22,courage and compassion they have worked to promote patriotism foster peace and goodwill and extend a helping hand to veterans and those in need their generosity of spirit has touched the lives of countless americans and made certain that the selflessness their children demonstrated in service to our country remains a prominent part of our,Ephesians 4:3,Endeavouring to keep the unity of the Spirit in the bond of peace.,0.2930464134547935,TRUE,,0.7
1064,3588476920461727733,Proclamation 4127—Father's Day,Richard Nixon,1972-05-01,"the elemental magic and joy of humanity in fatherhood we even sense the divine as the scriptural writers did who told of all good gifts coming down from the father of lights with whom is no variableness neither shadow of turning""-symbolism so challenging to each man who would give his own son or daughter a life of light without shadow our identity in name and",James 1:17,"Every good gift and every perfect gift is from above, and cometh down from the Father of lights, with whom is no variableness, neither shadow of turning.",0.9990607128215898,TRUE,,0.95
1078,3733502643222952020,"Proclamation 7504—Thanksgiving Day, 2001",George W. Bush,2001-11-16,to the full enjoyment of peace harmony tranquillity and union as we recover from the terrible tragedies of september 11 americans of every belief and heritage give thanks to god for the many blessings we enjoy as a free faithful and fair-minded land let us particularly give thanks for the selfless sacrifices of those who,1 Thessalonians 1:2,"We give thanks to God always for you all, making mention of you in our prayers;",0.3215969601303585,TRUE,,0.8
1079,3733502643222952020,"Proclamation 7504—Thanksgiving Day, 2001",George W. Bush,2001-11-16,americans of every belief and heritage give thanks to god for the many blessings we enjoy as a free faithful and fair-minded land let us particularly give thanks for the selfless sacrifices of those who responded in service to others after the terrorist attacks setting aside their own safety as they reached out to help their neighbors let us also give thanks for our leaders at every level who have planned and coordinated the myriad of responses needed to address this unprecedented national crisis and let us give thanks for the millions of people of faith who have opened their hearts to those in need with love and prayer bringing us a deeper unity and,1 Thessalonians 5:18,In every thing give thanks: for this is the will of God in Christ Jesus concerning you.,0.7204215393382988,TRUE,,0.9
1081,3733502643222952020,"Proclamation 7504—Thanksgiving Day, 2001",George W. Bush,2001-11-16,unimaginable loss and let us reach out with care to those in need of food shelter and words of hope may almighty god who is our refuge and our strength in this time of trouble watch over our homeland protect us and grant us patience resolve and wisdom in all that is to come now,Psalms 46:1,"God is our refuge and strength, a very present help in trouble.",0.9661432982967628,TRUE,,0.9
1091,39226169090401829,"Proclamation 8641—Cesar Chavez Day, 2011",Barack Obama,2011-03-30,as we celebrate the anniversary of his birth we honor cesar chavez's lasting victories for american workers and his noble methods in achieving them raised in the fields of arizona and california cesar chavez faced hardship and injustice from a young age at the time farm workers toiled in the shadows of society vulnerable to,Psalms 132:6,"Lo, we heard of it at Ephratah: we found it in the fields of the wood.",0.1467610156510904,TRUE,,0.8
1092,3943106448284528024,"Proclamation 9274—National Day of Prayer, 2015",Barack Obama,2015-05-06,guidance and offers solace through prayer we find the strength to do god's work to feed the hungry care for the poor comfort the afflicted and make peace where there is strife in times of uncertainty or tragedy americans offer humble supplications for comfort for those who mourn for healing,Psalms 82:3,Defend the poor and fatherless: do justice to the afflicted and needy.,0.5084402503773341,TRUE,,0.9
1094,3943106448284528024,"Proclamation 9274—National Day of Prayer, 2015",Barack Obama,2015-05-06,when we pray we are reminded that we are not alone-our hope is a common hope our pain is shared and we are all children of god around the globe too few know the protections we enjoy in america millions of individuals worldwide are subjected to discrimination abuse and sanctioned violence simply for exercising their,Galatians 3:26,For ye are all the children of God by faith in Christ Jesus.,0.4600559250463248,TRUE,,0.8
1096,3943106448284528024,"Proclamation 9274—National Day of Prayer, 2015",Barack Obama,2015-05-06,and the laws of the united states do hereby proclaim may 7 2015 as a national day of prayer i invite the citizens of our nation to give thanks in accordance with their own faiths and consciences for our many freedoms and blessings and i join all people of faith in asking for god's continued,Ephesians 1:16,"Cease not to give thanks for you, making mention of you in my prayers;",0.7260485266830786,TRUE,,0.8
1106,4099554699499644804,Proclamation 4112—National Day of Prayer,Richard Nixon,1972-02-17,this nation and the world listened in a moment of human triumph as a small space vehicle circled the moon and frank borman read from genesis in the beginning god created the heaven and the earth today america is moving toward the objective we have pursued throughout our history toward a dream as old as man toward a world at,Genesis 1:1,In the beginning God created the heaven and the earth.,0.9868666034786262,TRUE,,1.0
1108,4099554699499644804,Proclamation 4112—National Day of Prayer,Richard Nixon,1972-02-17,is anchored let this nation turn again to god let this nation turn again to prayer as the world strives to move from a time of war to a time of peace forever as america stretches forth the hand that holds the olive branch we know that other hands must reach out to take it,Ecclesiastes 3:8,"A time to love, and a time to hate; a time of war, and a time of peace.",0.1823318115701485,TRUE,,0.9
1110,4099554699499644804,Proclamation 4112—National Day of Prayer,Richard Nixon,1972-02-17,won we must be patient and strong therefore let each man woman and child in this land recall the ancient wisdom of the scriptures our help is in the name of the lord who made heaven and earth let us seek that help in prayer we remember that our enterprise must find favor in the eyes of god for the,Psalms 124:8,"Our help is in the name of the LORD, who made heaven and earth.",0.9849266717212618,TRUE,,1.0
1112,4099554699499644804,Proclamation 4112—National Day of Prayer,Richard Nixon,1972-02-17,man woman and child in this land recall the ancient wisdom of the scriptures our help is in the name of the lord who made heaven and earth let us seek that help in prayer we remember that our enterprise must find favor in the eyes of god for the,Psalms 115:15,Ye are blessed of the LORD which made heaven and earth.,0.9297677788657192,TRUE,,0.95
1114,4099554699499644804,Proclamation 4112—National Day of Prayer,Richard Nixon,1972-02-17,of the lord who made heaven and earth let us seek that help in prayer we remember that our enterprise must find favor in the eyes of god for the,Psalms 121:2,"My help cometh from the LORD, which made heaven and earth.",0.9066587285073509,TRUE,,1.0
1115,4099554699499644804,Proclamation 4112—National Day of Prayer,Richard Nixon,1972-02-17,seek that help in prayer we remember that our enterprise must find favor in the eyes of god for the scriptures tell us that except the lord build the house they labor in vain that build it as we pursue peace let this people pray our search will find favor in the eyes of god and that we labor not,Psalms 127:1,"Except the LORD build the house, they labour in vain that build it: except the LORD keep the city, the watchman waketh but in vain.",0.950711442722901,TRUE,,1.0
1118,4133605485579787351,"Proclamation 5309—Afghanistan Day, 1985",Ronald Reagan,1985-03-21,in a time of prosperity we do not think of hunger and hardship in a time of peace we do not think of suffering and war in a time when our families are together and healthy we do not think of the pain we would,Ecclesiastes 3:8,"A time to love, and a time to hate; a time of war, and a time of peace.",0.9676255814169888,TRUE,,0.95
1124,4298316228605678469,"Proclamation 5778—Afghanistan Day, 1988",Ronald Reagan,1988-03-21,be returning to a country devastated by soviet aggression the united states has consistently supported the afghans in their long ordeal that support will continue we will rejoice with them when true peace is achieved and afghanistan once again takes its rightful place in the community of nations let us pray and strive to make,Psalms 118:24,This is the day which the LORD hath made; we will rejoice and be glad in it.,0.5359240285614899,TRUE,,0.9
1132,4408984224432707762,"Proclamation 7588—National Days of Prayer and Remembrance, 2002",George W. Bush,2002-08-31,who perished in the aftermath of the attacks the words of the psalms brought comfort to many we trust god always to be our refuge and our strength an ever-present help in time of trouble believing that one greater than ourselves watches over our lives and over this nation we,Psalms 46:1,"God is our refuge and strength, a very present help in trouble.",0.983851910583647,TRUE,,1.0
1135,4503194666388908407,"Proclamation 3036—Thanksgiving Day, 1953",Dwight D. Eisenhower,1953-11-07,which the framers of our constitution sought to secure for themselves and for their posterity and which are so abundantly realized in our land today for the unity of spirit which has made our country strong and for the continuing faith under his guidance that has kept us a religious people with freedom of worship,Ephesians 4:3,Endeavouring to keep the unity of the Spirit in the bond of peace.,0.414990438566672,TRUE,,0.8
1136,4512163878016474965,"Proclamation 6758—National Pearl Harbor Remembrance Day, 1994",William J. Clinton,1994-11-29,"war ii more than 400,000 americans made the ultimate sacrifice to ensure the continued survival of our nation and the precious gift of peace on this day we give thanks to the noble veterans of world war ii for the priceless liberty they helped to secure for them for their children and for all the",Colossians 1:3,"We give thanks to God and the Father of our Lord Jesus Christ, praying always for you,",0.3084810703839027,TRUE,,0.7
1139,4573927740584071186,"Proclamation 8346—American Red Cross Month, 2009",Barack Obama,2009-02-27,sixty-two years after its founding the red cross was instrumental in what president franklin d roosevelt called the greatest single crusade of mercy in all of history in 1943 at the height of world war ii president roosevelt called on the american people to support the troops by supporting the red cross which provided food blood and supplies to american troops allies and civilians across the world president roosevelt asked americans to donate funds to the red cross setting a goal of 125 million for 6 weeks of fundraising the american people responded with characteristic generosity opening their hearts and wallets the red cross met this goal in less than 6 weeks during that season of generosity and unity president roosevelt proclaimed march 1943 as the first red cross month the red cross has continued to serve those suffering from large and small-scale disasters the organization is best known for its work helping communities deal with major disasters such as hurricanes floods and wildfires these large-scale disasters represent a major part of the work of the american red cross just as important are the tens of thousands of small-scale disasters that occur every day in communities nationwide and the volunteers who respond to them these efforts include supporting our military and their families collecting and distributing blood helping the needy delivering health and safety education and providing aid abroad in every response volunteers are the key to red cross efforts volunteers represent 96 percent of the red cross workforce without their giving spirit disaster relief operations would fall short blood donations would fail and the mission of the red cross would go unfulfilled whether helping military families stay connected with service members around the world teaching cpr and first aid or supporting other members of the international red cross and red crescent movement volunteers are critical to the success of each and every red cross endeavor these individuals epitomize the generosity and community spirit of the american people now therefore i barack obama president of the united states of america and honorary chairman of the american red cross by virtue of the authority vested in me by the constitution and laws of the united states do hereby proclaim march 2009 as american red cross month i encourage all americans to support this organization's noble humanitarian mission in witness whereof i have hereunto set my hand this twenty-seventh day of february,1 Corinthians 1:18,For the preaching of the cross is to them that perish foolishness; but unto us which are saved it is the power of God.,0.2881148506202549,TRUE,,0.9
1145,4596392153637187466,"Proclamation 5988—Flag Day and National Flag Week, 1989",George Bush,1989-06-07,in self-government for the veterans who have carried old glory into battle and for the pioneers who have carried it across the continent to the ends of the earth and even into space when we turn to the flag with head held high and hand over heart we give due honor to those who have,Job 28:24,"For he looketh to the ends of the earth, and seeth under the whole heaven;",0.1494268534578863,TRUE,,0.8
1157,4722798710241059949,"Proclamation 4845—Father's Day, 1981",Ronald Reagan,1981-05-20,childhood forecast our lives as poets and philosophers long have told us the childhood shows the man as morning shows the day john milton wrote train up a child in the way he should go and when he is old he will not depart from it solomon tells us clearly the future is in the care of our parents such is the responsibility promise and hope of fatherhood such is,Proverbs 22:6,"Train up a child in the way he should go: and when he is old, he will not depart from it.",0.9814384398282892,TRUE,,0.95
1160,4730882461157861242,"Proclamation 5959—Law Day, U.S.A., 1989",George Bush,1989-04-21,oath taken by all federal judges before they assume office the vow to administer justice without respect to persons and do equal right to the poor and to the rich under that oath judges must decide every citizen's claim on its merits not on the basis of the claimant's status,Psalms 82:3,Defend the poor and fatherless: do justice to the afflicted and needy.,0.2016831443147644,TRUE,,0.8
1168,4857535540795640588,"Proclamation 5577—American Indian Week, 1986",Ronald Reagan,1986-11-24,greater indian control of indian resources during the thanksgiving season generations of americans have been reminded of the early friendship of the pilgrims and american indians we give thanks to god for the friendship cooperation and brotherhood between american indians and other americans as we thank him for all the many blessings he bestows on,1 Thessalonians 1:2,"We give thanks to God always for you all, making mention of you in our prayers;",0.4751677477914037,TRUE,,0.8
1172,4891960044350035071,"Proclamation 3750—National Day of Prayer, 1966",Lyndon B. Johnson,1966-10-01,with firmness in the right as god gives us to see the right let us strive to finish the work we are in to bind up the nation's wounds to care for him who shall have borne the battle and for his widow and his orphan to do all which,Isaiah 8:16,"Bind up the testimony, seal the law among my disciples.",0.434091257444273,TRUE,,0.9
1191,5218733425293243044,"Proclamation 3944—Thanksgiving Day, 1969",Richard Nixon,1969-11-12,battles between americans on american soil to many this call for a national day of thanksgiving must have seemed strange coming as it did at a time of war and bitterness yet lincoln knew that the act of thanksgiving should not be limited to time of peace and serenity he knew that it is precisely at those times of hardship when men most need to recognize that the source of,Ecclesiastes 3:8,"A time to love, and a time to hate; a time of war, and a time of peace.",0.8959820181970264,TRUE,,0.9
1200,5340902252727998339,"Proclamation 6380—Thanksgiving Day, 1991",George Bush,1991-11-25,do not reflect prosperity and plenty time and again scripture describes our creator's special love for the poor as the psalmist wrote he pours contempt upon princes yet sets the poor on high from affliction in this great nation we have a special obligation to care for the ill and,Job 12:21,"He poureth contempt upon princes, and weakeneth the strength of the mighty.",0.524836155835439,TRUE,,0.9
1201,5340902252727998339,"Proclamation 6380—Thanksgiving Day, 1991",George Bush,1991-11-25,plenty time and again scripture describes our creator's special love for the poor as the psalmist wrote he pours contempt upon princes yet sets the poor on high from affliction in this great nation we have a special obligation to care for the ill and the destitute therefore recalling that much will be asked of,Psalms 107:41,"Yet setteth he the poor on high from affliction, and maketh him families like a flock.",0.9188403403033552,TRUE,,1.0
1204,5344663376061975881,"Proclamation 7780—National Day of Prayer, 2004",George W. Bush,2004-04-30,boundless love through prayer we recognize the limits of earthly power and acknowledge the sovereignty of god according to scripture the lord is near to all who call upon him he also will hear their cry and save them prayer leads to humility and a grateful heart and it turns our minds to the needs,Psalms 145:18,"The LORD is nigh unto all them that call upon him, to all that call upon him in truth.",0.4005724560567959,TRUE,,0.9
1205,5344663376061975881,"Proclamation 7780—National Day of Prayer, 2004",George W. Bush,2004-04-30,recognize the limits of earthly power and acknowledge the sovereignty of god according to scripture the lord is near to all who call upon him he also will hear their cry and save them prayer leads to humility and a grateful heart and it turns our minds to the needs of others on this national,Psalms 145:19,"He will fulfil the desire of them that fear him: he also will hear their cry, and will save them.",0.9532646485097636,TRUE,,0.95
1216,5534732216712321053,"Proclamation 10373—Days of Remembrance of Victims of the Holocaust, 2022","Joseph R. Biden, Jr.",2022-04-22,is never erased from our collective memory-especially as fewer and fewer survivors remain the truth must always be known and shared with future generations in perpetuity i have taught my own children and grandchildren about the horrors of the holocaust just as my father taught me i have taken my family to bear witness to,Proverbs 4:11,I have taught thee in the way of wisdom; I have led thee in right paths.,0.1260939187066576,TRUE,,0.8
1220,5537376181722771288,"Proclamation 10255—National Grandparents Day, 2021","Joseph R. Biden, Jr.",2021-09-10,by the president of the united states of america a proclamation on national grandparents day we celebrate the important role grandparents play in providing love wisdom and strength to their families and fostering greater understanding across generations grandmas and grandpas abuelas y abuelos nanas and pop-pops-through their wisdom their perseverance and their unconditional love-strengthen our,Job 12:13,"With him is wisdom and strength, he hath counsel and understanding.",0.1174206993000272,TRUE,,0.8
1228,5693591347257657794,"Proclamation 9319—Patriot Day and National Day of Service and Remembrance, 2015",Barack Obama,2015-09-10,threats of our time and people from across our country and the world joined together in the days that followed to stand up and turn toward one another with open arms making of a tragedy something the terrorists could never abide-a tribute of hope over fear and love over hate as we reflect on the,1 Thessalonians 4:18,Wherefore comfort one another with these words.,0.2749691344432594,TRUE,,0.8
1233,5800130649417050360,"Proclamation 5931—National Sanctity of Human Life Day, 1989",Ronald Reagan,1989-01-09,persecutions serfdom and slavery have left bitter reminders of the consequences that everywhere follow a failure to recognize the fundamental dignity and equality of human beings in the sight of god our nation was born in the midst of a struggle in which these principles were the real field of battle the united states of,1 Timothy 2:3,For this is good and acceptable in the sight of God our Saviour;,0.126981911147972,TRUE,,0.9
1238,5826802004873592656,Proclamation 8093—Announcing the Death of Gerald R. Ford,George W. Bush,2006-12-27,the best years of his life to serving the united states of america he was also a true gentleman who reflected the best in america's character before the world knew his name he served with distinction in the united states navy and the united states house of representatives as a congressman from michigan and then,John 1:10,"He was in the world, and the world was made by him, and the world knew him not.",0.1675925332610145,TRUE,,0.8
1243,5837488947937862436,"Proclamation 5576—National Family Week, 1986",Ronald Reagan,1986-11-21,to celebrate this week with appropriate ceremonies and activities taking note that this observance coincides with the celebration of thanksgiving i ask that all americans give thanks to god on that day for the blessings of family life in our nation and for his continued favor on our people in witness whereof i have hereunto,1 Thessalonians 1:2,"We give thanks to God always for you all, making mention of you in our prayers;",0.9239717382993478,TRUE,,0.9
1245,5837488947937862436,"Proclamation 5576—National Family Week, 1986",Ronald Reagan,1986-11-21,to celebrate this week with appropriate ceremonies and activities taking note that this observance coincides with the celebration of thanksgiving i ask that all americans give thanks to god on that day for the blessings of family life in our nation and for his continued favor on our people in witness whereof i have hereunto,Psalms 136:3,O give thanks to the Lord of lords: for his mercy endureth for ever.,0.757895900982613,TRUE,,0.9
1252,5887218687219317164,"Proclamation 8333—National Mentoring Month, 2009",George W. Bush,2008-12-30,during national mentoring month we recognize the millions of individuals who dedicate themselves to making a difference in the lives of others and we underscore our commitment to supporting these soldiers in america's armies of compassion every day across our,Jude 1:22,"And of some have compassion, making a difference:",0.9396961704101342,TRUE,,0.9
1256,5932494092439241714,"Proclamation 10744—National Day of Prayer, 2024","Joseph R. Biden, Jr.",2024-05-01,or the world but we remain confident that it makes a profound difference each and every day scripture tells us to rejoice in hope be patient in tribulation and be constant in prayer this year my prayer for our nation is that we keep faith that our best days are ahead of us and continue,Romans 12:12,Rejoicing in hope; patient in tribulation; continuing instant in prayer;,0.943261727429686,TRUE,,0.95
1268,6070819743033159444,"Proclamation 3324—National Farm-City Week, 1959",Dwight D. Eisenhower,1959-10-29,join in this observance along with farm groups as evidence of america's appreciation of all those on the farms and in the cities who provide us with our daily bread and all the other necessities of life in witness whereof i have hereunto set my hand and caused the seal of the united states of,Luke 11:3,Give us day by day our daily bread.,0.6875976187258667,TRUE,,0.9
1269,6070819743033159444,"Proclamation 3324—National Farm-City Week, 1959",Dwight D. Eisenhower,1959-10-29,join in this observance along with farm groups as evidence of america's appreciation of all those on the farms and in the cities who provide us with our daily bread and all the other necessities of life in witness whereof i have hereunto set my hand and caused the seal of the united states of,Matthew 6:11,Give us this day our daily bread.,0.7698389635373609,TRUE,,0.9
1272,6184063821846448758,"Proclamation 8987—Memorial Day, Prayer for Peace",Barack Obama,2013-05-24,never came back-who fought for a home to which they never returned and died for a country whose gratitude they will always have scripture teaches us that greater love hath no man than this that a man lay down his life for his friends on memorial day we remember those we have lost not only for what they fought for but who they were proud americans often far too young,John 15:13,"Greater love hath no man than this, that a man lay down his life for his friends.",0.2183228195363234,TRUE,,0.95
1275,619503543582240694,"Proclamation 10070—National Days of Prayer and Remembrance, 2020",Donald J. Trump (1st Term),2020-09-03,restoration as it blooms with the seasons and reminds us of its triumph over destruction we remember the words of john 1:5 the light shines in the darkness and the darkness has not overcome it in the nearly two decades that have passed since this tragedy our nation has grown stronger and more resilient as,John 1:5,And the light shineth in darkness; and the darkness comprehended it not.,0.8972969818765913,TRUE,,0.9
1280,6237968310651253222,Proclamation 7925—National Day of Prayer and Remembrance for the Victims of Hurricane Katrina,George W. Bush,2005-09-08,one person may show to another to love your neighbor as yourself across our nation so many selfless deeds reflect the promise of the scripture for i was hungry and you gave me food i was thirsty and you gave me drink i was a stranger and you took me in i encourage all americans to respond with acts of kindness in the days ahead by contributing time money or needed goods to a relief,Matthew 25:35,"For I was an hungred, and ye gave me meat: I was thirsty, and ye gave me drink: I was a stranger, and ye took me in:",0.9672683430871049,TRUE,,0.9
1281,6237968310651253222,Proclamation 7925—National Day of Prayer and Remembrance for the Victims of Hurricane Katrina,George W. Bush,2005-09-08,one person may show to another to love your neighbor as yourself across our nation so many selfless deeds reflect the promise of the scripture for i was hungry and you gave me food i was thirsty and you gave me drink i was a stranger and you took me in i encourage all americans to respond with acts of kindness in the days ahead,Matthew 25:42,"For I was an hungred, and ye gave me no meat: I was thirsty, and ye gave me no drink:",0.3740617788586329,TRUE,,0.9
1282,6237968310651253222,Proclamation 7925—National Day of Prayer and Remembrance for the Victims of Hurricane Katrina,George W. Bush,2005-09-08,the promise of the scripture for i was hungry and you gave me food i was thirsty and you gave me drink i was a stranger and you took me in i encourage all americans to respond with acts of kindness in the days ahead by contributing time money or,Matthew 25:38,"When saw we thee a stranger, and took thee in? or naked, and clothed thee?",0.276193160766192,TRUE,,0.8
1285,62868666717538732,"Proclamation 10554—National Park Week, 2023","Joseph R. Biden, Jr.",2023-04-21,around the country to remind them of the magnificence and majesty of america they unite us all and are the birthright that we pass down from generation to generation this week and always let us appreciate these national treasures that our ancestors conserved for us and rededicate ourselves to preserving them for all americans to,Joel 3:20,"But Judah shall dwell for ever, and Jerusalem from generation to generation.",0.3266484522132071,TRUE,,0.8
1292,6408945199160805620,"Proclamation 10390—National Day of Prayer, 2022","Joseph R. Biden, Jr.",2022-05-04,laws of the united states do hereby proclaim may 5 2022 as a national day of prayer i call upon the citizens of our nation to give thanks in accordance with their own faiths and consciences for our many freedoms and blessings and i invite all people of faith to join me in asking for,Ephesians 1:16,"Cease not to give thanks for you, making mention of you in my prayers;",0.7744465949660829,TRUE,,0.9
1295,6414786807986614691,"Proclamation 9014—National Days of Prayer and Remembrance, 2013",Barack Obama,2013-09-06,sky black smoke rising from the ruins below these images will never leave us but scripture teaches us that light shines even in the darkness and the darkness has not overcome it when the first calls for help reached squad cars ambulances and ladder companies there was no hesitation first responders rushed to the scene,John 1:5,And the light shineth in darkness; and the darkness comprehended it not.,0.8088721124051791,TRUE,,0.9
1298,6421656484681769949,Proclamation 4165—National Day of Prayer,Richard Nixon,1972-10-09,in a night vision to ask what he wished of god was reverent and humble enough to pray i am but a little child give therefore thy servant an understanding heart for who is able to judge this thy so great a people in our time as in solomon's no nation can expect to prosper and live in peace-no people can govern themselves wisely-except they invoke and rely on the,1 Kings 3:9,"Give therefore thy servant an understanding heart to judge thy people, that I may discern between good and bad: for who is able to judge this thy so great a people?",0.9157219302409916,TRUE,,0.95
1300,6421656484681769949,Proclamation 4165—National Day of Prayer,Richard Nixon,1972-10-09,enough to pray i am but a little child give therefore thy servant an understanding heart for who is able to judge this thy so great a people in our time as in solomon's no nation can expect to prosper and live in peace-no people can govern themselves wisely-except they,Psalms 77:13,"Thy way, O God, is in the sanctuary: who is so great a God as our God?",0.7735979905725834,TRUE,,0.9
1304,652695262532309035,"Proclamation 10788—National Korean War Veterans Armistice Day, 2024","Joseph R. Biden, Jr.",2024-07-25,bestow upon them the high honor they deserve i call upon all americans to observe this day with appropriate ceremonies and activities that honor and give thanks to our distinguished korean war veterans in witness whereof i have hereunto set my hand this twenty-fifth day of july in the year of our lord two thousand,Colossians 1:3,"We give thanks to God and the Father of our Lord Jesus Christ, praying always for you,",0.2813838080903936,TRUE,,0.8
1322,6825455157945335207,Proclamation 4897—National Day of Prayer,Ronald Reagan,1982-02-12,by the second continental congress as thousands gathered in prayer in places of worship and encampments throughout the new land the dispersed colonists found a new spirit of unity and resolve in this remarkable expression of public faith for the first time americans of every religious persuasion prayed as one asking for divine guidance in,Ephesians 4:3,Endeavouring to keep the unity of the Spirit in the bond of peace.,0.6893084908088398,TRUE,,0.9
1324,6825455157945335207,Proclamation 4897—National Day of Prayer,Ronald Reagan,1982-02-12,as a nation join together before god aware of the trials that lie ahead and of the need for divine guidance with unshakable faith in god and the liberty which is our heritage we as a free nation will continue to grow and prosper in witness whereof i have hereunto,Mark 11:22,"And Jesus answering saith unto them, Have faith in God.",0.206850276887343,TRUE,,0.8
1331,7012776689085948848,"Proclamation 8895—Military Family Month, 2012",Barack Obama,2012-11-01,and let us forever hold close the memories of those who have perished in the line of duty this month we reaffirm that we will always lift up our military families-not just when their loved ones are away but also long after the welcome home ceremonies are over now therefore i barack obama president of,Lamentations 3:41,Let us lift up our heart with our hands unto God in the heavens.,0.2091588506536087,TRUE,,0.8
1333,7036822464490667665,"Proclamation 10767—Lesbian, Gay, Bisexual, Transgender, Queer, and Intersex Pride Month, 2024","Joseph R. Biden, Jr.",2024-05-31,entire lgbtqi community-and especially transgender children-please know that your president and my entire administration have your back we see you for who you are made in the image of god and deserving of dignity respect and support that is why i have taken historic action to protect the lgbtqi community we are ensuring that the,Colossians 1:15,"Who is the image of the invisible God, the firstborn of every creature:",0.104864851272438,TRUE,,0.8
1340,7122089667684521102,"Proclamation 6280—National Day of Prayer, 1991",George Bush,1991-04-25,us acknowledge with heartfelt remorse the many times we have failed to appreciate the lord's gifts and to obey his commandments giving humble thanks for his mercy let us vow to fulfill not only our responsibilities but also our potential as one nation under god most important let us make,Psalms 136:18,And slew famous kings: for his mercy endureth for ever:,0.3471235169710135,TRUE,,0.7
1342,7122089667684521102,"Proclamation 6280—National Day of Prayer, 1991",George Bush,1991-04-25,our prayers pleasing to him by the regular practice of public and private virtue and by a genuine renewal of america's moral heritage as scripture says righteousness exalteth a nation but sin is a reproach to any people since the approval of the joint resolution of the congress on april 17 1952 calling for the designation of a specific day to be set aside each,Proverbs 14:34,Righteousness exalteth a nation: but sin is a reproach to any people.,0.9980697924584704,TRUE,,0.9
1346,7175985551078432592,"Proclamation 6443—Week for the National Observance of the 50th Anniversary of World War II, 1992",George Bush,1992-06-04,of events 50 years ago and then consider the recent emergence of democratic nations around the globe we recognize as did president truman that the spirit of liberty and the inherent dignity and freedom of the individual are the strongest and toughest and most enduring,2 Corinthians 3:17,"Now the Lord is that Spirit: and where the Spirit of the Lord is, there is liberty.",0.8485175366484168,TRUE,,0.9
1352,7218185478288401425,"Proclamation 3150—National Day of Prayer, 1956",Dwight D. Eisenhower,1956-08-29,to god in prayer and meditation and whereas the appointed day is one on which to give solemn thought to the mercies bestowed upon us to lift up our voices in unified thanks for the spiritual blessings we enjoy especially the profound blessing of freedom and to acknowledge in all things the presence of almighty,Lamentations 3:41,Let us lift up our heart with our hands unto God in the heavens.,0.180703566592797,TRUE,,0.8
1355,7283110993420246972,"Proclamation 5599—National Sanctity of Human Life Day, 1987",Ronald Reagan,1987-01-16,sanctity of human life day i call upon the citizens of this blessed land to gather on that day in homes and places of worship to give thanks for the gift of life and to reaffirm our commitment to the dignity of every human being and the sanctity of each human life in witness whereof,Ephesians 1:16,"Cease not to give thanks for you, making mention of you in my prayers;",0.82362614373903,TRUE,,0.9
1361,7365155039194363134,"Proclamation 4080—Drug Abuse Prevention Week, 1971",Richard Nixon,1971-09-17,what shall it profit a man the bible asks if he shall gain the whole world and lose his own soul it is a question which the menace of drug abuse poses anew to all of us what can a nation profit from its abundant,Luke 9:25,"For what is a man advantaged, if he gain the whole world, and lose himself, or be cast away?",0.8675092603752376,TRUE,,0.9
1362,7365155039194363134,"Proclamation 4080—Drug Abuse Prevention Week, 1971",Richard Nixon,1971-09-17,what shall it profit a man the bible asks if he shall gain the whole world and lose his own soul it is a question which the menace of drug abuse poses anew to all of us what can a nation profit from its abundant,Mark 8:36,"For what shall it profit a man, if he shall gain the whole world, and lose his own soul?",0.9681357521255012,TRUE,,0.95
1363,7365155039194363134,"Proclamation 4080—Drug Abuse Prevention Week, 1971",Richard Nixon,1971-09-17,what shall it profit a man the bible asks if he shall gain the whole world and lose his own soul it is a question which the menace of drug abuse poses anew to all of us what can a nation profit from its abundant,Matthew 16:26,"For what is a man profited, if he shall gain the whole world, and lose his own soul? or what shall a man give in exchange for his soul?",0.8994086339328305,TRUE,,0.9
1372,7498573222623487343,"Proclamation 7052—Thanksgiving Day, 1997",William J. Clinton,1997-11-21,i encourage all americans to assemble in their homes places of worship or community centers to share the spirit of goodwill and prayer to express heartfelt thanks to god for the many blessings he has bestowed upon us and to reach out in true friendship to our brothers and sisters across this land who together comprise our great american family in witness whereof i have hereunto set my hand this twenty-first day of november in the year of our lord nineteen hundred and ninety-seven and,Colossians 1:3,"We give thanks to God and the Father of our Lord Jesus Christ, praying always for you,",0.4966283159630647,TRUE,,0.8
1375,752826184233056267,"Proclamation 2952—Thanksgiving Day, 1951",Harry S Truman,1951-11-01,our material prosperity so far surpassing that of earlier years and our private spiritual blessings so deeply cherished by all for these we offer fervent thanks to god with the cooperation of our allies we are striving to attain a permanent peace and to assure success in achieving that coveted goal we reverently place our,1 Thessalonians 1:2,"We give thanks to God always for you all, making mention of you in our prayers;",0.3895420261572529,TRUE,,0.8
1377,752826184233056267,"Proclamation 2952—Thanksgiving Day, 1951",Harry S Truman,1951-11-01,and in our places of worship individually and in groups render homage to almighty god let us recall the words of the psalmist o give thanks unto the lord for he is good for his mercy endureth forever let us also on the appointed day seek divine aid in the quest for peace in witness whereof i have hereunto set my hand and caused the,1 Chronicles 16:34,O give thanks unto the LORD; for he is good; for his mercy endureth for ever.,0.9763537798166078,TRUE,,0.95
1380,752826184233056267,"Proclamation 2952—Thanksgiving Day, 1951",Harry S Truman,1951-11-01,and in our places of worship individually and in groups render homage to almighty god let us recall the words of the psalmist o give thanks unto the lord for he is good for his mercy endureth forever let us also on the appointed day seek divine aid in the quest for peace in witness whereof i have hereunto set,Psalms 106:1,Praise ye the LORD. O give thanks unto the LORD; for he is good: for his mercy endureth for ever.,0.9947378729425026,TRUE,,0.95
1381,752826184233056267,"Proclamation 2952—Thanksgiving Day, 1951",Harry S Truman,1951-11-01,and in our places of worship individually and in groups render homage to almighty god let us recall the words of the psalmist o give thanks unto the lord for he is good for his mercy endureth forever let us also on the appointed day seek divine aid in the quest for peace in witness whereof i have hereunto set,Psalms 107:1,"O give thanks unto the LORD, for he is good: for his mercy endureth for ever.",0.9840224643196434,TRUE,,0.95
1383,752826184233056267,"Proclamation 2952—Thanksgiving Day, 1951",Harry S Truman,1951-11-01,and in our places of worship individually and in groups render homage to almighty god let us recall the words of the psalmist o give thanks unto the lord for he is good for his mercy endureth forever let us also on the appointed day seek divine aid in the quest for peace in witness,Psalms 118:1,O give thanks unto the LORD; for he is good: because his mercy endureth for ever.,0.9861253998278872,TRUE,,1.0
1384,752826184233056267,"Proclamation 2952—Thanksgiving Day, 1951",Harry S Truman,1951-11-01,and in our places of worship individually and in groups render homage to almighty god let us recall the words of the psalmist o give thanks unto the lord for he is good for his mercy endureth forever let us also on the appointed day seek divine aid in the quest for peace in witness whereof i have hereunto set,Psalms 118:29,O give thanks unto the LORD; for he is good: for his mercy endureth for ever.,0.9831386968455874,TRUE,,1.0
1385,752826184233056267,"Proclamation 2952—Thanksgiving Day, 1951",Harry S Truman,1951-11-01,and in our places of worship individually and in groups render homage to almighty god let us recall the words of the psalmist o give thanks unto the lord for he is good for his mercy endureth forever let us also on the appointed day seek divine aid in the quest for peace in witness whereof i have hereunto set,Psalms 136:1-2,O give thanks unto the LORD; for he is good: for his mercy endureth for ever. O give thanks unto the God of gods: for his mercy endureth for ever.,0.9893843728902446,TRUE,,1.0
1386,752826184233056267,"Proclamation 2952—Thanksgiving Day, 1951",Harry S Truman,1951-11-01,and in our places of worship individually and in groups render homage to almighty god let us recall the words of the psalmist o give thanks unto the lord for he is good for his mercy endureth forever let us also on the appointed day seek divine aid in the quest for peace in witness whereof i have hereunto set,Psalms 136:26,O give thanks unto the God of heaven: for his mercy endureth for ever.,0.9949862074021946,TRUE,,0.95
1389,752826184233056267,"Proclamation 2952—Thanksgiving Day, 1951",Harry S Truman,1951-11-01,render homage to almighty god let us recall the words of the psalmist o give thanks unto the lord for he is good for his mercy endureth forever let us also on the appointed day seek divine aid in the quest for peace in witness whereof i have hereunto set,Psalms 136:3,O give thanks to the Lord of lords: for his mercy endureth for ever.,0.995820280179279,TRUE,,0.95
1393,7551653320750108505,"Proclamation 5687—Thanksgiving Day, 1987",Ronald Reagan,1987-07-28,and on our beautiful bountiful land through the decades through the centuries in log cabins country churches cathedrals homes and halls the american people have paused to give thanks to god in times of peace and plenty or of danger and distress acknowledgement of dependence on god's favor was in fact our fledgling nation's very,1 Thessalonians 1:2,"We give thanks to God always for you all, making mention of you in our prayers;",0.2792015828834021,TRUE,,0.8
1394,7551653320750108505,"Proclamation 5687—Thanksgiving Day, 1987",Ronald Reagan,1987-07-28,and on our beautiful bountiful land through the decades through the centuries in log cabins country churches cathedrals homes and halls the american people have paused to give thanks to god in times of peace and plenty or of danger and distress acknowledgement of dependence on god's favor was in fact our fledgling nation's very,Colossians 1:3,"We give thanks to God and the Father of our Lord Jesus Christ, praying always for you,",0.4888070987579199,TRUE,,0.9
1397,7551653320750108505,"Proclamation 5687—Thanksgiving Day, 1987",Ronald Reagan,1987-07-28,among them as they began their work they found common voice in the 35th psalm which concludes with a verse of joyous gratitude and my tongue shall speak of thy righteousness and of thy praise all the day long this year of course our thanksgiving day celebration coincides with the bicentennial of the constitution in 1789 the government established by that great charter of freedom,Psalms 35:28,And my tongue shall speak of thy righteousness and of thy praise all the day long.,0.9644949153626504,TRUE,,0.95
1400,7551653320750108505,"Proclamation 5687—Thanksgiving Day, 1987",Ronald Reagan,1987-07-28,their work they found common voice in the 35th psalm which concludes with a verse of joyous gratitude and my tongue shall speak of thy righteousness and of thy praise all the day long this year of course our thanksgiving day celebration coincides with the bicentennial of the constitution in 1789 the government established by that great charter of freedom,Psalms 71:15,My mouth shall shew forth thy righteousness and thy salvation all the day; for I know not the numbers thereof.,0.543606517695435,TRUE,,0.9
1401,7551653320750108505,"Proclamation 5687—Thanksgiving Day, 1987",Ronald Reagan,1987-07-28,their work they found common voice in the 35th psalm which concludes with a verse of joyous gratitude and my tongue shall speak of thy righteousness and of thy praise all the day long this year of course our thanksgiving day celebration coincides with the bicentennial of the constitution in 1789 the government established by that great charter of freedom,Psalms 71:24,"My tongue also shall talk of thy righteousness all the day long: for they are confounded, for they are brought unto shame, that seek my hurt.",0.508405881681217,TRUE,,0.9
1406,7562277830941648101,Proclamation 4248—National Day of Prayer,Richard Nixon,1973-10-05,american future let us do so with the same profound faith in the god of our fathers mindful of the words of the psalms blessed is the nation whose god is the lord and the people whom he bath chosen for his own inheritance now therefore i richard nixon president of the united states of america do hereby proclaim wednesday october 17 as national day of prayer 1973 i ask,Psalms 33:12,Blessed is the nation whose God is the LORD; and the people whom he hath chosen for his own inheritance.,0.8442788620228115,TRUE,,0.9
1413,7734259116841898719,"Proclamation 8004—National Volunteer Week, 2006",George W. Bush,2006-04-20,reaching out to help their neighbors in need during national volunteer week we recognize the millions of individuals who dedicate their time talents and energy to making a difference in the lives of others and reaffirm our commitment to supporting these soldiers in the armies of compassion in the 1830s a frenchman named alexis de,Jude 1:22,"And of some have compassion, making a difference:",0.9533137213040916,TRUE,,0.9
1415,7759378361672425578,"Proclamation 7673—Jewish Heritage Week, 2003",George W. Bush,2003-05-02,"faith family and freedom the jewish people began their search for freedom more than 3,000 years ago from the struggle of the exodus to the miracle of the maccabees to the horrors of the holocaust to the creation of the democratic state of israel jews have faced and survived many challenges jews draw on their",Mark 6:52,For they considered not the miracle of the loaves: for their heart was hardened.,0.1982846412509707,TRUE,,0.8
1418,7776677970417544056,"Proclamation 2015—Thanksgiving Day, 1932",Herbert Hoover,1932-11-03,thursday november 24 1932 as a day of national thanksgiving and i do urge that they repair to their places of public worship there to give thanks to the beneficent providence from whom comes all our good and i do further recommend inasmuch as this year marks the two hundredth anniversary of the birth of george washington the father of our country whose immeasurable services to our liberties and our security are blessing perennially renewed upon us that our people refresh their memory of his,Colossians 1:3,"We give thanks to God and the Father of our Lord Jesus Christ, praying always for you,",0.9465216342123784,TRUE,,0.95
1423,78244856109647153,"Proclamation 6508—Thanksgiving Day, 1992",George Bush,1992-11-20,the place that we desire then hath he ratified this covenant and sealed our commission and will expect a strict performance of the articles contained in it to do justly to love mercy to walk humbly with our god by remaining grateful for and faithful to that divine commission america has become a model of freedom and justice to the,Micah 6:8,"He hath shewed thee, O man, what is good; and what doth the LORD require of thee, but to do justly, and to love mercy, and to walk humbly with thy God?",0.8145563251158019,TRUE,,1.0
1430,7901488836202205937,"Proclamation 6732—General Pulaski Memorial Day, 1994",William J. Clinton,1994-10-05,is free at peace and increasingly prosperous thanks in no small measure to the efforts of general pulaski's modern-day compatriots europe is united in liberty and the light of democracy shines brightly around the world now therefore i william j clinton president of the united states of america by virtue of the authority vested in,John 9:5,"As long as I am in the world, I am the light of the world.",0.4406161496310936,TRUE,,0.8
1453,8262209908358302436,"Proclamation 3305—National Day of Prayer, 1959",Dwight D. Eisenhower,1959-07-30,any be content in their good fortune let us join in vigorous concern for those who now endure suffering of body mind or spirit and let us seek to relieve their distress and to assist them in their way toward health well-being and enlightenment finally let us rededicate ourselves and our nation to the highest loyalties which we know and let us breathe deeply of the clean air of courage preparing ourselves to meet the obligations of our day in trust in gratitude and in,Hebrews 10:24,And let us consider one another to provoke unto love and to good works:,0.416542522664869,TRUE,,0.8
1457,830140186618200653,"Proclamation 10190—Jewish American Heritage Month, 2021","Joseph R. Biden, Jr.",2021-04-30,have secured are extended to others and heeding the words of the torah justice justice shall you pursue a central concept in judaism l'dor v'dor or from generation to generation recognizes both the continuity of the jewish people and the intergenerational responsibility we have to heal the world for our children during jewish american heritage,Joel 3:20,"But Judah shall dwell for ever, and Jerusalem from generation to generation.",0.9641793406194578,TRUE,,0.9
1458,8305728482582128414,"Proclamation 5501—Baltic Freedom Day, 1986",Ronald Reagan,1986-06-12,a nation we are the standard-bearers of freedom and a beacon of hope to the oppressed ours is the mission of the prophet isaiah to bind up the brokenhearted proclaim liberty to the captives and the opening of the prison to them that are bound the congress of the united states by senate joint resolution 271 has designated june 14 1986 as baltic freedom day and authorized and requested the,Isaiah 61:1,"The Spirit of the Lord GOD is upon me; because the LORD hath anointed me to preach good tidings unto the meek; he hath sent me to bind up the brokenhearted, to proclaim liberty to the captives, and the opening of the prison to them that are bound;",0.5930063292645019,TRUE,,0.95
1471,8382872766432688967,"Proclamation 6257—For National Days of Thanksgiving, April 5-7, 1991",George Bush,1991-03-07,as the psalmist wrote o give thanks to the lord for he is gracious for his mercy endures for ever almighty god has answered the prayers of millions of people with the liberation of kuwait and the end of offensive,Psalms 106:1,Praise ye the LORD. O give thanks unto the LORD; for he is good: for his mercy endureth for ever.,0.9815861597851456,TRUE,,0.95
1472,8382872766432688967,"Proclamation 6257—For National Days of Thanksgiving, April 5-7, 1991",George Bush,1991-03-07,as the psalmist wrote o give thanks to the lord for he is gracious for his mercy endures for ever almighty god has answered the prayers of millions of people with the liberation of kuwait and the end of offensive,Psalms 107:1,"O give thanks unto the LORD, for he is good: for his mercy endureth for ever.",0.9704576650961644,TRUE,,0.95
1473,8382872766432688967,"Proclamation 6257—For National Days of Thanksgiving, April 5-7, 1991",George Bush,1991-03-07,as the psalmist wrote o give thanks to the lord for he is gracious for his mercy endures for ever almighty god has answered the prayers of millions of people with the liberation of kuwait,Psalms 118:1,O give thanks unto the LORD; for he is good: because his mercy endureth for ever.,0.8712550474965445,TRUE,,0.9
1474,8382872766432688967,"Proclamation 6257—For National Days of Thanksgiving, April 5-7, 1991",George Bush,1991-03-07,as the psalmist wrote o give thanks to the lord for he is gracious for his mercy endures for ever almighty god has answered the prayers of millions of people with the liberation of kuwait and the end of offensive,Psalms 118:29,O give thanks unto the LORD; for he is good: for his mercy endureth for ever.,0.9704576650961644,TRUE,,1.0
1475,8382872766432688967,"Proclamation 6257—For National Days of Thanksgiving, April 5-7, 1991",George Bush,1991-03-07,as the psalmist wrote o give thanks to the lord for he is gracious for his mercy endures for ever almighty god has answered the prayers of millions of people with the liberation of kuwait and the end of offensive,Psalms 136:1,O give thanks unto the LORD; for he is good: for his mercy endureth for ever.,0.9704576650961644,TRUE,,1.0
1476,8382872766432688967,"Proclamation 6257—For National Days of Thanksgiving, April 5-7, 1991",George Bush,1991-03-07,as the psalmist wrote o give thanks to the lord for he is gracious for his mercy endures for ever almighty god has answered the prayers of millions of people,Psalms 136:2,O give thanks unto the God of gods: for his mercy endureth for ever.,0.8926674432321448,TRUE,,0.9
1477,8382872766432688967,"Proclamation 6257—For National Days of Thanksgiving, April 5-7, 1991",George Bush,1991-03-07,as the psalmist wrote o give thanks to the lord for he is gracious for his mercy endures for ever almighty god has answered the prayers of millions of people with the liberation of kuwait and the end of offensive,Psalms 136:26,O give thanks unto the God of heaven: for his mercy endureth for ever.,0.9677218122868908,TRUE,,0.95
1478,8382872766432688967,"Proclamation 6257—For National Days of Thanksgiving, April 5-7, 1991",George Bush,1991-03-07,as the psalmist wrote o give thanks to the lord for he is gracious for his mercy endures for ever almighty god has answered the prayers of millions of people with the liberation of kuwait and the end of offensive,Psalms 136:3,O give thanks to the Lord of lords: for his mercy endureth for ever.,0.9728301614036028,TRUE,,0.95
1484,8382872766432688967,"Proclamation 6257—For National Days of Thanksgiving, April 5-7, 1991",George Bush,1991-03-07,region as we prepare to welcome home our courageous service men and women and join in the joyful celebrations of the kuwaiti people it is fitting that we give thanks to our heavenly father our help and shield for his mercy and protection asking him to judge not our worthiness but our need and protection,Colossians 1:3,"We give thanks to God and the Father of our Lord Jesus Christ, praying always for you,",0.3439160469927113,TRUE,,0.8
1485,8382872766432688967,"Proclamation 6257—For National Days of Thanksgiving, April 5-7, 1991",George Bush,1991-03-07,men and women and join in the joyful celebrations of the kuwaiti people it is fitting that we give thanks to our heavenly father our help and shield for his mercy and protection asking him to judge not our worthiness but our need and protection and knowing that the lord,Psalms 33:20,Our soul waiteth for the LORD: he is our help and our shield.,0.8832772677290648,TRUE,,0.9
1490,8382872766432688967,"Proclamation 6257—For National Days of Thanksgiving, April 5-7, 1991",George Bush,1991-03-07,in a spirit of faith humility and gratitude seeking reconciliation with all peoples in so doing we recall the timeless prayer found in scripture thine o lord is the greatness and the power and the glory for all that is in the heaven and in the earth is thine and thou reignest over all in thine hand is power and might and in thine hand it is to make great and to give strength unto,1 Chronicles 29:11,"Thine, O LORD, is the greatness, and the power, and the glory, and the victory, and the majesty: for all that is in the heaven and in the earth is thine; thine is the kingdom, O LORD, and thou art exalted as head above all.",0.9939161838980948,TRUE,,1.0
1492,8382872766432688967,"Proclamation 6257—For National Days of Thanksgiving, April 5-7, 1991",George Bush,1991-03-07,humility and gratitude seeking reconciliation with all peoples in so doing we recall the timeless prayer found in scripture thine o lord is the greatness and the power and the glory for all that is in the heaven and in the earth is thine and thou reignest over all in thine hand is power and,Matthew 6:13,"And lead us not into temptation, but deliver us from evil: For thine is the kingdom, and the power, and the glory, for ever. Amen.",0.1499461833353048,TRUE,,0.9
1496,8382872766432688967,"Proclamation 6257—For National Days of Thanksgiving, April 5-7, 1991",George Bush,1991-03-07,o lord is the greatness and the power and the glory for all that is in the heaven and in the earth is thine and thou reignest over all in thine hand is power and might and in thine hand it is to make great and to give strength unto all now therefore our god we thank thee and praise thy glorious name as the psalmist wrote come behold the works of the lord he,1 Chronicles 29:12,"Both riches and honour come of thee, and thou reignest over all; and in thine hand is power and might; and in thine hand it is to make great, and to give strength unto all.",0.8872494193240122,TRUE,,0.9
1498,8382872766432688967,"Proclamation 6257—For National Days of Thanksgiving, April 5-7, 1991",George Bush,1991-03-07,thou reignest over all in thine hand is power and might and in thine hand it is to make great and to give strength unto all now therefore our god we thank thee and praise thy glorious name as the psalmist wrote come behold the works of the lord he makes wars to cease to the end of the earth,1 Chronicles 29:13,"Now therefore, our God, we thank thee, and praise thy glorious name.",0.9833686834979312,TRUE,,1.0
1501,8382872766432688967,"Proclamation 6257—For National Days of Thanksgiving, April 5-7, 1991",George Bush,1991-03-07,it is to make great and to give strength unto all now therefore our god we thank thee and praise thy glorious name as the psalmist wrote come behold the works of the lord he makes wars to cease to the end of the earth now therefore i george bush president of the united sates of america do hereby proclaim,Psalms 46:8,"Come, behold the works of the LORD, what desolations he hath made in the earth.",0.5586030181652473,TRUE,,0.9
1505,8431537895066008175,"Proclamation 3368—National Farm-City Week, 1960",Dwight D. Eisenhower,1960-08-26,observance along with farm groups as evidence of america's appreciation of all those on the farms and in the cities who provide us with our daily bread and other necessities of life in witness whereof i have hereunto set my hand and caused the seal of the united states of,Luke 11:3,Give us day by day our daily bread.,0.6112943560301164,TRUE,,0.9
1506,8431537895066008175,"Proclamation 3368—National Farm-City Week, 1960",Dwight D. Eisenhower,1960-08-26,observance along with farm groups as evidence of america's appreciation of all those on the farms and in the cities who provide us with our daily bread and other necessities of life in witness whereof i have hereunto set my hand and caused the seal of the united states of,Matthew 6:11,Give us this day our daily bread.,0.8103754551785413,TRUE,,0.9
1507,8448883115490227065,Proclamation 9634—National Day of Prayer for the Victims of Hurricane Harvey and for Our National Response and Recovery Efforts,Donald J. Trump (1st Term),2017-09-01,response and recovery efforts continue and as americans provide much needed relief to the people of texas and louisiana we are reminded of scripture's promise that god is our refuge and strength a very present help in trouble melania and i are grateful to everyone devoting time effort and resources to the ongoing response recovery and rebuilding efforts we invite all americans to join us,Psalms 46:1,"God is our refuge and strength, a very present help in trouble.",0.9800294755911751,TRUE,,1.0
1517,8695657748852159557,"Proclamation 10793—Overdose Awareness Week, 2024","Joseph R. Biden, Jr.",2024-08-23,continue to lose loved ones to fentanyl today i grieve with all the families and friends who have lost someone to an overdose this is a time to act and this is a time to stand together-for all those we have lost and all the lives we can still save now therefore i joseph r biden jr president of the,Ecclesiastes 3:6,"A time to get, and a time to lose; a time to keep, and a time to cast away;",0.1413177726149145,TRUE,,0.8
1518,8705272616397097207,"Proclamation 2864—Thanksgiving Day, 1949",Harry S Truman,1949-11-10,of man can provide there should be in the hearts of all good men and true a realization that as the psalmist said there is no king saved by the multitude of an host a mighty man is not delivered by much strength humbly grateful for these benefactions may we add to our prayers of thanksgiving a plea for divine guidance of the leaders of our nation and the leaders,Psalms 33:16,There is no king saved by the multitude of an host: a mighty man is not delivered by much strength.,0.9941174502019244,TRUE,,1.0
1521,8705272616397097207,"Proclamation 2864—Thanksgiving Day, 1949",Harry S Truman,1949-11-10,i urge all citizens to observe the day with reverence let us on the appointed day in our homes and in our accustomed places of worship give thanks to almighty god for the blessings which have signalized our lot as a nation and let us ask for the gift of wisdom in our striving for,Psalms 136:3,O give thanks to the Lord of lords: for his mercy endureth for ever.,0.8831317078040621,TRUE,,0.9
1527,8813785709839002680,"Proclamation 3687—Thanksgiving Day, 1965",Lyndon B. Johnson,1965-11-10,for all the blessings that have been bestowed upon our nation during the past 12 months it is a small thing to give thanks to almighty god when the pilgrims first observed thanksgiving nearly 350 years ago life was harsh and unrelenting cold and sickness had diminished their ranks their,Psalms 92:1,"IT IS A GOOD THING TO GIVE THANKS UNTO THE LORD, AND TO SING PRAISES UNTO THY NAME, O MOST HIGH:",0.7467655010292641,TRUE,,0.9
1534,8816739082303987652,"Proclamation 7963—Thanksgiving Day, 2005",George W. Bush,2005-11-18,to gather together in their homes and places of worship with family friends and loved ones to reinforce the ties that bind us and give thanks for the freedoms and many blessings we enjoy in witness whereof i have hereunto set my hand this eighteenth day of november in the,1 Thessalonians 5:18,In every thing give thanks: for this is the will of God in Christ Jesus concerning you.,0.7787423972925173,TRUE,,0.9
1535,8816739082303987652,"Proclamation 7963—Thanksgiving Day, 2005",George W. Bush,2005-11-18,to gather together in their homes and places of worship with family friends and loved ones to reinforce the ties that bind us and give thanks for the freedoms and many blessings we enjoy in witness whereof i have hereunto set my hand this eighteenth day of november in the,Ephesians 1:16,"Cease not to give thanks for you, making mention of you in my prayers;",0.7004445813493678,TRUE,,0.8
1536,8868034810707908435,"Proclamation 6073—Thanksgiving Day, 1989",George Bush,1989-11-17,every public and private good for the many blessings he has bestowed upon us in so doing we recall the timeless words of the 100th psalm serve the lord with gladness come before his presence with singing know ye that the lord he is god it is he that hath made us and not we ourselves we are his people,Psalms 100:2,Serve the LORD with gladness: come before his presence with singing.,0.9883148879360172,TRUE,,1.0
1540,8868034810707908435,"Proclamation 6073—Thanksgiving Day, 1989",George Bush,1989-11-17,for the many blessings he has bestowed upon us in so doing we recall the timeless words of the 100th psalm serve the lord with gladness come before his presence with singing know ye that the lord he is god it is he that hath made us and not we ourselves we are his people and the sheep of his pasture enter into his gates with thanksgiving and into his courts with praise be thankful unto him and bless his,Psalms 95:2,"Let us come before his presence with thanksgiving, and make a joyful noise unto him with psalms.",0.9501427098961428,TRUE,,0.95
1541,8868034810707908435,"Proclamation 6073—Thanksgiving Day, 1989",George Bush,1989-11-17,has bestowed upon us in so doing we recall the timeless words of the 100th psalm serve the lord with gladness come before his presence with singing know ye that the lord he is god it is he that hath made us and not we ourselves we are his people and the sheep of his pasture enter into his gates with thanksgiving and into his courts with praise be thankful unto him and bless his name for the lord is,Psalms 100:3,"Know ye that the LORD he is God: it is he that hath made us, and not we ourselves; we are his people, and the sheep of his pasture.",0.9949691639040608,TRUE,,0.99
1542,8868034810707908435,"Proclamation 6073—Thanksgiving Day, 1989",George Bush,1989-11-17,with singing know ye that the lord he is god it is he that hath made us and not we ourselves we are his people and the sheep of his pasture enter into his gates with thanksgiving and into his courts with praise be thankful unto him and bless his name for the lord is,Psalms 95:7,"For he is our God; and we are the people of his pasture, and the sheep of his hand. To day if ye will hear his voice,",0.8527343433737126,TRUE,,0.9
1543,8868034810707908435,"Proclamation 6073—Thanksgiving Day, 1989",George Bush,1989-11-17,the lord he is god it is he that hath made us and not we ourselves we are his people and the sheep of his pasture enter into his gates with thanksgiving and into his courts with praise be thankful unto him and bless his name for the lord is good his mercy is everlasting and his truth endureth to all generations now therefore i george bush president of the,Psalms 100:4,"Enter into his gates with thanksgiving, and into his courts with praise: be thankful unto him, and bless his name.",0.8239202516189988,TRUE,,1.0
1544,8868034810707908435,"Proclamation 6073—Thanksgiving Day, 1989",George Bush,1989-11-17,and the sheep of his pasture enter into his gates with thanksgiving and into his courts with praise be thankful unto him and bless his name for the lord is good his mercy is everlasting and his truth endureth to all generations now therefore i george bush president of the united states of america do hereby proclaim thursday november 23 1989 as a national day,Psalms 100:5,For the LORD is good; his mercy is everlasting; and his truth endureth to all generations.,0.9433335290915744,TRUE,,1.0
1546,8868034810707908435,"Proclamation 6073—Thanksgiving Day, 1989",George Bush,1989-11-17,pasture enter into his gates with thanksgiving and into his courts with praise be thankful unto him and bless his name for the lord is good his mercy is everlasting and his truth endureth to all generations now therefore i george bush president of the united states of america do hereby proclaim thursday november 23,1 Chronicles 16:34,O give thanks unto the LORD; for he is good; for his mercy endureth for ever.,0.7381185211266982,TRUE,,0.9
1547,8868034810707908435,"Proclamation 6073—Thanksgiving Day, 1989",George Bush,1989-11-17,pasture enter into his gates with thanksgiving and into his courts with praise be thankful unto him and bless his name for the lord is good his mercy is everlasting and his truth endureth to all generations now therefore i george bush president of the united states of america do,Psalms 145:9,The LORD is good to all: and his tender mercies are over all his works.,0.3162510172368963,TRUE,,0.8
1548,8868034810707908435,"Proclamation 6073—Thanksgiving Day, 1989",George Bush,1989-11-17,all generations now therefore i george bush president of the united states of america do hereby proclaim thursday november 23 1989 as a national day of thanksgiving and i call upon the american people to gather together in homes and places of worship on that day of thanks to affirm by their prayers and their,Psalms 116:17,"I will offer to thee the sacrifice of thanksgiving, and will call upon the name of the LORD.",0.639997917853214,TRUE,,0.9
1558,8961902723953690065,"Proclamation 7973—Martin Luther King, Jr., Federal Holiday, 2006",George W. Bush,2006-01-13,progress toward equality for every citizen yet more work remains in the words of dr king we will not be satisfied until justice rolls down like waters and righteousness like a mighty stream now therefore i george w bush president of the united states of america by virtue of the authority vested in me by the constitution and laws of,Amos 5:24,"But let judgment run down as waters, and righteousness as a mighty stream.",0.3067157312547215,TRUE,,0.95
1562,9057387564559269577,"Proclamation 7928—National Days of Prayer and Remembrance, 2005",George W. Bush,2005-09-09,continue to defend our freedom and lay the foundations of peace for our children and grandchildren during these days of prayer and remembrance we give thanks to the almighty for our freedom and we acknowledge our dependence on the giver of this gift four years after september 11 2001 we,Colossians 1:3,"We give thanks to God and the Father of our Lord Jesus Christ, praying always for you,",0.1514412550621124,TRUE,,0.8
1566,9130545423242766632,Proclamation 5429—National Day of Prayer,Ronald Reagan,1986-01-13,and joyful praise and most especially our love-all turned toward god the talmud aptly calls prayer the service of the heart and christ enjoins us to pray without ceasing accordingly like the presidents who have come before me i invite my fellow citizens to join me in earnest prayer that the god who has led,1 Thessalonians 5:17,Pray without ceasing.,0.9774254383955048,TRUE,,0.95
1568,9130545423242766632,Proclamation 5429—National Day of Prayer,Ronald Reagan,1986-01-13,wisdom and justice in prayer let us recall with confidence the promise of old that if we humble ourselves before god and pray and seek his face he will surely hear and forgive and heal and bless our land by joint resolution of the congress approved april 17 1952 the,1 Chronicles 16:11,"Seek the LORD and his strength, seek his face continually.",0.8827865294566548,TRUE,,0.85
1569,9130545423242766632,Proclamation 5429—National Day of Prayer,Ronald Reagan,1986-01-13,wisdom and justice in prayer let us recall with confidence the promise of old that if we humble ourselves before god and pray and seek his face he will surely hear and forgive and heal and bless our land by joint resolution of the congress approved april 17 1952 the,Psalms 105:4,"Seek the LORD, and his strength: seek his face evermore.",0.3363728588456199,TRUE,,0.9
1570,9130545423242766632,Proclamation 5429—National Day of Prayer,Ronald Reagan,1986-01-13,prayer that day i ask them to gather in their homes and places of worship with their ministers and teachers of religion and heads of families to give thanks for every good thing god has done for us and to seek his guidance and strength in the conduct of our lives in witness whereof i,1 Thessalonians 5:18,In every thing give thanks: for this is the will of God in Christ Jesus concerning you.,0.6364034717073156,TRUE,,0.8
1571,9130545423242766632,Proclamation 5429—National Day of Prayer,Ronald Reagan,1986-01-13,prayer that day i ask them to gather in their homes and places of worship with their ministers and teachers of religion and heads of families to give thanks for every good thing god has done for us and to seek his guidance and strength in the conduct of our lives in witness whereof i,Ephesians 1:16,"Cease not to give thanks for you, making mention of you in my prayers;",0.8596143991475312,TRUE,,0.9
1575,98094129498413866,"Proclamation 4690—National Day of Prayer, 1979",Jimmy Carter,1979-09-19,the full knowledge that we are finally in the hands of god in the words of the prophet zechariah not by might not by power but by my spirit saith the lord of hosts 4:6 recognizing this the congress by joint resolution approved april 17 1952 36 u.s.c 185 66 stat 64 has called upon,Zechariah 4:6,"Then he answered and spake unto me, saying, This is the word of the LORD unto Zerubbabel, saying, Not by might, nor by power, but by my spirit, saith the LORD of hosts.",0.8472003947757141,TRUE,,0.95
1580,98094129498413866,"Proclamation 4690—National Day of Prayer, 1979",Jimmy Carter,1979-09-19,to god to each other and to the towering ideals of truth justice fairness brotherhood and love which our nation has cherished and protected let us pray for the will and wisdom to create a world in which all people can live with each other in peace let us pray that careful stewardship of today's,Psalms 122:6,Pray for the peace of Jerusalem: they shall prosper that love thee.,0.7998936347407458,TRUE,,0.9
